case_id,dataset_type,scenario_id,group_id,label,cpu_usage_mean,cpu_usage_max,cpu_usage_std,cpu_usage_p95,cpu_usage_slope,mem_usage_mean,mem_usage_max,mem_usage_std,mem_usage_p95,mem_usage_slope,disk_io_mean,disk_io_max,disk_io_std,disk_io_p95,disk_io_slope,net_in_mean,net_in_max,net_in_std,net_in_p95,net_in_slope,net_out_mean,net_out_max,net_out_std,net_out_p95,net_out_slope,split
mali_1_1.csv,mali,scenario_1,mali_scenario_1,1,58.82155555555555,99.96,34.364953205104385,99.2775,1.2461288224883724,42.03811111111111,45.98,2.1440819488177123,45.1595,0.06288801086553893,14.54588888888889,33.91,8.541438304063446,31.238,-0.2669062847265095,0.6465555555555556,1.47,0.34298478726414633,1.2955,-0.00974828168086595,2.1211111111111114,3.2,0.6299874163973247,2.9355,0.018814997736346047,train
mali_1_10.csv,mali,scenario_1,mali_scenario_1,1,78.876,99.6,31.082672140852527,99.241,0.9666865868214181,46.809000000000005,49.3,2.988803093645393,49.041,0.0950020990245709,10.940333333333333,19.02,2.3975795144457432,16.065499999999997,-0.05113610733835452,0.9732222222222222,1.51,0.17773119317867114,1.2924999999999995,-0.000931226077293493,3.127444444444445,3.95,0.8618422404597603,3.8855,0.023654360620652754,train
mali_1_11.csv,mali,scenario_1,mali_scenario_1,1,76.0971111111111,99.51,33.83079593149269,99.185,1.072123142774828,45.13344444444445,49.43,5.159644435339137,49.211999999999996,0.1721334321109602,4.777222222222222,9.87,1.7046585395847687,8.517999999999999,-0.05175873564637607,0.9355555555555556,1.66,0.19130017068959357,1.3539999999999996,-0.004751203852327448,3.512,4.5,1.2311839556233135,4.4510000000000005,0.04016248919619707,train
mali_1_12.csv,mali,scenario_1,mali_scenario_1,1,72.97195652173913,99.98,34.57056453680925,99.889,1.0995155895997415,49.09315217391304,51.3,2.3567177442449934,51.039,0.07125680070280352,11.769673913043478,27.6,3.855954279939315,19.615000000000002,-0.07535463834902825,1.3809651998477945,2.51,0.45104372459070363,2.248,-0.013034169010295108,2.9866304347826085,3.95,0.9346060781213382,3.8845,0.026301419478137557,train
mali_1_13.csv,mali,scenario_1,mali_scenario_1,1,83.12022727272728,99.91,29.505462029985658,99.8665,0.8749961255327392,44.37897727272727,45.1,0.9471809835345653,45.0565,0.03010047198055724,5.4602272727272725,35.1,5.880799456417807,16.024999999999995,-0.1457389665739142,1.0238636363636362,5.62,0.6721306520127843,1.2554999999999994,-0.0027084287274136178,3.6777272727272727,5.1,1.1388012726362724,4.9559999999999995,0.04228470289880597,train
mali_1_14.csv,mali,scenario_1,mali_scenario_1,1,77.06433333333334,99.84,32.38033968112701,99.791,1.0414073342387948,50.70177777777778,54.68,3.865560580530049,54.463,0.13488480059266575,10.556222222222221,14.63,1.5657382060350011,13.1265,-0.0075303123842449665,1.081888888888889,1.34,0.14839133234662155,1.3055,0.0018613820636292537,3.4874444444444443,4.48,1.104787905936529,4.4055,0.03389068609293328,train
mali_1_15.csv,mali,scenario_1,mali_scenario_1,1,81.74636363636364,99.89,31.868971800740038,99.8565,0.9441173259131423,36.42227272727273,37.28,1.2624330889497615,37.24,0.038499700609348035,5.469318181818182,28.3,5.208268359051355,15.989999999999995,-0.144425169948223,0.9688636363636364,4.15,0.39021783429607215,1.2554999999999994,-0.0003659610439928139,3.680795454545455,5.05,1.0836615470177247,4.9094999999999995,0.04038929590363144,train
mali_1_16.csv,mali,scenario_1,mali_scenario_1,1,88.22727272727273,99.89,25.296169976203807,99.8565,0.6535576415061111,54.32352272727273,55.08,1.0712373764571999,55.04,0.03313999154661688,5.3545454545454545,35.9,6.0969166711102325,20.64499999999999,-0.14815258356521432,1.0170454545454546,6.72,0.6749817521431432,1.7019999999999993,-0.004022753689549505,4.641363636363637,6.05,1.1787780365073581,5.9094999999999995,0.04314113627558029,train
mali_1_17.csv,mali,scenario_1,mali_scenario_1,1,83.09056179775281,99.91,30.816518606081686,99.876,0.8791246169560778,51.967191011235954,52.6,0.7703953954774202,52.566,0.024858869594824647,7.139325842696629,52.1,8.097230418447916,18.999999999999996,-0.18030643513789582,1.1391011235955055,9.82,1.2558514319788265,1.2979999999999998,-0.00735410282601294,3.7596629213483146,5.1,1.074098405681166,4.976,0.03934729315628192,train
mali_1_18.csv,mali,scenario_1,mali_scenario_1,1,88.44244186046512,99.89,24.866243782475898,99.8575,0.6559200905703099,48.28999999999999,49.08,1.1221387142941108,49.03,0.035362611443936036,5.647674418604651,29.2,6.5268806484133,24.875,-0.16918816925326668,0.871279069767442,2.12,0.34997410496350567,1.815,-0.0021069861785933328,4.91,6.31,1.1740257538010976,6.172499999999999,0.043981319873578936,train
mali_1_19.csv,mali,scenario_1,mali_scenario_1,1,84.45792682926829,99.99,28.65374940401623,99.9695,0.8356153067554773,62.27987804878049,63.26,2.345433437477102,63.22,0.03156572087809231,16.569512195121952,39.2,7.5320826399417005,35.385,-0.21531872748446365,1.9891390145487629,3.12,0.3849259210482799,2.9450000000000003,-0.004174236284269954,5.229024390243902,6.52,1.0884473138160278,6.4095,0.03915673534245382,train
mali_1_2.csv,mali,scenario_1,mali_scenario_1,1,56.68977777777778,99.86,36.543986516414165,99.3705,1.3251892826274847,42.349,49.42,3.2240783196498084,47.983999999999995,0.06193036177305841,13.773333333333332,29.15,6.515350758448696,25.4075,-0.17587866814833106,0.6071111111111112,1.43,0.3149576195654696,1.3004999999999998,-0.006923159237765979,2.7172222222222224,4.49,1.1349662448851572,4.3785,0.031725151253241136,train
mali_1_20.csv,mali,scenario_1,mali_scenario_1,1,85.39585365853658,99.89,27.847193752325463,99.85,0.8386517343085077,50.62573170731708,51.36,0.9408835229047179,51.32,0.032729399984762896,12.089024390243901,32.2,6.681594510988698,29.085,-0.19774817426889127,1.5648780487804876,2.42,0.28125487717006475,2.245,-0.001722663009762628,4.683658536585366,5.97,1.019102137135371,5.8385,0.040636257768200165,train
mali_1_21.csv,mali,scenario_1,mali_scenario_1,1,84.52012345679013,99.99,28.740270897028218,99.97,0.8957640018066849,35.611111111111114,36.36,0.9754768064900352,36.32,0.034167570009033414,11.123456790123457,31.2,6.715900379043346,28.1,-0.20210704607046082,1.8676543209876544,2.72,0.2818744029037502,2.55,-0.001816847335140019,4.98358024691358,6.27,1.0254514964662829,6.14,0.04139182475158084,train
mali_1_22.csv,mali,scenario_1,mali_scenario_1,1,88.04060975609757,99.79,24.993064289649844,99.75,0.7015664827331004,57.84121951219512,58.66,1.0440133746883542,58.619499999999995,0.03654422568322068,10.858536585365853,34.2,6.764101889769859,30.725000000000005,-0.18594704019329356,1.657439024390244,2.82,0.33221222941348194,2.543,-0.002248451801787095,5.636707317073171,7.02,1.183763672274855,6.898000000000001,0.046384236131517945,train
mali_1_23.csv,mali,scenario_1,mali_scenario_1,1,86.03731707317074,99.89,27.233574369883073,99.85,0.8077421882652561,41.70378048780488,42.46,0.996929409494885,42.42,0.034222635800655196,9.771951219512195,28.2,5.945976425442001,25.085,-0.1780487804878049,1.7429268292682925,2.52,0.24030581239086715,2.249,-0.000392681838464971,4.87390243902439,6.17,1.0389224665964811,6.0385,0.04128274616079494,train
mali_1_24.csv,mali,scenario_1,mali_scenario_1,1,85.65769230769232,99.91,27.868512182785288,99.875,0.6936512183468705,37.651868131868135,43.05,1.0807660987444785,38.27,0.029176461219939484,6.107692307692307,28.2,7.1506523520465635,24.950000000000003,-0.16913999044433836,0.9439494416813027,1.52,0.1990835895267156,1.3,0.001391667308743152,3.7834065934065935,5.15,1.0560957656284142,4.995,0.03605191909539735,train
mali_1_3.csv,mali,scenario_1,mali_scenario_1,1,56.24088888888889,99.85,36.80273892605584,99.1275,1.3369520516936246,42.592999999999996,49.65,3.130033366659927,47.864,0.03696267028851297,14.94888888888889,29.87,6.966793217853148,27.951999999999998,-0.1895341811746305,0.6708888888888889,1.49,0.32847842760711976,1.3455000000000001,-0.007685887146561304,2.78,4.41,1.0886761365700446,4.305499999999999,0.03294118615466931,train
mali_1_4.csv,mali,scenario_1,mali_scenario_1,1,56.48888888888889,99.96,36.6193499977427,99.22649999999999,1.3254456105692058,42.54677777777778,48.97,3.628012991248673,47.795,0.08399744824463928,14.209,29.91,6.99235474153455,28.174,-0.19330477013623082,0.6871111111111111,1.47,0.3334371373951276,1.3909999999999998,-0.008674815820883237,2.6955555555555555,4.46,1.1028136753309141,4.3165,0.02922089146808249,train
mali_1_5.csv,mali,scenario_1,mali_scenario_1,1,58.82155555555555,99.96,34.364953205104385,99.2775,1.2461288224883724,42.03811111111111,45.98,2.1440819488177123,45.1595,0.06288801086553893,14.54588888888889,33.91,8.541438304063446,31.238,-0.2669062847265095,0.6465555555555556,1.47,0.34298478726414633,1.2955,-0.00974828168086595,2.1211111111111114,3.2,0.6299874163973247,2.9355,0.018814997736346047,train
mali_1_6.csv,mali,scenario_1,mali_scenario_1,1,56.68977777777778,99.86,36.543986516414165,99.3705,1.3251892826274847,42.349,49.42,3.2240783196498084,47.983999999999995,0.06193036177305841,13.773333333333332,29.15,6.515350758448696,25.4075,-0.17587866814833106,0.6071111111111112,1.43,0.3149576195654696,1.3004999999999998,-0.006923159237765979,2.7172222222222224,4.49,1.1349662448851572,4.3785,0.031725151253241136,train
mali_1_7.csv,mali,scenario_1,mali_scenario_1,1,56.24088888888889,99.85,36.80273892605584,99.1275,1.3369520516936246,42.592999999999996,49.65,3.130033366659927,47.864,0.03696267028851297,14.94888888888889,29.87,6.966793217853148,27.951999999999998,-0.1895341811746305,0.6708888888888889,1.49,0.32847842760711976,1.3455000000000001,-0.007685887146561304,2.78,4.41,1.0886761365700446,4.305499999999999,0.03294118615466931,train
mali_1_8.csv,mali,scenario_1,mali_scenario_1,1,56.48888888888889,99.96,36.6193499977427,99.22649999999999,1.3254456105692058,42.54677777777778,48.97,3.628012991248673,47.795,0.08399744824463928,14.209,29.91,6.99235474153455,28.174,-0.19330477013623082,0.6871111111111111,1.47,0.3334371373951276,1.3909999999999998,-0.008674815820883237,2.6955555555555555,4.46,1.1028136753309141,4.3165,0.02922089146808249,train
mali_1_9.csv,mali,scenario_1,mali_scenario_1,1,67.54397435897437,99.9,35.84949333409082,99.82449999999999,1.4269326875655985,46.8901282051282,48.2,1.3602258154675102,48.1815,0.05494442266594165,11.038076923076924,23.41,6.033306271476239,21.63299999999999,-0.2125738818143881,1.152820512820513,1.48,0.19348410073206854,1.4314999999999998,0.0023093362333868666,2.967307692307692,4.67,1.1395233374369467,4.438999999999999,0.04794787490990025,train
mali_10_1.csv,mali,scenario_10,mali_scenario_10,1,21.37966666666667,92.45,7.805692168201301,23.54,-0.006217969296620976,55.38622222222222,55.65,0.0725239639244905,55.4755,0.000639914392723377,143.08599999999998,3845.12,394.906384411532,118.7325,-0.7428276741984605,1.0373333333333332,1.18,0.08633355747371593,1.15,-0.00019162859612297808,1.705888888888889,1.85,0.0895418356110386,1.82,-0.0001472609787216531,val
mali_10_2.csv,mali,scenario_10,mali_scenario_10,1,16.385607579901666,62.07725941553049,7.643663739108168,18.61658952442427,0.006844693539417784,39.6909718949869,41.967612800717546,0.8613752043403897,41.09225268192259,0.0027416462840325457,43.29136186159226,443.98671725022353,69.92829708935012,40.08009907492957,0.03843077188669467,0.9865379672940567,1.459609519012425,0.20501998896308748,1.3096629651749536,-0.0008958079135569911,0.8090012028507696,1.2585801773872891,0.17267605775919778,1.07452316887901,0.00018426338265478237,val
mali_10_3.csv,mali,scenario_10,mali_scenario_10,1,11.341395977396301,85.5,8.877500277549574,13.616589524424269,0.035778150722282256,34.55147670440606,37.95141920107632,1.3236545282182612,36.63837902288388,0.004124173751008462,34.36812014674321,510.8,57.07170956190846,35.080099074929564,0.22047391988647663,0.9883554759135904,1.459609519012425,0.20491036097887316,1.3096629651749536,-0.0008897048359791624,1.01167302173968,1.6114402365163856,0.2329594132931172,1.36603089183868,0.0002444150753447344,val
mali_10_4.csv,mali,scenario_10,mali_scenario_10,1,17.378444444444444,90.33,13.420354732590507,19.8455,0.05440671687862699,39.95,43.92,2.034624444268152,43.503,-0.011535086636210239,37.044,255.26,39.94898465332329,40.833999999999996,0.20285269786393367,1.4945555555555554,2.29,0.2680145942324745,1.8855,-0.0019850187265917593,1.0032222222222222,1.47,0.20946066525040227,1.3055,0.0012705272255834064,val
mali_10_5.csv,mali,scenario_10,mali_scenario_10,1,16.243352070802807,93.54776749310425,9.37903486265281,17.964000000000002,-0.002497020009626291,39.96233333333333,42.94,1.5262630061837146,42.6275,-0.008630118944725693,34.61778227731138,270.8794838755685,29.771236025888463,40.833999999999996,0.02853742603337752,0.997,1.53,0.1790326691674273,1.26,-0.001303123842449685,0.8032222222222223,1.27,0.20946066525040224,1.1055000000000001,0.0012705272255834055,val
mali_10_6.csv,mali,scenario_10,mali_scenario_10,1,16.385607579901666,62.07725941553049,7.643663739108168,18.61658952442427,0.006844693539417784,39.6909718949869,41.967612800717546,0.8613752043403897,41.09225268192259,0.0027416462840325457,43.29136186159226,443.98671725022353,69.92829708935012,40.08009907492957,0.03843077188669467,0.9865379672940567,1.459609519012425,0.20501998896308748,1.3096629651749536,-0.0008958079135569911,0.8090012028507696,1.2585801773872891,0.17267605775919778,1.07452316887901,0.00018426338265478237,val
mali_10_7.csv,mali,scenario_10,mali_scenario_10,1,11.341395977396301,85.5,8.877500277549574,13.616589524424269,0.035778150722282256,34.55147670440606,37.95141920107632,1.3236545282182612,36.63837902288388,0.004124173751008462,34.36812014674321,510.8,57.07170956190846,35.080099074929564,0.22047391988647663,0.9883554759135904,1.459609519012425,0.20491036097887316,1.3096629651749536,-0.0008897048359791624,1.01167302173968,1.6114402365163856,0.2329594132931172,1.36603089183868,0.0002444150753447344,val
mali_10_8.csv,mali,scenario_10,mali_scenario_10,1,17.378444444444444,90.33,13.420354732590507,19.8455,0.05440671687862699,39.95,43.92,2.034624444268152,43.503,-0.011535086636210239,37.044,255.26,39.94898465332329,40.833999999999996,0.20285269786393367,1.4945555555555554,2.29,0.2680145942324745,1.8855,-0.0019850187265917593,1.0032222222222222,1.47,0.20946066525040227,1.3055,0.0012705272255834064,val
mali_10_9.csv,mali,scenario_10,mali_scenario_10,1,16.243352070802807,93.54776749310425,9.37903486265281,17.964000000000002,-0.002497020009626291,39.96233333333333,42.94,1.5262630061837146,42.6275,-0.008630118944725693,34.61778227731138,270.8794838755685,29.771236025888463,40.833999999999996,0.02853742603337752,0.997,1.53,0.1790326691674273,1.26,-0.001303123842449685,0.8032222222222223,1.27,0.20946066525040224,1.1055000000000001,0.0012705272255834055,val
mali_11_1.csv,mali,scenario_11,mali_scenario_11,1,14.735955056179776,45.9,4.9167905087615855,21.719999999999942,0.023890023833844046,28.67865168539326,30.9,1.3551645245732717,30.66,0.052034388832141634,12.950561797752808,121.6,14.123667464059832,13.039999999999996,0.0029128362274429644,1.0193991929985435,1.0193991929985435,0.0,1.0193991929985435,0.0,21.797752808988765,110.2,14.70108976733675,25.919999999999998,0.2081528770854614,val
mali_11_10.csv,mali,scenario_11,mali_scenario_11,1,9.664111111111112,42.1,7.380912506304209,17.871,-0.1331477137095115,44.61293900901449,48.57734774120541,1.4453108883368095,46.71381315662775,0.005780416137455495,0.27466666666666667,15.7,1.6460017611633377,0.24,0.0068721241305510945,0.6232222222222222,2.1,0.6191001584898821,1.7139999999999997,-0.01880997654031361,0.9295555555555555,2.1,0.28260788378958046,1.54,-0.006104786599168621,val
mali_11_11.csv,mali,scenario_11,mali_scenario_11,1,12.31214010511747,50.41042818514925,8.739521043434461,33.4711133704212,0.03375738966131618,39.85508374596244,44.79456228927814,2.946527745930003,44.098160791068985,0.006977118903910799,10.330883936476603,55.92965053086429,9.83037952230504,32.571606004354976,0.06927874575743032,4.68307894426872,70.9675411535174,12.011792558429471,3.467325186625645,0.12667108119869314,2.139845089108011,16.21144185556838,2.166723768212734,2.4936342673721787,0.020787182867287146,val
mali_11_12.csv,mali,scenario_11,mali_scenario_11,1,8.876416391475628,45.2,7.238148667445858,18.52184623301558,0.028114099240655933,37.74647856633222,48.5,1.856576676568459,39.90351628468701,-0.004756255442990904,0.5828716156175415,15.7,2.0531805540384767,0.47265156030872985,0.012630669333878805,1.5827127006303146,2.23385130646258,0.3833963926585111,2.161572909970958,0.009636293354814316,2.3135243278127735,3.631438697355424,0.9849554949965366,3.4725344928558375,0.02942706234937998,val
mali_11_13.csv,mali,scenario_11,mali_scenario_11,1,14.236048195441557,58.1,9.703412133691916,37.074999999999996,0.04493894593973484,47.510046336653005,55.1,1.7304138451176863,49.84367288591241,0.0009976464055611526,3.680734776032776,95.2,15.878713321229815,0.9871862320644501,0.09389985046784552,3.4176360579956557,25.4,2.4052667566664816,3.933263567401731,0.02742990661097747,4.588142289321115,6.864956988780053,1.8818440516000692,6.713997911551741,0.057964708191708486,val
mali_11_2.csv,mali,scenario_11,mali_scenario_11,1,9.951254003792235,57.16421701829745,8.556192621639795,18.94071531343054,0.10122896912217635,36.78580942367606,44.1773924184544,1.6695224100959014,38.704021594297714,0.01084261992416824,5.506338211416442,39.97251841726724,7.663834348808277,26.132353543244623,0.09583955133082313,1.6431799275877883,18.83128440346989,3.0559135965322413,1.3598282984185013,0.025082626865383102,1.4251667289232501,1.8864889842746333,0.24063364870637605,1.8171119533425069,0.005236840161776427,val
mali_11_3.csv,mali,scenario_11,mali_scenario_11,1,8.792927204553148,41.38188449554941,5.539146922487664,9.952910506863477,0.004371961784258713,26.648960335366443,36.73688763146368,1.3523183207397471,27.796337992630953,0.003988003065408352,2.616327156208656,26.71488803367397,3.546472657349662,2.917787026464132,-0.004329072018819874,0.8458540330533432,1.1944598396014063,0.33488821144733966,1.176560558077081,0.008064064011055359,1.4167025108479285,1.977376573209408,0.6162856667918759,1.9595169333656248,0.01656367088331103,val
mali_11_4.csv,mali,scenario_11,mali_scenario_11,1,9.664111111111112,42.1,7.380912506304209,17.871,-0.1331477137095115,44.61293900901449,48.57734774120541,1.4453108883368095,46.71381315662775,0.005780416137455495,0.27466666666666667,15.7,1.6460017611633377,0.24,0.0068721241305510945,0.6232222222222222,2.1,0.6191001584898821,1.7139999999999997,-0.01880997654031361,0.9295555555555555,2.1,0.28260788378958046,1.54,-0.006104786599168621,val
mali_11_5.csv,mali,scenario_11,mali_scenario_11,1,12.31214010511747,50.41042818514925,8.739521043434461,33.4711133704212,0.03375738966131618,39.85508374596244,44.79456228927814,2.946527745930003,44.098160791068985,0.006977118903910799,10.330883936476603,55.92965053086429,9.83037952230504,32.571606004354976,0.06927874575743032,4.68307894426872,70.9675411535174,12.011792558429471,3.467325186625645,0.12667108119869314,2.139845089108011,16.21144185556838,2.166723768212734,2.4936342673721787,0.020787182867287146,val
mali_11_6.csv,mali,scenario_11,mali_scenario_11,1,8.876416391475628,45.2,7.238148667445858,18.52184623301558,0.028114099240655933,37.74647856633222,48.5,1.856576676568459,39.90351628468701,-0.004756255442990904,0.5828716156175415,15.7,2.0531805540384767,0.47265156030872985,0.012630669333878805,1.5827127006303146,2.23385130646258,0.3833963926585111,2.161572909970958,0.009636293354814316,2.3135243278127735,3.631438697355424,0.9849554949965366,3.4725344928558375,0.02942706234937998,val
mali_11_7.csv,mali,scenario_11,mali_scenario_11,1,14.236048195441557,58.1,9.703412133691916,37.074999999999996,0.04493894593973484,47.510046336653005,55.1,1.7304138451176863,49.84367288591241,0.0009976464055611526,3.680734776032776,95.2,15.878713321229815,0.9871862320644501,0.09389985046784552,3.4176360579956557,25.4,2.4052667566664816,3.933263567401731,0.02742990661097747,4.588142289321115,6.864956988780053,1.8818440516000692,6.713997911551741,0.057964708191708486,val
mali_11_8.csv,mali,scenario_11,mali_scenario_11,1,9.951254003792235,57.16421701829745,8.556192621639795,18.94071531343054,0.10122896912217635,36.78580942367606,44.1773924184544,1.6695224100959014,38.704021594297714,0.01084261992416824,5.506338211416442,39.97251841726724,7.663834348808277,26.132353543244623,0.09583955133082313,1.6431799275877883,18.83128440346989,3.0559135965322413,1.3598282984185013,0.025082626865383102,1.4251667289232501,1.8864889842746333,0.24063364870637605,1.8171119533425069,0.005236840161776427,val
mali_11_9.csv,mali,scenario_11,mali_scenario_11,1,8.792927204553148,41.38188449554941,5.539146922487664,9.952910506863477,0.004371961784258713,26.648960335366443,36.73688763146368,1.3523183207397471,27.796337992630953,0.003988003065408352,2.616327156208656,26.71488803367397,3.546472657349662,2.917787026464132,-0.004329072018819874,0.8458540330533432,1.1944598396014063,0.33488821144733966,1.176560558077081,0.008064064011055359,1.4167025108479285,1.977376573209408,0.6162856667918759,1.9595169333656248,0.01656367088331103,val
mali_12_1.csv,mali,scenario_12,mali_scenario_12,1,87.02922222222222,100.0,30.182840546131633,100.0,0.732196155904021,87.51466666666667,99.99,21.906860307659944,99.99,0.6086814009960078,86.60755555555556,99.99,25.831646791871886,99.99,0.7100247767214058,40.782333333333334,68.08,19.591192302733816,65.0565,0.707351113306169,1.09,1.09,0.0,1.09,0.0,train
mali_12_2.csv,mali,scenario_12,mali_scenario_12,1,73.76988888888889,100.0,36.12607494592723,100.0,1.1454251142116314,71.67122222222223,90.76,19.83919108693118,90.473,0.6703913240317736,60.95333333333333,85.59,23.478736782435224,84.798,0.7872301930279455,7.342,11.92,4.696342157777833,11.8865,0.15533687286496278,6.359222222222223,10.42,3.9280009576241373,10.314,0.12945112565337283,train
mali_12_3.csv,mali,scenario_12,mali_scenario_12,1,74.90033333333334,100.0,37.335336801011245,99.9365,1.154303411943861,74.86066666666667,94.86,22.73643548199599,94.1255,0.7323118080421451,63.851444444444446,89.95,27.161612351452685,88.457,0.8566618924147014,15.748,24.72,8.810171496500669,24.592,0.26075070996419303,1.4545555555555556,2.96,0.5971959968692474,2.65,-0.007267152323332097,train
mali_12_4.csv,mali,scenario_12,mali_scenario_12,1,71.21410182126257,99.9954125330418,39.67150213383309,99.9327596363135,1.241926182255602,73.29782682093925,94.592053989789,24.757791238780396,94.03626029309956,0.7612657015313301,192.64871942221944,349.5132622575773,122.18834835516999,340.163702593649,3.621792274507975,10.328376880803258,19.59609519012425,6.897732059139766,17.84539314075081,0.2102170671698687,1.5992402024332035,3.528600591290964,0.7301206542114167,2.7643731567831002,0.01802553688937447,train
mali_12_5.csv,mali,scenario_12,mali_scenario_12,1,68.68644444444445,100.95,35.832202932435806,100.82,1.234961847141622,73.1831111111111,96.92,23.379783721015237,96.735,0.8061785405605629,64.72155555555555,94.82,28.11275906545212,93.64649999999999,0.981199983537062,9.037333333333333,15.5,6.446127101348651,15.4,0.22339679795859568,9.030111111111111,17.19,6.532741822378464,16.750500000000002,0.21752932460797628,train
mali_12_6.csv,mali,scenario_12,mali_scenario_12,1,73.76988888888889,100.0,36.12607494592723,100.0,1.1454251142116314,71.67122222222223,90.76,19.83919108693118,90.473,0.6703913240317736,60.95333333333333,85.59,23.478736782435224,84.798,0.7872301930279455,7.342,11.92,4.696342157777833,11.8865,0.15533687286496278,6.359222222222223,10.42,3.9280009576241373,10.314,0.12945112565337283,train
mali_12_7.csv,mali,scenario_12,mali_scenario_12,1,74.90033333333334,100.0,37.335336801011245,99.9365,1.154303411943861,74.86066666666667,94.86,22.73643548199599,94.1255,0.7323118080421451,63.851444444444446,89.95,27.161612351452685,88.457,0.8566618924147014,15.748,24.72,8.810171496500669,24.592,0.26075070996419303,1.4545555555555556,2.96,0.5971959968692474,2.65,-0.007267152323332097,train
mali_12_8.csv,mali,scenario_12,mali_scenario_12,1,71.21410182126257,99.9954125330418,39.67150213383309,99.9327596363135,1.241926182255602,73.29782682093925,94.592053989789,24.757791238780396,94.03626029309956,0.7612657015313301,192.64871942221944,349.5132622575773,122.18834835516999,340.163702593649,3.621792274507975,10.328376880803258,19.59609519012425,6.897732059139766,17.84539314075081,0.2102170671698687,1.5992402024332035,3.528600591290964,0.7301206542114167,2.7643731567831002,0.01802553688937447,train
mali_12_9.csv,mali,scenario_12,mali_scenario_12,1,68.68644444444445,100.95,35.832202932435806,100.82,1.234961847141622,73.1831111111111,96.92,23.379783721015237,96.735,0.8061785405605629,64.72155555555555,94.82,28.11275906545212,93.64649999999999,0.981199983537062,9.037333333333333,15.5,6.446127101348651,15.4,0.22339679795859568,9.030111111111111,17.19,6.532741822378464,16.750500000000002,0.21752932460797628,train
mali_2_1.csv,mali,scenario_2,mali_scenario_2,1,60.82755555555555,99.85,41.0538779816029,99.38,0.6833528419146399,45.52788888888889,54.76,5.299676160223935,53.3025,0.10996806190064612,11.909444444444443,30.8,10.120501537635544,28.209999999999997,-0.16898835247149843,0.6337777777777778,1.47,0.4095340673370325,1.361,-0.006240770465489566,501.41200000000003,999.84,452.22226059784435,988.6714999999999,7.472039675680125,train
mali_2_10.csv,mali,scenario_2,mali_scenario_2,1,44.238470588235295,99.89,35.902228525667375,99.804,0.12185069376587852,50.50552941176471,58.38,4.894635670541671,58.288,-0.03184541723666211,23.556588235294118,35.92,13.353228301741545,35.706,-0.14951104162595263,1.8683529411764705,2.99,1.237948424822702,2.98,-0.018717998827437958,415.50741176470586,1690.84,654.4558293876003,1619.4279999999999,1.1828514754739112,train
mali_2_11.csv,mali,scenario_2,mali_scenario_2,1,44.697647058823534,99.47,40.61730066665409,97.09799999999998,-0.047055305843267475,41.32047058823529,56.25,5.771821101136922,53.17999999999998,0.06829411764705882,14.173764705882352,28.43,6.448980535245674,22.457999999999995,0.031360953683799105,0.7361176470588235,1.21,0.32035729353053166,1.03,0.0009061950361539972,388.13376470588236,1178.63,468.59267208153756,1035.662,-0.7167097908931014,train
mali_2_12.csv,mali,scenario_2,mali_scenario_2,1,44.68329411764706,99.61,41.10125659613721,99.354,-0.06717295290209106,42.54976470588235,56.25,8.69712253680308,54.58,0.052091655266757804,13.137529411764707,28.43,4.823596244327598,22.457999999999995,0.048752980261872185,0.6596470588235294,1.21,0.31059638124874855,1.0179999999999998,0.0022610904827047094,472.516,1580.99,626.6788029027463,1538.226,-2.1196529216337683,train
mali_2_13.csv,mali,scenario_2,mali_scenario_2,1,50.05800000000001,99.47,38.81317798426322,98.734,-0.031004690248192357,49.90705882352942,62.58,8.502617219411439,62.129999999999995,-0.011898182528825497,14.750705882352941,28.43,8.593383084043888,22.785999999999998,0.008800664451827261,1.0807058823529412,1.94,0.6873357608762051,1.838,-0.004132890365448508,432.5125882352941,1199.15,543.3201108093532,1173.694,-0.1835026382646081,train
mali_2_14.csv,mali,scenario_2,mali_scenario_2,1,69.74035294117647,99.65,39.69841508912208,99.526,0.44906175493453176,50.79764705882353,56.34,6.686386070477339,56.246,0.08830310728942734,9.903647058823529,29.31,9.049044259854556,25.594,-0.09074985342974391,0.5336470588235294,1.24,0.35985396197566005,1.166,-0.0035524721516513556,686.5908235294118,1180.99,513.0885595011649,1167.7179999999998,6.098525894078562,train
mali_2_15.csv,mali,scenario_2,mali_scenario_2,1,75.00444444444445,99.6,39.16169574639016,99.6,1.1628887516977402,54.255333333333326,57.0,3.519926327114626,56.8,0.10741869366588463,10.166222222222222,34.01,11.496133554010035,31.724999999999998,-0.3380763057167549,1.3359999999999999,8.45,0.8324335516889789,1.9665,-0.011925093632958794,937.2473333333332,1305.43,582.9035378304724,1304.116,17.30685500267522,train
mali_2_16.csv,mali,scenario_2,mali_scenario_2,1,75.70511111111111,99.9,38.651604971093356,99.9,1.1468745935712232,57.05844444444445,59.6,3.2077773855593357,59.455,0.09819204016956828,10.152444444444445,35.22,11.956102979312913,32.5575,-0.35252681400996017,1.3804444444444446,9.8,1.0302469553528093,2.3265,-0.017019714368028974,1067.2145555555555,1485.39,663.6974100525588,1484.522,19.712090957731398,train
mali_2_17.csv,mali,scenario_2,mali_scenario_2,1,68.2374647887324,99.4,41.64478121028268,99.25,1.6726364855801479,47.343380281690145,50.8,3.9885955077882382,50.650000000000006,0.16248792756539235,15.975070422535211,42.87,15.7133324530694,41.315,-0.5977511737089202,1.2190056224365993,7.2,0.8129968413214969,1.835,-0.01590915587676227,761.4377464788732,1208.73,581.1078805429631,1207.8600000000001,21.683087189805512,train
mali_2_18.csv,mali,scenario_2,mali_scenario_2,1,76.39511111111112,98.4,34.70224165425358,98.355,1.0312107667613284,64.42211111111111,66.6,2.6246114723467207,66.455,0.08080462608552497,16.381777777777778,51.02,17.957520009563755,48.9535,-0.5303919002345966,1.79,11.2,1.1771246628586594,2.9964999999999997,-0.020067333415648023,952.1116666666667,1325.33,591.1344038129977,1324.5684999999999,17.552468452895422,train
mali_2_19.csv,mali,scenario_2,mali_scenario_2,1,74.58399999999999,97.8,36.56253432688295,97.755,1.0867412437749515,50.506,52.5,2.3290895168559094,52.355,0.07183701691566863,12.439666666666666,42.01,13.97508798388416,38.6975,-0.40959632876486796,1.3787777777777779,8.1,0.8088969153886936,2.0965,-0.012111042515536902,919.9434444444445,1281.21,571.7028445196181,1280.109,16.978637609581433,train
mali_2_2.csv,mali,scenario_2,mali_scenario_2,1,60.083444444444446,99.99,42.58725470470473,99.5125,0.6477412849322967,50.70022222222223,59.96,5.26231951630034,58.382,0.08037881219903695,14.39022222222222,36.87,11.91477479338274,33.359500000000004,-0.13913635428242158,0.8724444444444444,1.94,0.5633094647337967,1.821,-0.009710993126723461,585.6223333333334,1191.36,528.4118831477939,1174.3464999999999,7.56892101905585,train
mali_2_20.csv,mali,scenario_2,mali_scenario_2,1,76.92877777777778,100.0,36.78018002008164,100.0,1.0932976910729721,60.98355555555556,63.6,3.330049873470401,63.455,0.10202625838580891,10.160333333333332,30.12,9.531220190227836,27.057,-0.2780414866032844,1.6977777777777778,10.2,1.027254197371555,2.65,-0.01564291887887393,1170.8704444444445,1628.99,727.5842181746928,1627.4885000000002,21.607366506153017,train
mali_2_21.csv,mali,scenario_2,mali_scenario_2,1,74.41222222222223,99.7,40.27943367313789,99.7,1.1963965921718729,46.977555555555554,50.0,3.9672276316274853,49.8,0.12079483063752729,10.166222222222222,34.01,11.496133554010035,31.724999999999998,-0.3380763057167549,0.9926666666666667,7.95,0.7536127220472464,1.06,1.135942708976465e-05,1033.071777777778,1438.43,643.2808415023682,1437.116,19.09792221261884,train
mali_2_22.csv,mali,scenario_2,mali_scenario_2,1,77.18488888888889,98.2,32.89979840942454,98.155,0.9789289212660003,67.263,69.6,2.880989783881819,69.455,0.0885175124500967,19.665666666666667,62.11,21.712336215446378,57.538,-0.6390804626085524,2.2384444444444447,12.1,1.3516040500512185,3.8755,-0.026998230234185284,809.6668888888889,1127.99,501.69155571262934,1126.9855,14.901187800963083,train
mali_2_23.csv,mali,scenario_2,mali_scenario_2,1,70.12162790697674,99.56,39.88331961109926,99.56,1.3198939572621342,48.04616279069768,54.76,5.826839758667417,54.6425,0.16676984763432245,9.931744186046512,28.43,9.036948755214759,25.15,-0.2896154535591302,0.5852325581395349,1.19,0.30872308835012297,1.1175000000000002,-0.009715835652625123,592.3496511627907,988.12,436.92616328821424,984.7925,14.352065946506908,train
mali_2_24.csv,mali,scenario_2,mali_scenario_2,1,66.78569620253164,99.63,40.589950685169256,99.54100000000001,0.827251947419669,50.88936708860759,57.88,7.118789572596092,57.413999999999994,0.1509184518013632,17.012911392405062,28.01,5.591529342629252,26.519,-0.11252945472249269,1.2579746835443038,1.49,0.1829276145675466,1.48,0.002855404089581305,602.2306329113924,995.39,485.32716868357454,994.645,9.826600048685489,train
mali_2_3.csv,mali,scenario_2,mali_scenario_2,1,62.057,99.96,42.09752234429111,99.332,0.8072133185166891,51.12866666666667,59.99,6.124617520733917,59.4105,0.12086084701815039,13.970666666666666,34.39,11.771789912872594,32.544999999999995,-0.19728526155492446,0.838,1.96,0.5479731806772784,1.8255000000000001,-0.011183932172696214,613.0531111111111,1194.47,528.841669835365,1176.3395,10.371402230728071,train
mali_2_4.csv,mali,scenario_2,mali_scenario_2,1,64.42511111111111,99.85,41.254508755821405,99.6375,0.6195691649174795,51.24355555555556,59.91,5.751570828153028,59.067,0.08971379182615132,13.962,37.9,12.729970846502715,33.882,-0.17129620940856896,0.8386666666666667,1.99,0.569480741207937,1.881,-0.009182862081738486,622.6841111111111,1192.84,512.5538131285064,1128.6865,7.524556364983331,train
mali_2_5.csv,mali,scenario_2,mali_scenario_2,1,60.82755555555555,99.85,41.0538779816029,99.38,0.6833528419146399,45.52788888888889,54.76,5.299676160223935,53.3025,0.10996806190064612,11.909444444444443,30.8,10.120501537635544,28.209999999999997,-0.16898835247149843,0.6337777777777778,1.47,0.4095340673370325,1.361,-0.006240770465489566,501.41200000000003,999.84,452.22226059784435,988.6714999999999,7.472039675680125,train
mali_2_6.csv,mali,scenario_2,mali_scenario_2,1,60.083444444444446,99.99,42.58725470470473,99.5125,0.6477412849322967,50.70022222222223,59.96,5.26231951630034,58.382,0.08037881219903695,14.39022222222222,36.87,11.91477479338274,33.359500000000004,-0.13913635428242158,0.8724444444444444,1.94,0.5633094647337967,1.821,-0.009710993126723461,585.6223333333334,1191.36,528.4118831477939,1174.3464999999999,7.56892101905585,train
mali_2_7.csv,mali,scenario_2,mali_scenario_2,1,62.057,99.96,42.09752234429111,99.332,0.8072133185166891,51.12866666666667,59.99,6.124617520733917,59.4105,0.12086084701815039,13.970666666666666,34.39,11.771789912872594,32.544999999999995,-0.19728526155492446,0.838,1.96,0.5479731806772784,1.8255000000000001,-0.011183932172696214,613.0531111111111,1194.47,528.841669835365,1176.3395,10.371402230728071,train
mali_2_8.csv,mali,scenario_2,mali_scenario_2,1,64.42511111111111,99.85,41.254508755821405,99.6375,0.6195691649174795,51.24355555555556,59.91,5.751570828153028,59.067,0.08971379182615132,13.962,37.9,12.729970846502715,33.882,-0.17129620940856896,0.8386666666666667,1.99,0.569480741207937,1.881,-0.009182862081738486,622.6841111111111,1192.84,512.5538131285064,1128.6865,7.524556364983331,train
mali_2_9.csv,mali,scenario_2,mali_scenario_2,1,51.95211764705883,99.95,40.94773745404065,99.658,-0.001045729919875025,47.18588235294118,56.34,7.3776006381797705,56.187999999999995,0.0057547391049442695,17.26835294117647,29.99,12.052190558355026,29.294,-0.005758647645104592,1.2395294117647058,2.24,0.8529289953732718,2.166,-0.0012053937854211438,518.9437647058824,1299.15,605.8973661044624,1264.34,-0.38404201680672245,train
mali_3_1.csv,mali,scenario_3,mali_scenario_3,1,55.39033333333334,100.02,40.45016494042844,99.35350000000001,0.4416183891015353,62.559555555555555,93.36,22.345666493443524,90.8455,0.25321957443305776,1251.512,3239.46,1245.0760582283651,2837.4505,13.574594065110913,0.5295555555555556,1.22,0.2796543255927245,0.9854999999999999,-0.002221179569494177,0.7751111111111112,1.84,0.4498994755247034,1.591,-0.004589208544264726,train
mali_3_10.csv,mali,scenario_3,mali_scenario_3,1,73.76367346938775,99.99,32.725264112371796,99.99,-0.9674857142857144,82.88428571428571,99.99,20.178246124642925,99.916,-0.8077795918367349,3351.76693877551,5821.87,2649.9890001007593,5801.496,-75.88260918367347,1.4446938775510205,5.54,1.3201201050801152,5.092,-0.05900204081632655,1.599795918367347,4.88,1.0664084774683318,4.528,-0.04718265306122449,train
mali_3_11.csv,mali,scenario_3,mali_scenario_3,1,66.9256,99.99,39.96337604786234,99.99,-0.992465786314526,75.96520000000001,98.87,25.351711952820374,98.65,-0.7935932773109243,3047.5742,5432.11,2488.194624962076,5408.03,-58.53961152460984,0.5708,1.87,0.46051364401777567,1.7584999999999997,-0.020682833133253305,0.8066,2.32,0.5448744847041679,2.2184999999999997,-0.024913805522208878,train
mali_3_12.csv,mali,scenario_3,mali_scenario_3,1,71.67571428571429,99.99,35.01044689327268,99.99,-1.0264836734693878,80.8134693877551,99.43,20.998093718143036,99.32,-0.7744357142857144,3235.4179591836732,5632.11,2564.0701690915,5608.58,-72.41789693877551,1.0640816326530613,3.54,0.8277729116111971,3.3739999999999997,-0.0381061224489796,1.2206122448979593,2.87,0.5741929414522662,2.6919999999999997,-0.028255102040816337,train
mali_3_13.csv,mali,scenario_3,mali_scenario_3,1,73.19632653061224,99.99,33.46559002006622,99.99,-1.0098112244897959,82.62428571428572,99.65,19.70997790883255,99.60600000000001,-0.7749102040816328,3350.132244897959,5832.11,2651.888185960041,5808.536,-75.55269285714287,1.26265306122449,4.54,1.0939774059028142,4.374,-0.04795918367346939,1.4185714285714286,3.87,0.8297439364044789,3.6919999999999997,-0.0380530612244898,train
mali_3_14.csv,mali,scenario_3,mali_scenario_3,1,65.65818181818182,99.76,39.646925404363174,99.578,-0.14451417004048575,73.40168831168832,96.32,25.460263435741613,95.994,-0.22113938692886057,2157.568181818182,4054.98,1809.3876064487495,3999.586,-3.7781939113517975,0.555064935064935,1.42,0.2803035167767789,1.1420000000000003,-0.009803617435196381,0.8054545454545455,1.88,0.36636028231691575,1.5820000000000003,-0.013026447236973555,train
mali_3_15.csv,mali,scenario_3,mali_scenario_3,1,79.47408163265307,99.76,34.35587691831676,99.60600000000001,1.4967040816326524,83.32265306122449,96.32,19.679046044747512,96.002,0.837519387755102,2843.9055102040816,4054.54,1614.2955893645753,4013.4959999999996,70.227343877551,0.598967330469358,1.32,0.3027424451705406,1.2339999999999998,-0.013415757078370916,0.8857142857142857,1.92,0.4623310502226732,1.85,-0.022235714285714286,train
mali_3_16.csv,mali,scenario_3,mali_scenario_3,1,83.61363636363636,99.98,31.098314475442724,99.94550000000001,1.2987751937984495,86.86863636363637,97.21,16.776264322216655,97.1095,0.6461775898520085,3251.879545454545,4354.54,1648.1131877024889,4321.851,69.68003805496826,0.8736227089317851,2.54,0.6473783025077918,2.3035,-0.032014505616706324,1.02,1.88,0.3173216400685807,1.7495,-0.014806201550387595,train
mali_3_17.csv,mali,scenario_3,mali_scenario_3,1,73.53488372093024,99.98,39.40374355989258,99.919,0.13601328903654486,78.51511627906977,97.21,25.726678886591177,97.047,-0.06390063424947158,2816.3016279069766,4343.54,1863.1276827445806,4310.880999999999,9.89423135004531,0.5311488184418266,1.05,0.24339145519510919,1.007,-0.011099760940354968,0.8244186046511629,1.48,0.2959110413748201,1.334,-0.015365448504983387,train
mali_3_18.csv,mali,scenario_3,mali_scenario_3,1,74.37068181818182,99.99,36.98333153127528,99.99,-0.5523502466525726,80.80636363636364,98.43,24.365347590656913,98.21,-0.6771275546159268,3021.6436363636367,4732.98,2065.351203989052,4710.89,-20.62775757575758,1.1458954362045122,3.54,0.8944949891738391,3.29,-0.048144174397537896,1.2645454545454546,2.88,0.6586294951179482,2.7270000000000003,-0.03726990838618745,train
mali_3_19.csv,mali,scenario_3,mali_scenario_3,1,65.2064,99.99,42.0980235495149,99.9555,-1.1115985594237696,73.0108,97.43,28.360008407931748,97.2705,-0.9601843937575031,2896.5159999999996,5101.98,2366.027500130002,5077.651,-55.93811092436975,0.4216,1.54,0.39214928436054797,1.4484999999999997,-0.018217527010804323,0.6679999999999999,2.12,0.5303599086026972,2.0319999999999996,-0.025115006002400964,train
mali_3_2.csv,mali,scenario_3,mali_scenario_3,1,54.925777777777775,101.07,40.37102003141646,98.7115,0.4242833271597317,61.574222222222225,95.3,23.846150372555147,90.952,0.2877265506029552,1246.781888888889,2925.49,1239.6936459427282,2857.1524999999997,13.839040786928424,0.5658888888888889,1.16,0.30133744735516504,1.061,-0.0030136230810388093,0.8053333333333333,1.78,0.4631140321147408,1.571,-0.0026765444293534164,train
mali_3_20.csv,mali,scenario_3,mali_scenario_3,1,69.514,99.99,36.87628107771239,99.99,-0.9948629051620649,78.8514,99.43,23.895631315351,99.21,-0.8608907563025213,3053.7827999999995,5432.98,2483.2039176418843,5407.59,-58.94752845138054,1.2422,4.54,1.1655169475825051,4.2299999999999995,-0.0558890756302521,1.3578000000000001,3.88,0.9419590744608727,3.660999999999999,-0.04860360144057622,train
mali_3_21.csv,mali,scenario_3,mali_scenario_3,1,66.1242,99.98,42.67631657354831,99.9155,-1.2389690276110443,71.857,95.87,28.670771951339482,95.49050000000001,-0.9505445378151262,2468.9262,4211.87,1935.1645947091627,4194.398499999999,-51.98486386554623,0.3342,0.98,0.217650628113882,0.8974999999999999,-0.010604081632653063,0.5492,1.32,0.27375573798850805,1.2484999999999997,-0.013801680672268906,train
mali_3_22.csv,mali,scenario_3,mali_scenario_3,1,61.04557142857142,99.98,38.40705153535937,99.347,1.5325240136471,71.02114285714285,94.7,21.644753458936343,94.354,0.8273218441081269,1404.740857142857,2962.33,1246.492578150693,2926.6715,47.91243425772024,0.725705702757122,1.48,0.34808713351295817,1.4219999999999997,-0.010522289487938073,1.0565714285714285,1.96,0.39555825791370675,1.8195,-0.012975592686554106,train
mali_3_23.csv,mali,scenario_3,mali_scenario_3,1,64.7279069767442,99.7,38.155964027420836,99.465,1.0044328506061604,72.27697674418604,94.88,24.75335533143251,94.255,0.76940402849191,1679.0325581395348,3559.4,1508.4197155825311,3368.425,27.440849851408075,0.332906976744186,0.94,0.2668723699319682,0.875,-0.008052360960422663,0.5341860465116279,1.52,0.3678761464095317,1.3250000000000002,-0.011087126751261854,train
mali_3_24.csv,mali,scenario_3,mali_scenario_3,1,62.34876404494382,99.96,37.3080395558452,99.926,0.6979913176710927,74.77258426966293,99.59,24.281457690259053,99.322,0.4172810691181477,1810.8337078651687,3955.21,1773.9798059360908,3900.92,19.026729826353435,0.31617977528089886,0.92,0.26008960701500855,0.8379999999999997,-0.005816819884235613,0.5356179775280899,1.62,0.4732022320323612,1.4679999999999997,-0.012149812734082402,train
mali_3_3.csv,mali,scenario_3,mali_scenario_3,1,55.346000000000004,101.61,40.38346782667215,99.4575,0.44516903321397705,61.498888888888885,95.23,22.53954808697468,91.176,0.21086339877351107,1251.1308888888889,3192.05,1244.2408383903423,2736.375,13.562233197514093,0.5461111111111111,1.15,0.3099608327719554,1.13,-0.002945137259744002,0.802,1.81,0.4390776850207105,1.5219999999999998,-0.004384738856648967,train
mali_3_4.csv,mali,scenario_3,mali_scenario_3,1,55.04311111111111,101.78,40.45285186386864,98.98949999999999,0.46080207433016424,62.25277777777778,94.38,23.06172776924729,91.2475,0.2123998024447461,1270.2414444444444,3209.51,1266.0770283181703,2918.367,13.677515331110838,0.5598888888888889,1.24,0.28119525961946695,1.0619999999999998,-0.0021190270403753553,0.7911111111111111,1.93,0.4534770646788688,1.5155,-0.002943737910030047,train
mali_3_5.csv,mali,scenario_3,mali_scenario_3,1,55.39033333333334,100.02,40.45016494042844,99.35350000000001,0.4416183891015353,62.559555555555555,93.36,22.345666493443524,90.8455,0.25321957443305776,1251.512,3239.46,1245.0760582283651,2837.4505,13.574594065110913,0.5295555555555556,1.22,0.2796543255927245,0.9854999999999999,-0.002221179569494177,0.7751111111111112,1.84,0.4498994755247034,1.591,-0.004589208544264726,train
mali_3_6.csv,mali,scenario_3,mali_scenario_3,1,54.925777777777775,101.07,40.37102003141646,98.7115,0.4242833271597317,61.574222222222225,95.3,23.846150372555147,90.952,0.2877265506029552,1246.781888888889,2925.49,1239.6936459427282,2857.1524999999997,13.839040786928424,0.5658888888888889,1.16,0.30133744735516504,1.061,-0.0030136230810388093,0.8053333333333333,1.78,0.4631140321147408,1.571,-0.0026765444293534164,train
mali_3_7.csv,mali,scenario_3,mali_scenario_3,1,55.346000000000004,101.61,40.38346782667215,99.4575,0.44516903321397705,61.498888888888885,95.23,22.53954808697468,91.176,0.21086339877351107,1251.1308888888889,3192.05,1244.2408383903423,2736.375,13.562233197514093,0.5461111111111111,1.15,0.3099608327719554,1.13,-0.002945137259744002,0.802,1.81,0.4390776850207105,1.5219999999999998,-0.004384738856648967,train
mali_3_8.csv,mali,scenario_3,mali_scenario_3,1,55.04311111111111,101.78,40.45285186386864,98.98949999999999,0.46080207433016424,62.25277777777778,94.38,23.06172776924729,91.2475,0.2123998024447461,1270.2414444444444,3209.51,1266.0770283181703,2918.367,13.677515331110838,0.5598888888888889,1.24,0.28119525961946695,1.0619999999999998,-0.0021190270403753553,0.7911111111111111,1.93,0.4534770646788688,1.5155,-0.002943737910030047,train
mali_3_9.csv,mali,scenario_3,mali_scenario_3,1,70.41510204081634,99.99,36.530988621673934,99.956,-1.0676081632653063,78.97897959183673,98.43,22.493463702901362,98.276,-0.8034642857142857,3069.767142857143,5321.87,2432.8660638021156,5296.05,-68.31920918367348,0.7024489795918367,2.54,0.5900830824703306,2.3739999999999997,-0.024776530612244895,0.89,1.87,0.3327223567280485,1.6919999999999995,-0.01676836734693878,train
mali_4_1.csv,mali,scenario_4,mali_scenario_4,1,25.705222222222226,64.43,14.531662387621564,57.228,0.11476239865003908,42.83855555555555,74.55,9.433504306890146,66.88499999999999,-0.027602831625303546,30.601999999999997,107.66,19.59790846441975,75.21599999999992,-0.09180557270444911,0.9786666666666667,1.48,0.28212755104062376,1.4009999999999998,-0.0015037247396797954,4.997111111111111,14.93,5.710670328910006,14.6105,0.08982442276824298,val
mali_4_10.csv,mali,scenario_4,mali_scenario_4,1,25.222397436790825,72.86933900539378,20.1385093430733,68.02901075583144,-0.35504139939218515,45.98552950533166,77.89477821590114,12.40803909842443,72.61086490647021,-0.18711614478913202,73.83082605647942,271.6651949356893,88.86265138019,260.3122599782327,-1.5521255351091119,1.537729906561459,2.20095089743572,0.28405850275413225,1.9555867699547154,0.0013377848589525062,34.20941704221893,60.0,23.95675410366679,59.040530021885196,0.7296487445997416,val
mali_4_11.csv,mali,scenario_4,mali_scenario_4,1,26.822925657924937,62.28594077576757,12.20122061123975,53.38101681579807,0.04457310703092786,43.548080751504195,81.94479201067698,10.447858369384774,69.16876509720124,-0.10361670389760846,72.80813173939782,431.4066831224365,113.9141675459214,378.3225972235706,-0.9395391701706484,1.217,1.93,0.33266526686036946,1.7755,-0.0020024694406716877,40.84626900149061,91.9983806561442,40.24574871867356,86.91133322253798,0.792664447397733,val
mali_4_12.csv,mali,scenario_4,mali_scenario_4,1,40.937555555555555,85.62,29.58467194650419,81.43299999999999,0.19829657982466972,55.75211111111112,88.71,18.65186724360081,83.8345,0.09333802527060958,164.87833333333333,386.58,152.9480038639114,356.11199999999997,1.0256368275918843,0.9934444444444444,1.4,0.17666804465578054,1.331,0.00010314030538749649,36.473222222222226,94.45,40.06572961398088,86.6555,0.2595736922253775,val
mali_4_13.csv,mali,scenario_4,mali_scenario_4,1,23.48111111111111,59.73,11.17066357000591,46.855999999999995,0.160756471992427,43.36944444444445,74.78,9.444220557308109,68.481,-0.04946166193357202,44.896,197.04,46.608253857449434,177.28299999999996,-0.2539895460344898,0.9574444444444444,1.49,0.2914880887234767,1.4355,0.0002707330123060467,23.303666666666665,49.73,20.54682454210492,48.7475,0.6771865662427461,val
mali_4_14.csv,mali,scenario_4,mali_scenario_4,1,49.013555555555556,75.0,24.69206820336848,75.0,0.7537157673786886,60.324444444444445,85.0,16.360415787628078,78.34249999999999,0.4941599374408362,70.1288888888889,103.86,28.652339843838966,99.851,0.8661994484915833,1.4223333333333332,2.48,0.4897764911017627,2.2655,0.000857307486520969,9.718555555555556,17.84,6.665055873753024,17.094,0.21851677161789518,val
mali_4_15.csv,mali,scenario_4,mali_scenario_4,1,30.08027690740502,71.00971616728428,15.940594830231097,61.85290192355864,0.14046221911238546,50.3575376176083,78.79280106157798,10.94330935064913,69.75016887962545,0.09247484662297896,37.097387132738625,100.0,20.90066832725955,92.16999418539478,-0.10740513619627702,1.0084061473402428,1.5,0.19623484501152672,1.315392689003355,0.0007051439419768979,6.647754127907496,15.702515052340896,6.377086519744286,15.038835192698963,0.1408513853495293,val
mali_4_16.csv,mali,scenario_4,mali_scenario_4,1,19.22511111111111,72.65,13.487564996621051,53.83049999999999,-0.13984475449643985,38.191,70.56,9.378754984334531,62.9525,-0.08273260073260072,31.686444444444447,97.35,19.106159563957267,80.93849999999999,-0.21632991727373746,0.965888888888889,1.49,0.2638389636720864,1.4509999999999998,0.00023434991974317828,46.041,96.03,40.43128163864979,90.338,0.6725402313042762,val
mali_4_17.csv,mali,scenario_4,mali_scenario_4,1,33.57233333333333,82.06,19.631995099149595,74.382,0.15808165617154382,45.38011111111111,73.78,9.08970865090307,68.682,0.008254270074494805,40.63322222222222,116.19,24.302711312548517,105.198,-0.09768654566407367,1.2512222222222222,1.5,0.1453614462724624,1.48,-0.0002452154586986048,4338.330888888889,11945.69,4950.686796998648,11574.3475,102.34109807795195,val
mali_4_18.csv,mali,scenario_4,mali_scenario_4,1,20.407111111111114,55.08,12.341760590851598,48.738,-0.09054006667489808,44.563,69.4,9.815295155458347,67.5655,-0.06431962793760546,39.57288888888889,105.38,24.3673466922227,98.431,-0.1640016462937811,0.9411111111111111,1.5,0.31665897881462335,1.4409999999999998,0.0004952051693624728,21.225555555555555,55.48,21.984174293132128,51.3845,0.5016046425484625,val
mali_4_19.csv,mali,scenario_4,mali_scenario_4,1,22.027333333333335,69.2,17.429252615691038,63.221,-0.07336263736263736,45.03955555555555,83.52,13.363870369803944,76.6225,-0.07468444663950279,38.979222222222226,96.34,20.81289737497098,87.867,-0.08816141910523935,1.1942222222222223,1.9,0.30904702299483894,1.6549999999999998,0.00048746758859118415,7.488888888888889,19.14,7.156374771848946,16.945,0.14455249619294563,val
mali_4_2.csv,mali,scenario_4,mali_scenario_4,1,27.596,69.66,14.01468634177829,59.77399999999999,0.07592163641601851,42.66477777777778,78.89,9.286979919084468,69.6375,-0.036591431040869246,32.724444444444444,111.71,24.74994396139887,104.771,-0.2563705807301313,1.008,1.5,0.301778250308982,1.4655,-2.9468658682141565e-05,6.769222222222222,14.98,5.861814963743187,14.2255,0.10911034284067991,val
mali_4_20.csv,mali,scenario_4,mali_scenario_4,1,22.391814401042023,58.53038171582878,12.352508963540952,54.689574681810804,0.013440031730329273,45.436744014618355,69.18602441965386,8.14752047922254,65.78599585935521,0.03190099476107553,34.280228796520014,93.09304989380398,20.196040892047105,87.59847691879058,-0.1854062220467155,0.9672282731146571,1.4864227610567096,0.304254351310559,1.4619745496288026,-0.0012645999682745232,3.564880447014656,9.396436166095082,2.761477274274266,8.612710721190826,0.10006463472343016,val
mali_4_21.csv,mali,scenario_4,mali_scenario_4,1,30.37066666666667,54.67,15.003621120968532,51.643,0.34789776515619203,49.78055555555556,68.94,12.245980433045853,67.332,0.3086559657570893,16.197777777777777,59.36,11.000756233226488,41.96799999999999,-0.12389908219121704,1.1374444444444445,1.5,0.2054896105037157,1.4609999999999999,0.00116516442359139,27.078666666666667,79.75,26.56687775610573,73.46,0.9766680660163803,val
mali_4_22.csv,mali,scenario_4,mali_scenario_4,1,45.13411111111111,69.41,21.78877717997849,69.1735,0.6398377577478701,58.03644444444444,75.0,13.764255965077075,73.01950000000001,0.4217541260237888,145.08566666666667,241.86,84.7970192534482,238.46949999999998,2.6341606782730396,1.155,1.5,0.20282416140449888,1.4755,0.0015890850722311389,16.99822222222222,29.5,11.64865991017299,28.9575,0.356913034531012,val
mali_4_23.csv,mali,scenario_4,mali_scenario_4,1,23.354444444444447,67.06,13.206655890127893,58.11849999999999,-0.0018288677614520174,42.834666666666664,73.78,9.089153085971473,68.39699999999999,-0.04227205004733096,36.21055555555555,96.35,20.051088589412657,89.98499999999999,-0.1243071161048689,0.9821111111111112,1.19,0.12393813647505299,1.18,-1.3088035559945753e-05,11.747,29.95,12.263586682313079,29.273,0.23910137053957273,val
mali_4_24.csv,mali,scenario_4,mali_scenario_4,1,37.22688888888889,64.52,14.658335255390556,59.991499999999995,0.2980659340659341,44.159,73.89,10.836792515429641,68.072,-0.08357056426719349,49.44588888888889,119.66,28.14317367465684,111.84199999999998,-0.08690118121578791,1.2541111111111112,1.49,0.13883863760094448,1.47,-0.0004091863192986784,10.792,24.98,9.69329145986247,23.773,0.31506737457299233,val
mali_4_3.csv,mali,scenario_4,mali_scenario_4,1,21.452555555555556,68.81,12.889211895356354,48.311999999999955,0.15661003416059596,41.547222222222224,78.0,7.81760847763643,57.236499999999936,0.02775873564637611,29.661222222222218,118.37,20.08423501760018,79.62349999999992,0.02314483269539447,0.9794444444444446,1.49,0.287031929129105,1.4109999999999998,-0.0011319092892126603,3.488777777777778,14.83,4.651354720571123,13.126999999999999,0.0703244845042598,val
mali_4_4.csv,mali,scenario_4,mali_scenario_4,1,22.869,66.91,13.667740091671451,57.653499999999994,0.07166753097090174,42.147666666666666,75.91,9.131971131227532,68.749,0.010698851710087684,32.66988888888889,114.37,25.83116719902375,107.5645,-0.13740749886817305,0.9413333333333334,1.48,0.3123315725890597,1.4455,0.00021780466724286986,2.6413333333333333,11.38,3.475547067114807,10.786,0.029937852409762503,val
mali_4_5.csv,mali,scenario_4,mali_scenario_4,1,25.705222222222226,64.43,14.531662387621564,57.228,0.11476239865003908,42.83855555555555,74.55,9.433504306890146,66.88499999999999,-0.027602831625303546,30.601999999999997,107.66,19.59790846441975,75.21599999999992,-0.09180557270444911,0.9786666666666667,1.48,0.28212755104062376,1.4009999999999998,-0.0015037247396797954,4.997111111111111,14.93,5.710670328910006,14.6105,0.08982442276824298,val
mali_4_6.csv,mali,scenario_4,mali_scenario_4,1,27.596,69.66,14.01468634177829,59.77399999999999,0.07592163641601851,42.66477777777778,78.89,9.286979919084468,69.6375,-0.036591431040869246,32.724444444444444,111.71,24.74994396139887,104.771,-0.2563705807301313,1.008,1.5,0.301778250308982,1.4655,-2.9468658682141565e-05,6.769222222222222,14.98,5.861814963743187,14.2255,0.10911034284067991,val
mali_4_7.csv,mali,scenario_4,mali_scenario_4,1,21.452555555555556,68.81,12.889211895356354,48.311999999999955,0.15661003416059596,41.547222222222224,78.0,7.81760847763643,57.236499999999936,0.02775873564637611,29.661222222222218,118.37,20.08423501760018,79.62349999999992,0.02314483269539447,0.9794444444444446,1.49,0.287031929129105,1.4109999999999998,-0.0011319092892126603,3.488777777777778,14.83,4.651354720571123,13.126999999999999,0.0703244845042598,val
mali_4_8.csv,mali,scenario_4,mali_scenario_4,1,22.869,66.91,13.667740091671451,57.653499999999994,0.07166753097090174,42.147666666666666,75.91,9.131971131227532,68.749,0.010698851710087684,32.66988888888889,114.37,25.83116719902375,107.5645,-0.13740749886817305,0.9413333333333334,1.48,0.3123315725890597,1.4455,0.00021780466724286986,2.6413333333333333,11.38,3.475547067114807,10.786,0.029937852409762503,val
mali_4_9.csv,mali,scenario_4,mali_scenario_4,1,34.158,73.22,17.23168326991321,68.0615,0.29306597522327865,58.48744444444444,77.24,13.635678131829605,74.40350000000001,0.4075407663497552,39.099222222222224,99.49,24.6126662023949,96.2855,-0.14824159361238012,1.4926666666666668,2.0,0.30590738115105465,1.9755,0.0012380129234061815,33.97811111111111,83.97,33.37683439033875,79.247,1.0776709058731528,val
mali_5_1.csv,mali,scenario_5,mali_scenario_5,1,40.407333333333334,74.77,18.726935165001162,69.03949999999999,0.4165329052969501,44.199,49.99,3.4438543373129495,49.1025,0.057126805778491156,23.232333333333333,29.76,3.642569487588413,29.169,0.03716582294110382,1.1345555555555555,1.94,0.4047114691769875,1.83,0.0013212330740420641,27.359222222222222,47.57,15.505602918305845,45.112,0.36567782030703383,train
mali_5_10.csv,mali,scenario_5,mali_scenario_5,1,36.96688888888889,58.32,16.207468845936738,56.6355,0.16949878585833644,42.599,45.76,1.3488622338262348,44.723,-0.005078734000082321,11.037888888888888,17.56,3.081237346103221,15.9935,-0.02190780754825698,1.5013333333333334,2.49,0.5322777006054243,2.3955,0.00233493846976993,23.354444444444447,44.98,16.619880346187752,43.6685,0.1714766432069804,train
mali_5_11.csv,mali,scenario_5,mali_scenario_5,1,40.82833333333333,68.84,19.672546846765982,66.26050000000001,0.18339523397950377,40.526,45.68,2.954265930990509,45.302,0.03375033954809233,25.109222222222222,34.85,6.635040490427543,34.4565,0.011333662592089544,7.350666666666666,14.61,4.677814192331448,13.942,0.04127357286907846,53.09777777777778,98.65,37.74578779320732,96.0475,0.37352232785940626,train
mali_5_12.csv,mali,scenario_5,mali_scenario_5,1,48.00300000000001,74.9,21.151916291650473,70.765,0.36905980162159924,40.080333333333336,45.02,1.982908685222945,43.214999999999996,-0.005552701979668276,9.933333333333334,14.58,1.8740432765139634,12.962,-0.0019627114458575143,1.01,1.69,0.20192890060334703,1.3165,0.0007976293369551793,57.82877777777778,120.0,38.177968463728895,106.37649999999998,0.5671105897847468,train
mali_5_13.csv,mali,scenario_5,mali_scenario_5,1,35.82933333333333,64.47,19.652576570075908,63.2065,0.3247039552208091,40.43877777777777,45.86,3.018126819837798,45.2035,-0.0005236037370868769,11.610333333333333,17.86,3.0862629487397926,17.072,0.03482364077869694,1.566111111111111,2.98,0.7226491439615873,2.8265,0.009716014322755892,12.825555555555555,29.84,11.045402735889828,28.011,0.17103362555047946,train
mali_5_14.csv,mali,scenario_5,mali_scenario_5,1,38.27444444444444,64.73,17.748072287226268,62.337999999999994,0.17118854179528323,41.06633333333333,44.95,1.744505628434731,43.8675,-0.008580236243157601,10.996333333333332,19.69,3.6558656731647994,17.493499999999997,-0.03245873976211054,1.2696666666666667,1.99,0.3898528964864522,1.9509999999999998,0.0015057826069062006,16.299111111111113,34.73,11.747993148671116,33.7815,0.11916960941680045,train
mali_5_15.csv,mali,scenario_5,mali_scenario_5,1,36.06344444444444,64.37,18.778380897353543,63.009,0.02493550644112442,33.866,37.89,1.822913336861593,37.015,-0.0001368070132115194,7.928,14.55,2.764248968445237,13.238499999999998,-0.005810758529859658,1.0193991929985435,1.0193991929985435,0.0,1.0193991929985435,0.0,75.75688888888888,149.51,55.38391636982189,143.783,0.002361937687780561,train
mali_5_16.csv,mali,scenario_5,mali_scenario_5,1,35.54233333333333,66.5,17.335299834069172,60.680499999999995,0.39845503560110296,41.29544444444445,44.82,1.704416708760983,43.5505,0.02847421492365313,18.311666666666667,32.49,5.543743563390108,27.7145,-0.1510995596164135,13.759666666666668,30.95,9.987823086138441,27.8905,0.2736832530765115,53.34488888888889,113.54,38.693231015153145,102.8265,1.1322469440671687,train
mali_5_17.csv,mali,scenario_5,mali_scenario_5,1,32.09866666666667,58.8,17.406353237645956,56.1045,0.5126206527554842,43.473555555555556,49.86,3.7235268744188406,49.6125,0.06224159361238013,22.974666666666664,34.9,6.240290651542629,33.788000000000004,0.06141745894554882,3.600333333333334,7.94,2.2789803801335604,7.305499999999999,0.05174704696053014,49.81144444444444,98.72,36.00045466507867,92.1965,1.0801622422521295,train
mali_5_18.csv,mali,scenario_5,mali_scenario_5,1,36.791444444444444,72.73,20.28617532030354,70.305,0.2121846318475533,42.516666666666666,44.99,1.348798050033911,44.4615,-0.0035787134214100625,7.647333333333333,14.98,3.0195712918420807,13.9295,-0.020321521175453754,1.7621111111111112,2.87,0.57116182489049,2.6544999999999996,-0.005004486150553565,17.282,34.82,12.273633217574599,33.001000000000005,0.1541839733300407,train
mali_5_19.csv,mali,scenario_5,mali_scenario_5,1,34.76833333333333,59.79,18.483778205268887,58.3555,0.28618372638597367,52.25900000000001,54.87,1.538082163466252,54.7565,-0.011402642301518705,9.918333333333333,14.86,3.0294973996328216,14.612499999999999,0.005203358439313497,0.9926666666666667,1.5,0.30590738115105465,1.4755,0.0012380129234061822,12.735222222222223,29.62,10.973825368051443,27.223499999999998,0.17510153516895088,train
mali_5_2.csv,mali,scenario_5,mali_scenario_5,1,41.882444444444445,74.72,19.650603919650692,71.521,0.366445075523727,43.80222222222222,49.98,3.7227502150353264,49.67,0.06489245585874799,22.846111111111114,29.91,3.9763612451034374,29.6065,0.04542955920484012,1.2027777777777777,1.99,0.38587716441567016,1.8755,0.0028519570317323125,28.01788888888889,50.0,16.111711944584545,48.192499999999995,0.3624876322179692,train
mali_5_20.csv,mali,scenario_5,mali_scenario_5,1,43.47222222222222,59.91,16.005655726366268,58.805,0.40289401983784023,42.04211111111111,47.67,3.2718291947548925,47.3095,0.06247018150388939,13.160555555555556,19.89,3.6548257651061005,19.21,0.028811869778161928,1.6018888888888891,2.49,0.5320975969539281,2.4155,0.003306828003457218,44.94422222222222,79.84,26.8453163315098,78.6605,0.6152484668889162,train
mali_5_21.csv,mali,scenario_5,mali_scenario_5,1,43.64866666666667,71.92,17.88837606386469,65.83,0.42203613614849567,42.43522222222222,47.98,3.122206518724865,47.053,0.024338889574844605,7.45,14.75,3.0248339168818994,14.2915,-0.046387619870765916,1.650888888888889,2.96,0.6575211270061408,2.823,0.008967526855167305,76.18577777777779,136.98,43.67496305325136,133.279,1.1114511256533726,train
mali_5_22.csv,mali,scenario_5,mali_scenario_5,1,37.632673612881675,59.84262310251067,18.79216602447542,58.55553226098435,0.12350933036281922,39.92900122651752,41.996903630986864,1.1435846961508727,41.60427039601103,-0.004678742046352709,10.176749747607163,14.823437630776462,2.9584045784209994,14.280819563083087,-0.012221992115270133,1.476007468180857,1.999805235507836,0.30138269437673093,1.9617938730047684,-0.0009945579143525226,44.57864592490262,79.97891037358963,31.032007277351543,76.475402304164,0.16374211544643272,train
mali_5_23.csv,mali,scenario_5,mali_scenario_5,1,36.11266666666666,68.09,17.10404386116027,60.361,0.1721807630571676,40.080333333333336,45.02,1.982908685222945,43.214999999999996,-0.005552701979668276,24.83233333333333,36.44,4.687251428615301,32.399499999999996,-0.004841009178087824,4.489777777777777,9.14,2.69440659818717,7.893999999999999,0.02807836358398159,52.58522222222222,116.02,38.894145546794455,100.967,0.32876593818166855,train
mali_5_24.csv,mali,scenario_5,mali_scenario_5,1,30.043389342883497,59.64310166517243,19.699525774869105,57.04384007740993,0.3087967827050287,42.1568750909802,44.96862687746048,1.5154263042640954,44.701729849169496,-0.0043694168170561815,3.0249842515641028,4.978148378697108,1.1612948516337989,4.594046243295063,-0.0031947360691207786,1.0193991929985435,1.0193991929985435,0.0,1.0193991929985435,0.0,20.547231321409345,49.99415706523507,18.61697481465131,47.73595698171939,0.2869166606023647,train
mali_5_3.csv,mali,scenario_5,mali_scenario_5,1,40.49588888888889,74.55,20.0100955359614,72.484,0.3433789356710705,44.196111111111115,49.97,3.5300614930648138,49.211,0.060318146273202464,23.328,29.99,3.7065311927928057,28.831500000000002,0.06238926616454707,1.1998888888888888,1.99,0.41661421392691655,1.9119999999999997,0.0033262542700744947,27.618444444444442,49.79,16.061812336426634,48.494,0.3707241223196281,train
mali_5_4.csv,mali,scenario_5,mali_scenario_5,1,42.914,74.78,20.468965206605173,72.04799999999999,0.390158126517677,43.95377777777778,49.94,3.534700717676901,48.955999999999996,0.07376005268140101,23.166,29.95,3.725704759512779,29.122,0.04357031732312631,1.1826666666666665,1.95,0.41662043189174364,1.8219999999999998,0.003535251265588346,27.558333333333334,49.38,15.57244254617536,45.7525,0.4195802774005019,train
mali_5_5.csv,mali,scenario_5,mali_scenario_5,1,40.407333333333334,74.77,18.726935165001162,69.03949999999999,0.4165329052969501,44.199,49.99,3.4438543373129495,49.1025,0.057126805778491156,23.232333333333333,29.76,3.642569487588413,29.169,0.03716582294110382,1.1345555555555555,1.94,0.4047114691769875,1.83,0.0013212330740420641,27.359222222222222,47.57,15.505602918305845,45.112,0.36567782030703383,train
mali_5_6.csv,mali,scenario_5,mali_scenario_5,1,41.882444444444445,74.72,19.650603919650692,71.521,0.366445075523727,43.80222222222222,49.98,3.7227502150353264,49.67,0.06489245585874799,22.846111111111114,29.91,3.9763612451034374,29.6065,0.04542955920484012,1.2027777777777777,1.99,0.38587716441567016,1.8755,0.0028519570317323125,28.01788888888889,50.0,16.111711944584545,48.192499999999995,0.3624876322179692,train
mali_5_7.csv,mali,scenario_5,mali_scenario_5,1,40.49588888888889,74.55,20.0100955359614,72.484,0.3433789356710705,44.196111111111115,49.97,3.5300614930648138,49.211,0.060318146273202464,23.328,29.99,3.7065311927928057,28.831500000000002,0.06238926616454707,1.1998888888888888,1.99,0.41661421392691655,1.9119999999999997,0.0033262542700744947,27.618444444444442,49.79,16.061812336426634,48.494,0.3707241223196281,train
mali_5_8.csv,mali,scenario_5,mali_scenario_5,1,42.914,74.78,20.468965206605173,72.04799999999999,0.390158126517677,43.95377777777778,49.94,3.534700717676901,48.955999999999996,0.07376005268140101,23.166,29.95,3.725704759512779,29.122,0.04357031732312631,1.1826666666666665,1.95,0.41662043189174364,1.8219999999999998,0.003535251265588346,27.558333333333334,49.38,15.57244254617536,45.7525,0.4195802774005019,train
mali_5_9.csv,mali,scenario_5,mali_scenario_5,1,39.41733333333333,59.58,18.82036052622475,58.657,0.5453453512779354,38.54988888888889,44.86,3.565348681892231,44.2035,0.05643816108984648,11.277,18.99,3.512556433230534,16.9715,-0.05506399967074122,1.1864444444444444,1.98,0.4426181328025807,1.8964999999999999,0.004759435321233073,47.70622222222222,79.68,29.11715064996117,77.797,0.808417335473515,train
mali_6_1.csv,mali,scenario_6,mali_scenario_6,1,20.328,24.8,2.7918646662413176,24.2875,-0.006538091122360786,39.795,44.8,2.8667541250485953,44.5985,0.01187282380540808,24.914555555555555,29.8,2.8891533541195895,29.0475,-0.004341194386138207,1.0074444444444444,1.46,0.2801306320918952,1.44,0.0010313207391859076,1.295111111111111,1.8,0.2964707933942738,1.7574999999999998,-0.00033255134378729854,test
mali_6_10.csv,mali,scenario_6,mali_scenario_6,1,17.39120422295337,27.57604628757128,4.412573347239645,24.201991200382245,-0.021775098046789773,40.094610639159825,44.987485803741976,2.742832437331466,44.555078155732346,0.016408049943384524,9.960201879523009,20.44875932084528,3.220762101303232,14.448261705046553,0.0073350209125377895,0.9862494288822712,1.498294532040671,0.2957765734107602,1.4324539299094021,0.0004843548202371354,1.2686524877543959,1.7889589362501728,0.2738553631636957,1.7289325005482814,-0.0002583385649675532,test
mali_6_11.csv,mali,scenario_6,mali_scenario_6,1,12.39802458610286,16.6160507971195,2.1566225525405036,16.169904387252668,-0.04267990133303102,37.4112515331469,42.4670559384015,2.461705171388619,41.641947888104355,0.07563308217474059,25.176749747607165,29.82343763077646,2.9584045784209994,29.28081956308309,-0.012221992115270142,0.9904029872723429,1.199922094203134,0.12055307775069236,1.184717549201907,-0.00039782316574100903,0.919728530236871,1.0992739909999163,0.10986386599394181,1.0813806381767763,0.00027440355946162595,test
mali_6_12.csv,mali,scenario_6,mali_scenario_6,1,15.711666666666666,24.99,3.6134823224117247,22.287499999999994,-0.011222208503107373,45.10188888888889,49.98,2.8706589677047902,49.579,-0.010233279828785464,28.82144444444444,39.7,4.532846802764058,35.058,-0.020776968350002055,0.9953333333333333,1.78,0.32631479941094726,1.63,-0.0017867226406552245,0.9955555555555555,1.62,0.30220207210493993,1.4555,-0.000252212207268387,test
mali_6_13.csv,mali,scenario_6,mali_scenario_6,1,15.205333333333334,21.58,2.5386106967518525,19.0145,-0.00549055438943079,44.75666666666667,52.02,2.568220211776976,49.101,-2.5023665473112733e-05,31.017555555555553,50.0,8.213589768116094,43.794,0.020094661892414694,1.2324444444444445,2.0,0.2867183996522129,1.7165,-0.0010933037000452727,0.8884444444444444,1.33,0.2036625933623579,1.2294999999999998,-0.00037156850639996685,test
mali_6_14.csv,mali,scenario_6,mali_scenario_6,1,15.164486126408683,22.208891395132817,2.9728790255917716,19.753919215898346,-0.06662688815330234,44.722375682599925,52.54042119613284,2.8320735791875133,48.87220259941043,-0.000170717815475301,25.63452666154852,38.41397635066177,5.188885300683898,33.61923812158521,0.013446261369724067,1.0193474654038055,1.4743558231604237,0.3205959785622905,1.448057615516377,-0.001624997996919544,1.287689793702654,1.7932072529695584,0.2647468014972963,1.731033248509027,-0.0015952257125017015,test
mali_6_15.csv,mali,scenario_6,mali_scenario_6,1,15.133555555555555,19.89,2.772621892685739,19.311,-0.0014576285138082875,39.51888888888889,44.74,3.076730149766454,44.522999999999996,-0.022801498127340825,27.378,34.8,4.544198474459594,34.422,0.00779256698357824,0.9926666666666667,1.5,0.30590738115105465,1.4755,0.0012380129234061822,0.9623333333333334,1.47,0.2506846804030195,1.3855,0.0007242869490060502,test
mali_6_16.csv,mali,scenario_6,mali_scenario_6,1,14.753222222222222,19.63,2.337273850276432,18.756,0.00578367699716015,45.163666666666664,53.16,2.8929505369067003,50.632999999999996,0.0171681277523974,29.95033333333333,49.26,5.380987848408421,38.528499999999994,-0.015584887023089274,1.0124444444444445,1.43,0.16300762449329273,1.2765,-0.0007553195867802611,0.8094444444444444,1.13,0.15939746879632896,1.0655000000000001,-0.0009318845948059428,test
mali_6_17.csv,mali,scenario_6,mali_scenario_6,1,15.589333333333332,21.13,2.883337173905779,20.523,0.021686627978762817,41.06466666666667,46.75,2.9305436087348458,45.692,0.03871111659875705,28.69833333333333,39.06,5.469930314039608,38.031,0.02957690249825081,0.9411111111111111,1.5,0.31665897881462335,1.4409999999999998,0.0004952051693624728,0.9862222222222223,1.5,0.29618767880122554,1.4355,0.0004785776021731078,test
mali_6_18.csv,mali,scenario_6,mali_scenario_6,1,10.13293190891674,14.894792225179676,2.772847661286757,14.311921452519853,-0.001461957216547472,39.51897388201157,44.73925782084154,3.076659890220954,44.5215537547974,-0.02280426868949882,17.377942411280944,24.79634141585064,4.544193108568245,24.419977375802908,0.007809207430160732,0.2971248368624379,0.4980454980017191,0.12231218301165009,0.489052961193112,0.000496460475669924,0.28464758080129926,0.4897749849995769,0.10018680698934757,0.45317411188451207,0.00028618524598125137,test
mali_6_19.csv,mali,scenario_6,mali_scenario_6,1,15.205333333333334,21.58,2.5386106967518525,19.0145,-0.00549055438943079,44.74477777777778,52.02,2.6159271146504732,49.101,-0.0001571387414084151,30.634,43.41,5.188602201844805,38.615,0.01344264724040005,1.1308888888888888,1.91,0.29171959926315744,1.6164999999999998,-0.0011850022636539493,0.8884444444444444,1.33,0.2036625933623579,1.2294999999999998,-0.00037156850639996685,test
mali_6_2.csv,mali,scenario_6,mali_scenario_6,1,22.95377777777778,27.78,2.821262996227514,27.296499999999998,-0.03085878915092399,44.31055555555555,49.78,2.893566813013531,49.3965,0.020532987611639304,29.570444444444448,34.9,2.805809347119743,34.198499999999996,0.0005146314359797512,1.2945555555555557,1.8,0.2845977295507085,1.74,-0.0001754126023788943,1.493,2.0,0.2753157533541149,1.9429999999999998,0.0023936288430670455,test
mali_6_20.csv,mali,scenario_6,mali_scenario_6,1,15.205333333333334,21.58,2.5386106967518525,19.0145,-0.00549055438943079,39.87833333333334,43.51,1.284251410508572,42.051,1.3993497139658862e-06,30.38066666666667,38.05,3.1129287485033164,35.169,0.008060912869901635,1.0205555555555554,1.5,0.19136036427048533,1.341,-0.0007417376630859776,0.7894444444444444,1.23,0.20157448290842828,1.1294999999999997,-0.00036243157591472186,test
mali_6_21.csv,mali,scenario_6,mali_scenario_6,1,15.165222222222223,20.26,2.030577616265973,18.2125,-0.004394698934024777,44.75666666666667,52.02,2.568220211776976,49.101,-2.5023665473112733e-05,25.673222222222225,38.41,5.0927866652234846,33.615,0.011844507552372723,1.530888888888889,2.31,0.29171959926315744,2.0164999999999997,-0.0011850022636539486,0.9884444444444443,1.43,0.20366259336235792,1.3295,-0.0003715685063999668,test
mali_6_22.csv,mali,scenario_6,mali_scenario_6,1,14.802111111111111,18.7,1.8702691595298893,18.0095,0.004634563937934721,45.163666666666664,53.16,2.8929505369067003,50.632999999999996,0.0171681277523974,29.916444444444444,45.0,5.1851989681762,38.528499999999994,-0.013750833436226696,1.2176666666666667,1.84,0.2438965059568864,1.6119999999999999,-0.0011623657241634766,0.8133333333333334,1.24,0.21196247282866,1.1609999999999998,-0.0012822982261184506,test
mali_6_23.csv,mali,scenario_6,mali_scenario_6,1,15.320333333333332,21.77,2.103251869597717,19.0995,-0.0008757459768695681,44.79011111111111,51.97,3.1500128390836757,49.643,0.03220438737292669,29.634666666666664,41.71,4.944266046803411,37.681,0.027430217722352546,1.2382222222222221,1.9,0.2839115932100188,1.6519999999999997,0.0013440342429106484,0.9115555555555557,1.77,0.30400292396254647,1.3764999999999998,0.0011700209902457093,test
mali_6_24.csv,mali,scenario_6,mali_scenario_6,1,19.67011111111111,24.82,2.90463190514212,24.149,0.005459851010412808,45.19211111111111,49.96,2.7545759658358593,49.562,0.015092151294398474,26.960444444444445,34.87,4.3260021015103725,34.0145,-0.0034888257809606096,1.1647777777777777,1.5,0.20431979658345675,1.4755,0.0016623451454912126,0.9188888888888889,1.3,0.20362691398701485,1.2555,-0.00027460180269169064,test
mali_6_3.csv,mali,scenario_6,mali_scenario_6,1,23.15488888888889,27.93,2.9082831123659387,27.444499999999998,0.010938140511174215,44.84877777777778,49.76,2.7926467763536005,49.3665,0.005742848911388228,29.706666666666667,34.96,2.914077031209063,34.672,0.0051548750874593555,1.2176666666666667,1.75,0.2989909998269649,1.72,0.0001930279458369348,1.4773333333333334,2.0,0.30569794888918733,1.96,-0.0006866691361073379,test
mali_6_4.csv,mali,scenario_6,mali_scenario_6,1,22.504333333333335,27.71,2.9910206630415597,27.449499999999997,0.0216937893567107,45.093333333333334,49.99,3.0190749383124085,49.493,-0.019205827879985173,30.668444444444443,34.98,2.8272164065098475,34.7085,0.001991027698892872,1.3018888888888889,1.79,0.28151234608583603,1.7365,-0.000363419352183397,1.5235555555555556,1.98,0.27737659918922103,1.9409999999999998,-0.0006310244063053048,test
mali_6_5.csv,mali,scenario_6,mali_scenario_6,1,20.328,24.8,2.7918646662413176,24.2875,-0.006538091122360786,39.795,44.8,2.8667541250485953,44.5985,0.01187282380540808,24.914555555555555,29.8,2.8891533541195895,29.0475,-0.004341194386138207,1.0074444444444444,1.46,0.2801306320918952,1.44,0.0010313207391859076,1.295111111111111,1.8,0.2964707933942738,1.7574999999999998,-0.00033255134378729854,test
mali_6_6.csv,mali,scenario_6,mali_scenario_6,1,22.95377777777778,27.78,2.821262996227514,27.296499999999998,-0.03085878915092399,44.31055555555555,49.78,2.893566813013531,49.3965,0.020532987611639304,29.570444444444448,34.9,2.805809347119743,34.198499999999996,0.0005146314359797512,1.2945555555555557,1.8,0.2845977295507085,1.74,-0.0001754126023788943,1.493,2.0,0.2753157533541149,1.9429999999999998,0.0023936288430670455,test
mali_6_7.csv,mali,scenario_6,mali_scenario_6,1,23.15488888888889,27.93,2.9082831123659387,27.444499999999998,0.010938140511174215,44.84877777777778,49.76,2.7926467763536005,49.3665,0.005742848911388228,29.706666666666667,34.96,2.914077031209063,34.672,0.0051548750874593555,1.2176666666666667,1.75,0.2989909998269649,1.72,0.0001930279458369348,1.4773333333333334,2.0,0.30569794888918733,1.96,-0.0006866691361073379,test
mali_6_8.csv,mali,scenario_6,mali_scenario_6,1,22.504333333333335,27.71,2.9910206630415597,27.449499999999997,0.0216937893567107,45.093333333333334,49.99,3.0190749383124085,49.493,-0.019205827879985173,30.668444444444443,34.98,2.8272164065098475,34.7085,0.001991027698892872,1.3018888888888889,1.79,0.28151234608583603,1.7365,-0.000363419352183397,1.5235555555555556,1.98,0.27737659918922103,1.9409999999999998,-0.0006310244063053048,test
mali_6_9.csv,mali,scenario_6,mali_scenario_6,1,14.821222222222223,21.47,2.7034534002163007,19.028000000000002,0.00856805366917726,40.105444444444444,46.78,2.9467453617874733,44.699,-0.014519899576079352,29.574888888888893,40.76,4.780234408347729,37.472,0.015015516318887104,0.9887777777777778,1.5,0.2575983624842301,1.4909999999999999,0.00015977281145820483,0.8821111111111111,1.4,0.3245688391325178,1.4,0.0011001358192369423,test
mali_7_1.csv,mali,scenario_7,mali_scenario_7,1,32.10588888888889,92.25,30.254321147191575,87.046,0.1614188582952625,38.518,44.97,2.939760442735795,44.011,-0.030834094744207077,23.386111111111113,29.95,3.82652442838129,29.381999999999998,-0.002110466312713496,7.954888888888888,24.04,8.566419577019218,22.737999999999996,0.059968226530024274,1.6434444444444445,2.99,0.7134000896342372,2.8674999999999997,0.0017670494299707764,test
mali_7_10.csv,mali,scenario_7,mali_scenario_7,1,54.76511111111111,94.85,36.69987690162267,93.609,0.6006020496357574,41.855555555555554,47.95,3.270712773607722,46.628,0.02335037247396799,33.29177777777778,44.97,6.347989609702736,43.2415,0.06000806683952747,8.644111111111112,22.22,7.413641676589443,19.3185,0.12672749722187923,1.0041111111111112,1.5,0.2968709266098101,1.48,0.0007705478042556694,test
mali_7_11.csv,mali,scenario_7,mali_scenario_7,1,63.361222222222224,94.98,34.79264731919881,94.249,0.3586022142651353,40.19211111111111,44.96,2.7545759658358593,44.562,0.015092151294398474,9.639666666666667,14.91,2.8839359223974417,14.343,-0.0023383133720212383,9.775555555555554,19.65,6.7390072137679145,18.3885,0.06140609951845913,0.9552222222222222,1.5,0.29076508058034395,1.44,-0.00042861258591595636,test
mali_7_12.csv,mali,scenario_7,mali_scenario_7,1,47.113,97.86,36.42197547690747,95.475,0.22685557887805094,41.38177777777778,44.99,1.7158982826364055,44.342499999999994,-0.004907601761534332,22.513444444444445,29.76,3.267572428505691,27.9085,-0.020368193604148647,6.803111111111111,19.9,7.0482817484471445,19.4775,0.042975676009383866,1.4374444444444445,2.92,0.6170072042831658,2.721,0.003840556447298024,test
mali_7_13.csv,mali,scenario_7,mali_scenario_7,1,37.431111111111115,96.25,29.299997831209197,88.8715,0.2972536527143269,39.86088888888889,44.65,2.0999580757957745,43.099,0.021449397044902667,29.60688888888889,41.71,5.0336252811131725,37.681,0.02823278594065109,5.707111111111111,15.91,5.499480515700715,14.8585,0.03153689755936942,0.8055555555555556,1.38,0.20827871943333295,1.121,0.0007337531382475202,test
mali_7_14.csv,mali,scenario_7,mali_scenario_7,1,56.105222222222224,98.4,38.69835522526861,97.42200000000001,0.19567724410421033,41.38422222222222,44.97,1.8110025640901406,44.418,0.004634152364489426,11.697111111111111,19.52,4.01959085749693,18.4275,0.006232374367205834,8.283777777777777,19.83,7.1013468540181615,18.755,0.033881219903691764,0.9507777777777777,1.47,0.2535953947131638,1.3814999999999997,-1.868543441577156e-05,test
mali_7_15.csv,mali,scenario_7,mali_scenario_7,1,52.35355555555555,97.97,35.731971279033054,95.11,0.16890200436267855,42.52422222222222,44.54,1.1828018324222878,44.193999999999996,-0.004105033543235787,30.22522222222222,34.98,2.3119529308696585,33.562,0.00033790179857594614,8.562888888888889,24.7,8.137742177061435,23.308999999999997,0.018613656006914482,1.4837777777777776,2.46,0.4564680669333154,2.3955,0.0014421533522657123,test
mali_7_16.csv,mali,scenario_7,mali_scenario_7,1,50.115,99.56,38.75341438382552,99.073,0.25973074865209694,40.18288888888889,46.0,2.909980595496694,44.68,0.015616742807754044,23.42366666666667,30.7,4.256455097848445,29.4755,0.019071407992756296,5.723777777777777,14.92,5.436883314434982,14.346,0.039827797670494366,2.095,4.85,1.3393745395905399,4.579,0.008265464872206441,test
mali_7_17.csv,mali,scenario_7,mali_scenario_7,1,55.897333333333336,98.12,38.26085962607013,97.064,0.15729036506564573,42.492333333333335,44.94,1.281370447887378,44.5455,0.005912746429600352,30.43588888888889,34.65,2.225758244463334,33.9165,0.00441000946618924,6.458777777777778,14.74,5.148117977873794,13.026499999999999,0.021974647075770657,1.081888888888889,1.97,0.29891900539321425,1.5849999999999997,0.00044359385932419583,test
mali_7_18.csv,mali,scenario_7,mali_scenario_7,1,44.013888888888886,97.33,36.213666105442904,96.263,-0.14954414125200619,40.06755555555556,41.69,1.0879795841515538,41.5865,0.0036840762234020695,30.080777777777776,34.99,2.8950772739207724,34.6815,0.022625920895583823,5.649444444444445,18.0,6.020508276932208,16.0685,-0.015299255052064009,0.9907777777777778,1.49,0.2912477140876789,1.4055,0.00026200765526608204,test
mali_7_19.csv,mali,scenario_7,mali_scenario_7,1,49.10077777777777,97.88,38.39634402153056,96.357,0.2500605836111454,40.599444444444444,42.93,1.2489261554722613,42.46,0.0059295386261678405,19.749555555555556,24.93,2.0656543491439527,23.276,-0.005262707330123057,5.597777777777778,14.97,5.352667250225391,14.492,0.037044573404123926,1.823,3.97,1.0890738772518413,3.7275,0.006217969296620979,test
mali_7_2.csv,mali,scenario_7,mali_scenario_7,1,32.29711111111111,94.84,30.735464537315757,88.955,0.011758324072930926,34.62177777777778,39.69,2.8453449378293247,39.193999999999996,-0.0032751368481705417,17.24277777777778,24.98,4.25285971938401,24.7455,-0.001365024488619997,9.900555555555554,29.42,10.649331398658413,27.921499999999998,0.0017963534592747804,1.6345555555555558,2.95,0.6083910649328582,2.611,0.001478618759517636,test
mali_7_20.csv,mali,scenario_7,mali_scenario_7,1,50.227444444444444,97.58,35.540118573623474,96.5595,0.5328668559904512,39.92611111111111,46.71,3.0856429754242907,44.331,0.01763369963369965,30.404666666666667,44.11,5.930660989744811,38.842,0.00928213359674033,10.341888888888889,24.75,8.909678097874263,23.291999999999998,0.13101395233979507,0.9997777777777779,1.3,0.168322708901933,1.28,-5.531547104580839e-05,test
mali_7_21.csv,mali,scenario_7,mali_scenario_7,1,54.17433333333333,94.63,35.528708823628214,94.0775,-0.005550891056508972,42.37411111111111,45.19,1.4453201460556249,44.81,0.004659587603407825,24.401666666666667,31.18,3.272178001943735,29.8215,0.004338395686710297,7.032,14.78,5.409609884374619,14.5855,-0.0033396715643906737,0.988,1.2,0.1215554619796192,1.1755,0.00012100259291270537,test
mali_7_22.csv,mali,scenario_7,mali_scenario_7,1,40.22366666666667,97.85,36.70865848478815,96.341,-0.0018266452648475176,39.87403588746555,45.822403326459714,2.8590626162636603,44.1875,-0.011671359125654873,30.3361686862485,40.45780030492728,5.879979669525362,38.2925,-0.025341670099635012,8.617111111111111,29.88,10.463873028260643,28.492,0.0011499362061159586,1.5493333333333332,2.0,0.2748433670374717,1.9555,0.0007200888998641807,test
mali_7_23.csv,mali,scenario_7,mali_scenario_7,1,57.576119450954096,97.88120532000202,38.19309136717668,96.45054758389306,0.3150590324007107,41.58825957459741,43.463159212962914,0.8621615508029367,43.16253598393436,0.0015152022001889535,29.693217124804995,34.929567015421895,2.298040337094606,33.661170348609055,-0.006859778627548243,12.872499404869899,29.926706175064467,11.099471962395125,29.136289539122895,0.09631735022191419,1.3640605821776663,2.4796341415850645,0.5155436011774498,2.3429448924477043,0.0031806644467992414,test
mali_7_24.csv,mali,scenario_7,mali_scenario_7,1,38.35044444444444,98.88,30.869105857304373,89.9525,0.2078103469564143,39.68644444444445,43.92,1.9635185747805177,42.876999999999995,-0.0023528830719841895,30.218555555555557,45.0,4.961889038859854,38.3325,0.0029467835535251256,7.631555555555556,23.17,7.521676975206447,18.69,0.0511765238506812,0.9961111111111112,1.35,0.19686129517525125,1.2965,0.00013162118780096283,test
mali_7_3.csv,mali,scenario_7,mali_scenario_7,1,31.204222222222224,91.14,29.523541510476836,85.88,0.46747697246573644,34.45166666666667,39.87,3.0388851629681346,39.325,-0.0031270527225583395,16.650111111111112,24.93,4.663631341657097,24.2155,-0.030049553442811867,9.03111111111111,29.98,9.84822763321429,27.8815,0.18759435321233062,1.8128888888888888,3.38,0.6985140640158685,3.0364999999999998,0.01084265547186896,test
mali_7_4.csv,mali,scenario_7,mali_scenario_7,1,38.98833333333333,88.63,30.608088387207406,84.4775,0.12235658723299182,34.705333333333336,39.56,2.793924065788702,39.167500000000004,-0.001633617319010574,17.109555555555556,24.87,4.379310373884397,23.886499999999998,-0.012038194015722104,12.911222222222221,29.64,10.408969320235938,27.74,0.045385438531505944,1.8742222222222222,3.35,0.7219013250411234,3.0685,0.0007032967032967037,test
mali_7_5.csv,mali,scenario_7,mali_scenario_7,1,32.10588888888889,92.25,30.254321147191575,87.046,0.1614188582952625,38.518,44.97,2.939760442735795,44.011,-0.030834094744207077,23.386111111111113,29.95,3.82652442838129,29.381999999999998,-0.002110466312713496,7.954888888888888,24.04,8.566419577019218,22.737999999999996,0.059968226530024274,1.6434444444444445,2.99,0.7134000896342372,2.8674999999999997,0.0017670494299707764,test
mali_7_6.csv,mali,scenario_7,mali_scenario_7,1,32.29711111111111,94.84,30.735464537315757,88.955,0.011758324072930926,34.62177777777778,39.69,2.8453449378293247,39.193999999999996,-0.0032751368481705417,17.24277777777778,24.98,4.25285971938401,24.7455,-0.001365024488619997,9.900555555555554,29.42,10.649331398658413,27.921499999999998,0.0017963534592747804,1.6345555555555558,2.95,0.6083910649328582,2.611,0.001478618759517636,test
mali_7_7.csv,mali,scenario_7,mali_scenario_7,1,31.204222222222224,91.14,29.523541510476836,85.88,0.46747697246573644,34.45166666666667,39.87,3.0388851629681346,39.325,-0.0031270527225583395,16.650111111111112,24.93,4.663631341657097,24.2155,-0.030049553442811867,9.03111111111111,29.98,9.84822763321429,27.8815,0.18759435321233062,1.8128888888888888,3.38,0.6985140640158685,3.0364999999999998,0.01084265547186896,test
mali_7_8.csv,mali,scenario_7,mali_scenario_7,1,38.98833333333333,88.63,30.608088387207406,84.4775,0.12235658723299182,34.705333333333336,39.56,2.793924065788702,39.167500000000004,-0.001633617319010574,17.109555555555556,24.87,4.379310373884397,23.886499999999998,-0.012038194015722104,12.911222222222221,29.64,10.408969320235938,27.74,0.045385438531505944,1.8742222222222222,3.35,0.7219013250411234,3.0685,0.0007032967032967037,test
mali_7_9.csv,mali,scenario_7,mali_scenario_7,1,40.748999999999995,93.6,32.89012173856351,89.8485,-0.10922377248219944,40.18611111111111,44.74,1.7203760331336786,42.5745,0.0047929373996789815,31.24277777777778,40.0,4.721416429010454,38.5045,0.04879771165164426,4.588888888888889,14.24,4.6857856881856526,12.739499999999998,-0.017729266987693955,0.9036666666666666,1.31,0.19916934243575773,1.2355,-0.00022990492653413992,test
mali_8_1.csv,mali,scenario_8,mali_scenario_8,1,12.474444444444446,82.43,13.720331842476162,40.71749999999999,0.14608947606700418,30.059,48.91,3.8202347271845105,40.276999999999994,0.042266534963164175,6.250888888888889,68.34,14.301471884998524,47.56299999999997,0.1503186401613368,1.3374444444444444,3.22,0.7162065503202258,3.001,0.0012945631147878336,3.9436666666666667,45.67,7.846982308398216,17.015999999999977,0.04046236160842904,val
mali_8_2.csv,mali,scenario_8,mali_scenario_8,1,14.575918699560898,71.86791009015084,14.930673585354537,60.80765494288974,0.08396276329545366,35.53726883334036,44.238977299132976,1.553527932385678,37.61952392214967,0.0011457555175856643,9.58408249252874,109.5010870580836,26.65957632695373,108.24352147881834,0.18777190820407558,1.625024043405295,2.9026141217668915,0.43825932315229627,2.5316001602436473,0.001228056426136743,5.918434366160074,45.64911291277753,10.701891098998363,42.93321674126736,0.06928786877450482,val
mali_8_3.csv,mali,scenario_8,mali_scenario_8,1,11.727202923395192,65.3849103958103,12.046083172772683,24.088491039580987,-0.03787219499280746,26.736786208786427,45.3849103958103,3.6197396604041328,29.48849103958102,-0.012778670575728332,4.713758984911468,80.3849103958103,15.064970180818094,2.6797378142612707,-0.03254245328043467,1.0976001907157031,3.38491039581039,1.209328319796788,3.3849103958103,-0.0030637572885262128,3.966309813387206,50.3849103958103,8.812434546596448,7.629737814261245,-0.025144798714662686,val
mali_8_4.csv,mali,scenario_8,mali_scenario_8,1,9.151384617686585,30.38491039581029,4.359642473966056,16.48407981328902,0.017744531836084463,29.30636831926502,34.83014283921093,1.2890052189997339,32.679737814261266,0.005494203273317847,2.596691118693921,4.38491039581029,0.35148619365717026,2.83412984102931,0.001157395341578039,1.2963003226913277,3.30138921039821,0.48986957613128684,2.38491039581029,0.0006164024832328241,2.617541964526094,15.38491039581029,2.237470198006204,6.6639210938102815,0.01329763113394404,val
mali_8_5.csv,mali,scenario_8,mali_scenario_8,1,22.165353811139042,80.3849103958103,15.431112706667276,67.49366362113003,0.026253581634923306,47.40606120311777,65.3849103958103,3.668469516615469,54.493663621130025,0.007161795381559205,11.321839888243463,90.38491039581028,19.91170593189551,77.49366362113003,0.04752257579910765,3.3238936777844335,4.30138921039821,0.45657642179614333,4.30138921039821,-0.00023342472665694694,9.649996010506978,80.3849103958103,17.673322667121546,67.49366362113003,0.03962955054459569,val
mali_8_6.csv,mali,scenario_8,mali_scenario_8,1,12.488447036254605,50.38491039581029,9.087194333445575,34.493663621130025,-0.007276763077658041,33.98341811486576,45.38491039581029,2.4061363501821726,38.83849103958103,0.0005805261223737965,3.38698632105455,30.38491039581029,5.245261379097456,4.193663621130044,0.009879294915044242,1.4049216826039752,3.838491039581029,0.9477196330382601,3.38491039581029,-0.0007995712472327618,3.31832410994882,20.38491039581029,3.5541921527045512,11.493663621130027,-0.0020189921562679203,val
mali_8_7.csv,mali,scenario_8,mali_scenario_8,1,17.215639827638665,70.83407981328904,13.312326374431837,51.45705878207263,0.02455635250636163,41.70729885834135,50.83014283921093,2.0033904709387795,45.83849103958103,0.0054755433551948295,6.059985110623597,40.83412984102931,8.001861439285523,27.457058782072714,0.0049207512405818185,2.3164607660680745,3.774900889214731,0.41108354075691933,3.30138921039821,-0.00024053055526277259,4.771945258951554,25.01392109381029,4.512329203604135,15.657058782072731,0.007725696625864196,val
mali_9_1.csv,mali,scenario_9,mali_scenario_9,1,88.20987654320987,100.0,29.894504532347874,100.0,0.7560840108401083,44.758024691358024,48.0,6.136751261814572,47.8,0.16635953026196929,3.8259259259259255,85.5,9.516561587277439,8.2,-0.11570912375790426,0.3790123456790123,2.9,0.841533726208094,2.5,-0.021115627822944894,0.5320987654320988,3.6,1.0279624458721517,3.1,-0.025819783197831996,train
mali_9_10.csv,mali,scenario_9,mali_scenario_9,1,70.22715393950637,99.98708340372998,39.177458301422234,99.66813731234001,1.222395648789569,53.00387380475608,64.9548464016217,9.675504093478443,64.78914034370645,0.2864689324229857,12.97614307934513,87.21884037166083,15.420474360326264,38.46002903784556,-0.4134356156782515,0.470864709641393,1.4985983257847235,0.4280892446480917,1.3923043070335903,-0.011516636203319684,0.4419009565952631,1.3796133745047283,0.3725128119691999,1.2142126258696897,-0.010299139223179802,train
mali_9_11.csv,mali,scenario_9,mali_scenario_9,1,69.45104733563318,99.94940566290876,42.242309203922865,99.79610686669656,0.42640530230459217,48.549004085372076,64.95492941203923,13.481014989753723,63.47274443391798,0.12671020626824447,8.422770527702196,94.69352376986204,17.518684492649577,9.700583958545453,-0.1567263863055296,0.3638551430683428,1.4532694407087086,0.5061296919705789,1.345297941790193,-0.006279881323971748,0.35556662730120603,1.4747928560156869,0.4932846701322499,1.3458664798666453,-0.005074583016917425,train
mali_9_12.csv,mali,scenario_9,mali_scenario_9,1,82.33688888888888,99.89,33.526672549400224,99.803,0.8888932790056384,62.59644444444445,74.95,11.64822003194519,73.679,0.2952091204675474,10.538444444444444,183.39,21.78659751454834,36.29249999999999,-0.37928682553401627,0.28677777777777774,1.4,0.46974970092922474,1.351,-0.012127834712104373,0.2511111111111111,1.28,0.40325764603865744,1.1594999999999998,-0.010385479688850473,train
mali_9_13.csv,mali,scenario_9,mali_scenario_9,1,80.4882031596688,99.994833361492,34.97101754357872,99.867254924936,0.9643958074995399,59.05942936031163,69.9548464016217,10.751257188416494,69.38348825947112,0.2794310265086752,11.775260197172292,92.4460876908965,18.562172937710407,38.46002903784556,-0.40129379359386336,0.23289149573838455,1.4985983257847235,0.4053644196452946,1.179294748651374,-0.010532077095542708,0.21853116353283708,1.3332080589977886,0.373587288210232,1.0836818055716462,-0.009658954344350795,train
mali_9_14.csv,mali,scenario_9,mali_scenario_9,1,87.49466666666667,99.89,30.082745369875475,99.76599999999999,0.6759748117051481,64.34755555555556,74.83,10.497791989470082,74.204,0.22562834917891098,10.083,113.07,21.755688882773732,56.992999999999824,-0.3424657365106803,0.18033333333333335,1.38,0.34272355945024724,1.06,-0.007349960900522698,0.17033333333333334,1.49,0.3149512179098873,1.0465,-0.0067795201053628025,train
mali_9_15.csv,mali,scenario_9,mali_scenario_9,1,82.21055866524556,99.99703696467203,34.34690456126874,99.89153763530848,0.39671505573103827,45.78881284116484,58.17011006617855,9.661538585201633,54.59654131405545,0.10983311143187219,7.43632739483453,83.24130954536432,11.346075130933079,27.654827246564807,-0.1209736237644594,0.2546986050289431,1.5386716712451696,0.4411632666162394,1.3309252539143437,-0.004280177489860535,0.22828484395506016,1.410363197088209,0.3909560922794036,1.2511159379688974,-0.003692009574906386,train
mali_9_16.csv,mali,scenario_9,mali_scenario_9,1,68.96722222222222,99.9,42.6927906454489,99.8455,1.3362792937399677,50.547333333333334,62.97,11.88347779458447,62.626999999999995,0.3561511297691072,12.975999999999999,172.4,20.760018769881746,37.184,-0.3922596205292834,0.31333333333333335,1.47,0.4341568090350083,1.2429999999999999,-0.012399390871300982,0.36666666666666664,1.49,0.5081448966142001,1.3465,-0.014960365477219413,train
mali_9_17.csv,mali,scenario_9,mali_scenario_9,1,79.29245433764156,99.99703696467203,37.12169352459579,99.88610165621282,1.0213625484801863,44.899923952275955,57.83760524290569,10.660814229876335,54.91922238933563,0.2687004613104581,9.5881267249688,97.38529644938272,20.802630178634345,55.55386698754584,-0.2571061409668515,0.2788905728283529,1.4883119788549704,0.43543811088138623,1.2267892151583344,-0.011670672999493028,0.26171365903157645,1.410363197088209,0.4164092900583598,1.338775943129144,-0.010688577724700324,train
mali_9_2.csv,mali,scenario_9,mali_scenario_9,1,70.22715393950637,99.98708340372998,39.177458301422234,99.66813731234001,1.222395648789569,53.00387380475608,64.9548464016217,9.675504093478443,64.78914034370645,0.2864689324229857,12.97614307934513,87.21884037166083,15.420474360326264,38.46002903784556,-0.4134356156782515,0.470864709641393,1.4985983257847235,0.4280892446480917,1.3923043070335903,-0.011516636203319684,0.4419009565952631,1.3796133745047283,0.3725128119691999,1.2142126258696897,-0.010299139223179802,train
mali_9_3.csv,mali,scenario_9,mali_scenario_9,1,69.45104733563318,99.94940566290876,42.242309203922865,99.79610686669656,0.42640530230459217,48.549004085372076,64.95492941203923,13.481014989753723,63.47274443391798,0.12671020626824447,8.422770527702196,94.69352376986204,17.518684492649577,9.700583958545453,-0.1567263863055296,0.3638551430683428,1.4532694407087086,0.5061296919705789,1.345297941790193,-0.006279881323971748,0.35556662730120603,1.4747928560156869,0.4932846701322499,1.3458664798666453,-0.005074583016917425,train
mali_9_4.csv,mali,scenario_9,mali_scenario_9,1,82.33688888888888,99.89,33.526672549400224,99.803,0.8888932790056384,62.59644444444445,74.95,11.64822003194519,73.679,0.2952091204675474,10.538444444444444,183.39,21.78659751454834,36.29249999999999,-0.37928682553401627,0.28677777777777774,1.4,0.46974970092922474,1.351,-0.012127834712104373,0.2511111111111111,1.28,0.40325764603865744,1.1594999999999998,-0.010385479688850473,train
mali_9_5.csv,mali,scenario_9,mali_scenario_9,1,80.4882031596688,99.994833361492,34.97101754357872,99.867254924936,0.9643958074995399,59.05942936031163,69.9548464016217,10.751257188416494,69.38348825947112,0.2794310265086752,11.775260197172292,92.4460876908965,18.562172937710407,38.46002903784556,-0.40129379359386336,0.23289149573838455,1.4985983257847235,0.4053644196452946,1.179294748651374,-0.010532077095542708,0.21853116353283708,1.3332080589977886,0.373587288210232,1.0836818055716462,-0.009658954344350795,train
mali_9_6.csv,mali,scenario_9,mali_scenario_9,1,87.49466666666667,99.89,30.082745369875475,99.76599999999999,0.6759748117051481,64.34755555555556,74.83,10.497791989470082,74.204,0.22562834917891098,10.083,113.07,21.755688882773732,56.992999999999824,-0.3424657365106803,0.18033333333333335,1.38,0.34272355945024724,1.06,-0.007349960900522698,0.17033333333333334,1.49,0.3149512179098873,1.0465,-0.0067795201053628025,train
mali_9_7.csv,mali,scenario_9,mali_scenario_9,1,82.21055866524556,99.99703696467203,34.34690456126874,99.89153763530848,0.39671505573103827,45.78881284116484,58.17011006617855,9.661538585201633,54.59654131405545,0.10983311143187219,7.43632739483453,83.24130954536432,11.346075130933079,27.654827246564807,-0.1209736237644594,0.2546986050289431,1.5386716712451696,0.4411632666162394,1.3309252539143437,-0.004280177489860535,0.22828484395506016,1.410363197088209,0.3909560922794036,1.2511159379688974,-0.003692009574906386,train
mali_9_8.csv,mali,scenario_9,mali_scenario_9,1,68.96722222222222,99.9,42.6927906454489,99.8455,1.3362792937399677,50.547333333333334,62.97,11.88347779458447,62.626999999999995,0.3561511297691072,12.975999999999999,172.4,20.760018769881746,37.184,-0.3922596205292834,0.31333333333333335,1.47,0.4341568090350083,1.2429999999999999,-0.012399390871300982,0.36666666666666664,1.49,0.5081448966142001,1.3465,-0.014960365477219413,train
mali_9_9.csv,mali,scenario_9,mali_scenario_9,1,79.29245433764156,99.99703696467203,37.12169352459579,99.88610165621282,1.0213625484801863,44.899923952275955,57.83760524290569,10.660814229876335,54.91922238933563,0.2687004613104581,9.5881267249688,97.38529644938272,20.802630178634345,55.55386698754584,-0.2571061409668515,0.2788905728283529,1.4883119788549704,0.43543811088138623,1.2267892151583344,-0.011670672999493028,0.26171365903157645,1.410363197088209,0.4164092900583598,1.338775943129144,-0.010688577724700324,train
anom_1_1.csv,anom,scenario_1,anom_scenario_1,0,56.11844444444444,99.92,40.31978308058487,99.5855,1.3800467547433835,39.620444444444445,44.85,2.7299104447224534,44.354,0.016204140428859534,29.517777777777777,39.76,5.469390980984209,38.216499999999996,-0.012578672264065525,0.9963333333333334,1.5,0.2825503832967204,1.44,0.0007152323332098612,0.987,1.47,0.28018232426664724,1.3909999999999998,-0.0007932666584351977,train
anom_1_10.csv,anom,scenario_1,anom_scenario_1,0,66.44922222222223,100.0,38.48914398900347,99.964,1.2959938263983208,42.13966666666667,45.19,1.4428907080945599,44.503,0.010445651726550603,24.712555555555557,34.83,4.523970504555969,33.05,0.014073589332016299,0.7661111111111112,1.19,0.1844377696850404,1.0965,-0.00036539490472074727,1.231111111111111,2.0,0.2658310878939601,1.6555,0.00032613079804091026,train
anom_1_11.csv,anom,scenario_1,anom_scenario_1,0,56.62188888888889,100.0,36.95285553711737,100.0,1.3420077375807706,40.757999999999996,46.43,1.9846575568539584,44.220499999999994,0.03186500390994773,25.593333333333334,39.91,4.940444186917301,33.0625,-0.0021841379594188556,1.008,1.57,0.2950002856597361,1.4619999999999997,-0.0004453224677943778,1.331,1.89,0.3255972903843304,1.7855,-0.0010724780837140394,train
anom_1_12.csv,anom,scenario_1,anom_scenario_1,0,64.55122222222222,100.0,39.16024956100765,99.8865,1.338475943532124,40.15522222222222,45.0,2.9788114015144944,44.632999999999996,0.02791677984936412,27.667333333333332,34.96,4.403019341979172,34.4195,0.004732600732600741,0.9921111111111112,1.5,0.310984281709963,1.4419999999999997,0.0005497798082067741,1.200888888888889,1.79,0.31920774273382446,1.7209999999999999,0.001169856360867597,train
anom_1_13.csv,anom,scenario_1,anom_scenario_1,0,57.11333333333333,100.0,37.16877936589473,99.8485,1.3434899781866072,41.51755555555555,47.53,2.420025680572772,45.2235,-0.009533851915874393,24.59177777777778,35.0,4.5619768477110005,32.275,0.01295501502243076,0.8593333333333334,1.19,0.1641306686895974,1.1055000000000001,-0.00027921142527884076,1.208,1.84,0.28650626990805844,1.6855,4.708400214018212e-05,train
anom_1_14.csv,anom,scenario_1,anom_scenario_1,0,71.78444444444445,99.99,36.54718800142476,99.89649999999999,1.1403241552455032,40.260222222222225,45.95,2.9413224029596474,44.861,0.016068156562538596,28.91188888888889,37.88,5.186990184926788,36.971,0.04260649462896652,1.0906666666666667,1.58,0.2873544575427061,1.4855,0.0020279046795900727,1.4492222222222222,2.08,0.34701367320073234,1.9909999999999999,0.0037317364283656405,train
anom_1_15.csv,anom,scenario_1,anom_scenario_1,0,66.05988888888889,99.9,35.122771559345765,99.7765,1.2265296127093879,43.33455555555555,45.93,1.5918162625544556,45.702,0.017614767255216688,28.426000000000002,35.91,4.383946403346616,35.157999999999994,0.051463637486109375,1.0823333333333334,1.59,0.32470228369031817,1.5455,0.002795159896283493,1.4225555555555556,2.07,0.3084559630620946,1.9474999999999998,0.00042186278141334284,train
anom_1_16.csv,anom,scenario_1,anom_scenario_1,0,65.09666666666666,100.0,38.51847827393141,99.99549999999999,1.320361196855579,40.12188888888889,48.15,2.8946874603544996,44.3615,0.011619129933736679,25.487333333333336,36.05,4.859652690230335,33.272,-0.0073317693542412675,0.6968888888888889,1.25,0.20877192783677634,1.0695,0.0005021196032431986,1.166777777777778,1.83,0.28851353940841756,1.6219999999999999,0.0008587891509239826,train
anom_1_17.csv,anom,scenario_1,anom_scenario_1,0,64.22944444444444,99.92,39.0596588167242,99.493,1.3407759805737327,39.821555555555555,44.95,2.752014955828479,44.225,-0.010603613614849575,24.979555555555553,29.99,2.9397018541445528,29.191,0.008441700621475898,1.019777777777778,1.49,0.3175431591572876,1.46,-0.003005803185578468,1.3166666666666667,1.79,0.321544726649272,1.7555,-0.0005210519817261392,train
anom_1_18.csv,anom,scenario_1,anom_scenario_1,0,63.528999999999996,99.88,38.3623035081242,99.048,1.3113037000452727,40.18066666666667,46.52,3.0711820364679796,44.536,0.01260221426513561,27.81111111111111,39.77,5.151834721606621,35.486,0.001826727579536571,0.9943333333333333,1.5,0.2887479753321691,1.45,-9.136930485244875e-06,1.3867777777777779,2.0,0.3627666095215632,1.96,0.0005812240194262671,train
anom_1_19.csv,anom,scenario_1,anom_scenario_1,0,63.04066666666667,99.87,36.18674758353059,99.35849999999999,1.2639537391447504,39.916444444444444,44.95,2.8594508434474584,44.446,-0.008254187759805728,27.456666666666667,34.99,4.574563526794022,34.501,0.00045223690167511474,0.9628888888888889,1.48,0.2785364819646942,1.4355,-0.002212124953697987,1.3735555555555556,1.99,0.3492699001789822,1.9174999999999998,-0.0018935671070502529,train
anom_1_2.csv,anom,scenario_1,anom_scenario_1,0,51.93522222222222,99.05,37.486186496360894,98.0125,1.3637208708894104,55.55733333333333,59.94,2.8462898381395787,59.461999999999996,0.014506976169897517,22.618333333333336,29.93,4.279145995340449,29.055999999999997,0.03482874428941845,2.779777777777778,3.48,0.43281928599830766,3.3955,0.0015819236942832442,1.7285555555555554,2.47,0.41623934641995924,2.3965,-0.00020504589043914893,train
anom_1_20.csv,anom,scenario_1,anom_scenario_1,0,71.61011111111111,99.88,36.618105593966575,99.1895,1.1403507428900683,39.97955555555556,44.99,2.939701854144553,44.191,0.008441700621475918,27.797444444444444,34.78,4.7687438718027675,34.3765,-0.04527217351936453,1.0606666666666666,1.49,0.29262008962805786,1.4655,-0.0004897723998847598,1.3447777777777778,1.98,0.3169844847079555,1.8755,-0.0005540601720376996,train
anom_1_21.csv,anom,scenario_1,anom_scenario_1,0,56.36033333333334,100.0,36.62943561973382,100.0,1.3239760464254848,40.200111111111106,47.39,2.3062443298280244,44.227999999999994,0.009705313413178577,24.55377777777778,33.88,4.166464720199747,31.769000000000002,0.021398197308309667,0.8107777777777778,1.16,0.1916646637250825,1.1065,0.000929909042268593,1.2183333333333335,2.35,0.32337493457998057,1.7819999999999998,-0.0004987447009918925,train
anom_1_22.csv,anom,scenario_1,anom_scenario_1,0,64.47677777777777,100.0,39.48638038068368,99.8055,1.3544123965921722,39.782777777777774,44.89,2.9711424911759807,44.457499999999996,-0.015064987447009919,27.662888888888887,34.96,4.410018279267181,34.2025,0.00506301189447257,1.014888888888889,1.48,0.2718320881441684,1.4155,-0.0002021648763221793,1.224,1.77,0.3072597261696408,1.7009999999999998,-0.00039395810182327016,train
anom_1_23.csv,anom,scenario_1,anom_scenario_1,0,65.49000000000001,99.91,36.45413162262339,99.221,1.2524150306622213,39.565,44.89,2.9637166349256185,44.589999999999996,-0.005529159978598177,28.063444444444446,34.96,4.38145329158227,34.2025,0.009419187554019012,1.0023333333333333,1.48,0.27596633079116206,1.4255,0.0011187389389636581,1.2395555555555555,1.79,0.3158470370471847,1.7055,0.0018665678890397992,train
anom_1_24.csv,anom,scenario_1,anom_scenario_1,0,66.05344444444445,99.76,37.05536550516806,99.661,1.2780312795818418,41.26855555555556,46.98,2.854966325825579,45.849000000000004,0.021252088735234778,27.950444444444443,35.72,4.052975023587331,34.1775,-0.008578836893443628,0.8553333333333334,1.35,0.23494297658621544,1.2755,0.0005643495081697322,1.1866666666666665,1.69,0.2565851808974551,1.65,0.0027405852574391883,train
anom_1_25.csv,anom,scenario_1,anom_scenario_1,0,65.22288888888889,99.92,38.99520345740158,99.522,1.3090684446639504,40.14666666666666,44.67,2.8878672975207667,44.3925,-0.021151747129275228,24.457666666666668,29.92,2.9984100843126615,29.1425,-0.0012428694900605015,0.9645555555555556,1.49,0.2891800151265027,1.4,-0.0005776021731077911,1.2074444444444445,1.79,0.30284627728505803,1.71,0.001159073136601227,train
anom_1_26.csv,anom,scenario_1,anom_scenario_1,0,53.818222222222225,100.0,39.07988164788864,99.67750000000001,1.376057620282339,40.04022222222222,47.39,1.9325525867681375,42.9755,-0.003865827056838274,24.956111111111113,33.92,4.870036959563612,33.214,0.035076346874099676,0.9979999999999999,1.48,0.28320477365366686,1.42,0.000887187718648392,1.4055555555555554,1.99,0.3525735594970637,1.9255,0.0013588508869407739,train
anom_1_27.csv,anom,scenario_1,anom_scenario_1,0,67.38855555555556,99.61,36.42371845967217,99.184,1.2203769189611882,39.64955555555556,44.89,2.772018252737186,44.071,-0.008516442359139,27.697888888888887,34.91,4.578137468899859,34.277499999999996,-0.021769848129398698,0.9843333333333334,1.49,0.29738580095011524,1.4409999999999998,0.0010807095526196649,1.266888888888889,1.8,0.32928128900817666,1.7765,0.0015815944355270191,train
anom_1_28.csv,anom,scenario_1,anom_scenario_1,0,61.82366666666667,99.99,38.94407858957521,99.813,1.3706730048977238,40.04155555555556,44.81,2.7847961663091505,44.4255,0.011133226324237551,21.492666666666665,29.66,4.537851741404328,29.028,0.008580977075359097,1.0327777777777778,1.49,0.2738121548248684,1.4109999999999998,0.000677038317487756,1.3602222222222222,1.99,0.3741296349800255,1.9655,-0.0004889492529941965,train
anom_1_29.csv,anom,scenario_1,anom_scenario_1,0,60.87277777777778,99.84,35.843213076647125,99.01350000000001,1.227816026669959,39.86988888888889,44.45,2.958948148382964,43.964999999999996,0.012248178787504628,28.106333333333335,34.91,4.540837533497317,34.1955,-0.04416076058772685,1.0294444444444446,1.48,0.23638837359531067,1.3664999999999998,0.001919990122237313,1.306,1.79,0.31848941209713316,1.74,-0.00043626785199818896,train
anom_1_3.csv,anom,scenario_1,anom_scenario_1,0,54.89466666666667,99.94,41.363253686159865,99.81099999999999,1.4646868337654853,29.403,34.41,2.7236774751728667,33.8715,0.012056385562003535,20.467888888888886,29.79,5.488128862780272,28.8745,0.012134419887228867,1.5,2.0,0.31264726866988873,1.97,-0.0010722311396468695,1.5122222222222221,1.99,0.2968667002256592,1.9155,-0.00038737292669876913,train
anom_1_30.csv,anom,scenario_1,anom_scenario_1,0,60.81788888888889,100.0,35.41833888257605,100.0,1.2816119685557885,39.96977777777778,45.9,3.191685116462256,44.8375,0.007322550109066979,27.52211111111111,38.14,5.093212379929407,35.039500000000004,0.011008354940939212,0.9987777777777778,1.62,0.3177513259116344,1.4919999999999998,-0.0008526978639338189,1.3322222222222222,1.97,0.2722349356250618,1.7574999999999998,0.0003801292340618181,train
anom_1_4.csv,anom,scenario_1,anom_scenario_1,0,55.840666666666664,99.82,33.01115102030514,99.533,1.2179492118368525,44.542,49.72,2.887365425630014,49.25,-0.017568588714656132,25.428,34.79,5.459287149415689,33.874500000000005,0.015267728526155499,1.4989999999999999,1.99,0.2978577067714483,1.9655,-0.0018164382434045364,1.3144444444444443,1.8,0.2978088939711835,1.73,-0.0004663950281927811,train
anom_1_5.csv,anom,scenario_1,anom_scenario_1,0,60.14366666666667,99.88,34.90221007940566,99.604,1.2662757542083385,40.54688888888889,44.7,1.9913942066783266,43.4755,-0.022941268469358362,28.23511111111111,34.94,4.141119168177087,34.519999999999996,-0.006817796435773962,1.007,1.49,0.30132460379785225,1.4555,-0.002581964851627773,1.237111111111111,1.79,0.3057767579752468,1.76,-0.0002456270321438859,train
anom_1_6.csv,anom,scenario_1,anom_scenario_1,0,61.08722222222222,99.98,38.97127103847855,99.77,1.3683304934765608,40.13388888888889,44.84,2.8950072070875126,44.5965,-0.007737827715355806,27.68988888888889,34.84,4.448110947216982,34.1215,0.007643001193562984,0.7014444444444444,1.1,0.2391631529580465,1.071,0.0008640572910235828,1.1151111111111112,1.46,0.20191913190733615,1.43,-0.0015047125159484698,train
anom_1_7.csv,anom,scenario_1,anom_scenario_1,0,66.81011111111111,99.99,35.59026825368893,99.64649999999999,1.2274508787093052,43.040333333333336,45.99,1.5521116098522696,45.641000000000005,0.02210602131950446,27.85355555555556,34.9,3.421522530900999,32.615,-0.030450672922583046,1.028,1.48,0.2681488769782918,1.38,0.0001634769724657361,1.2617777777777779,1.74,0.2603177737321232,1.6655,0.00180203317281969,train
anom_1_8.csv,anom,scenario_1,anom_scenario_1,0,59.730555555555554,100.0,35.694516223811405,100.0,1.2831347903033294,39.61333333333333,44.94,3.1058976158270255,44.3675,0.013317199654278291,27.801000000000002,36.8,4.124879582852535,34.758,-0.006519734946701232,0.9718888888888889,1.5,0.2973700998413432,1.4055,-0.0004289418446721815,1.3052222222222223,1.79,0.2713148499718196,1.7455,0.0006143145244268841,train
anom_1_9.csv,anom,scenario_1,anom_scenario_1,0,65.63322222222222,99.87,38.843053514812105,99.5685,1.2937425196526322,40.083777777777776,45.0,3.0713524370802907,44.632999999999996,0.025411696917314888,27.68811111111111,34.96,4.3981865247641245,34.7005,-0.006069308968185376,0.9855555555555556,1.49,0.31016889603877523,1.42,-0.0002742725439354654,1.2095555555555555,1.79,0.31648672198610195,1.7209999999999999,0.0005900316911552868,train
anom_10_1.csv,anom,scenario_10,anom_scenario_10,0,14.777333333333333,18.75,1.8454881513718617,17.5655,-0.0020596781495657883,40.072111111111106,49.45,3.1836677648513843,45.298,-0.003977034201753301,25.232999999999997,34.52,3.3281065406725516,30.363,-0.013835205992509357,0.34911111111111115,1.24,0.43831558187378905,1.111,-0.013213812404823643,0.5064444444444445,1.89,0.6437064567773721,1.6664999999999999,-0.019362719677326407,train
anom_10_10.csv,anom,scenario_10,anom_scenario_10,0,20.110555555555557,24.56,1.8215386514363767,23.2855,-0.002832036876980699,44.57633333333333,52.91,3.280910551195174,50.153,-0.015629007696423433,29.846888888888888,39.93,4.390046618585991,37.3625,0.013575997036671186,0.8085555555555555,1.71,0.597484541873493,1.61,-0.0003066222167345779,0.5845555555555555,1.24,0.42324100264164344,1.101,0.000815656253858499,train
anom_10_11.csv,anom,scenario_10,anom_scenario_10,0,14.802111111111111,18.7,1.8702691595298893,18.0095,0.004634563937934721,40.163666666666664,48.16,2.8929505369067003,45.632999999999996,0.017168127752397403,29.95033333333333,49.26,5.380987848408421,38.528499999999994,-0.015584887023089274,0.5026666666666667,1.84,0.6165066499545663,1.4609999999999999,-0.019232991727373753,0.39055555555555554,1.34,0.47139611223652483,1.2009999999999998,-0.01488109643165823,train
anom_10_12.csv,anom,scenario_10,anom_scenario_10,0,15.020777777777779,20.55,2.216874116619802,18.428,-0.0005440177799728322,45.533111111111104,52.9,3.230570146376901,50.7585,-0.009553936700004123,30.61711111111111,42.43,4.366168516629368,37.3155,0.02224768489937029,0.963111111111111,2.25,0.7281462447940937,1.8519999999999999,0.0012613902950981601,0.7050000000000001,1.58,0.5286834400426034,1.3255000000000001,0.000773840391817919,train
anom_10_13.csv,anom,scenario_10,anom_scenario_10,0,20.156333333333333,24.96,2.9509253738103496,24.6055,-0.015795612627073307,44.958444444444446,49.72,2.6969787137224785,49.382,-0.005379923447339174,27.435555555555553,34.99,4.7382934658787255,34.371,0.011996048894925304,0.38666666666666666,1.41,0.5243958535647997,1.33,-0.016377495164012015,0.35644444444444445,1.29,0.4813284778822819,1.2255,-0.014714079927563068,train
anom_10_15.csv,anom,scenario_10,anom_scenario_10,0,20.32359872590317,24.874698920013437,2.886504551895634,24.52783686644279,0.00921397792125967,39.82951678125756,44.84685358961609,2.850197895518145,44.18645255745821,0.021185765767588106,25.247155375801388,29.949653112683805,2.7809233913520477,29.48733195285095,-0.012521392480780298,0.3975245586923324,1.492731842782254,0.5416768449578381,1.3526864242914012,-0.016508907318442432,0.35187837470048294,1.2691988279566149,0.47467476473557846,1.1931154256192729,-0.014449123193818874,train
anom_10_16.csv,anom,scenario_10,anom_scenario_10,0,15.194,17.92,1.7321356565189314,17.7195,0.0055359920977898535,40.41433333333333,42.92,1.4249849595106114,42.591,0.010593159649339419,30.24733333333333,34.95,2.7810445050962134,34.486999999999995,-0.012527801786228743,0.6394444444444444,1.59,0.6337056366780662,1.513,-0.020292628719595016,0.5694444444444444,1.39,0.5602233926639356,1.341,-0.01792278882166522,train
anom_10_17.csv,anom,scenario_10,anom_scenario_10,0,15.110555555555557,19.56,1.821538651436377,18.2855,-0.0028320368769806973,39.57633333333333,47.91,3.2809105511951735,45.153,-0.01562900769642343,29.846888888888888,39.93,4.390046618585991,37.3625,0.013575997036671186,0.42800000000000005,1.68,0.5896508203060863,1.4719999999999998,-0.01777388154916244,0.34744444444444444,1.45,0.4742671723949335,1.2074999999999998,-0.014389348479236116,train
anom_10_18.csv,anom,scenario_10,anom_scenario_10,0,15.162555555555556,19.94,1.9619026313966625,18.427,-0.006541466024612094,40.175444444444445,47.4,3.0058662350014176,44.615,-0.000747499691319916,29.773222222222223,41.13,4.582312557762587,36.7155,-0.005760134996090053,0.8302222222222222,1.9,0.6365708302871992,1.5755000000000001,0.00031444211219492263,0.6,1.38,0.4474697905816058,1.0655000000000001,-9.186319298678855e-05,train
anom_10_19.csv,anom,scenario_10,anom_scenario_10,0,25.099777777777778,30.96,1.839543774520473,27.8495,-0.0033790179857595636,40.49311111111111,48.64,3.1159970159237864,45.3775,-0.0022020825616331117,30.17766666666667,40.78,5.400422174508337,38.01199999999999,-0.002734082397003734,0.42777777777777776,2.04,0.6312761780582018,1.511,-0.018865538955426597,0.2896666666666667,1.16,0.4261071501052129,1.091,-0.012884471333909535,train
anom_10_2.csv,anom,scenario_10,anom_scenario_10,0,16.602666666666668,21.05,1.8981876631393386,19.8905,0.0031878832777709138,37.65711111111111,44.29,2.951878565620086,42.2985,0.010643618553730904,28.96466666666667,40.93,4.781851505455259,35.8885,-0.01488183726385974,0.4875555555555556,1.23,0.45238273323408307,1.15,-0.014262336914022301,0.6612222222222222,1.86,0.6321104792103913,1.6194999999999997,-0.01974276659669918,train
anom_10_20.csv,anom,scenario_10,anom_scenario_10,0,15.110555555555557,19.56,1.821538651436377,18.2855,-0.0028320368769806973,39.57633333333333,47.91,3.2809105511951735,45.153,-0.01562900769642343,29.846888888888888,39.93,4.390046618585991,37.3625,0.013575997036671186,0.8085555555555555,1.71,0.597484541873493,1.61,-0.0003066222167345779,0.6512222222222223,1.34,0.4680363660550987,1.2009999999999998,0.0008156562538584991,train
anom_10_21.csv,anom,scenario_10,anom_scenario_10,0,15.107555555555557,22.9,3.0785274135866887,20.0,0.002778450014405079,40.13877777777778,52.62,5.362880080614444,47.732,0.04190023459686381,29.219,48.93,8.180089014927333,42.799,-0.010746923488496528,0.43455555555555553,1.81,0.6022209104380127,1.5149999999999997,-0.018259949788039683,0.37666666666666665,1.58,0.5113783972446815,1.3065,-0.015355146725933242,train
anom_10_22.csv,anom,scenario_10,anom_scenario_10,0,15.162111331735172,19.93530211286921,1.9614525554533615,18.424655555150274,-0.006536238050030451,45.17583736631791,52.39597524618443,3.0059425055573175,49.61744671824212,-0.0007614824248763255,29.772785403458876,41.12524819411597,4.582480998708718,36.71812129380144,-0.0057535417235310944,0.4133018681804786,1.895738195288244,0.6079524953869322,1.482208375374919,-0.018217773212235045,0.2765927971887068,1.335982061595863,0.409843583373903,1.0183007433474895,-0.0124435643907214,train
anom_10_23.csv,anom,scenario_10,anom_scenario_10,0,15.099777777777778,20.96,1.8395437745204732,17.8495,-0.00337901798575956,40.49311111111111,48.64,3.1159970159237864,45.3775,-0.0022020825616331117,30.180777777777777,40.78,5.391490429481074,38.01199999999999,-0.0027179487179487126,0.43655555555555553,1.76,0.5933454213303855,1.4055,-0.018181421574679998,0.3455555555555555,1.43,0.4713263882859008,1.1855,-0.01396979050911635,train
anom_10_24.csv,anom,scenario_10,anom_scenario_10,0,15.099777777777778,20.96,1.8395437745204732,17.8495,-0.00337901798575956,40.49311111111111,48.64,3.1159970159237864,45.3775,-0.0022020825616331117,30.17766666666667,40.78,5.400422174508337,38.01199999999999,-0.002734082397003734,0.8127777777777778,1.5,0.599376132170135,1.4655,0.0008228999464954501,0.6717777777777778,1.3,0.5014979309842895,1.2755,0.0004955344281186973,train
anom_10_25.csv,anom,scenario_10,anom_scenario_10,0,19.89966666666667,24.95,3.0494337105528593,24.3875,-0.007754455282545168,44.913777777777774,49.9,2.7866747844979685,49.2795,-5.564472980203895e-05,25.412333333333336,29.86,2.7766271876731743,29.5415,-0.015949705724986628,0.40688888888888886,1.49,0.5431424264231012,1.321,-0.016749722187924428,0.371,1.38,0.49891579078250753,1.2565,-0.015206568712186695,train
anom_10_26.csv,anom,scenario_10,anom_scenario_10,0,15.099777777777778,20.96,1.8395437745204732,17.8495,-0.00337901798575956,40.49311111111111,48.64,3.1159970159237864,45.3775,-0.0022020825616331117,30.17766666666667,40.78,5.400422174508337,38.01199999999999,-0.002734082397003734,0.8175555555555556,1.76,0.5794656800941632,1.4309999999999998,-0.001400008231468902,0.6116666666666666,1.35,0.4389063271871844,1.0955000000000001,0.0009620117710005366,train
anom_10_27.csv,anom,scenario_10,anom_scenario_10,0,12.521333333333335,14.84,1.4532027395539795,14.690999999999999,0.00413565460756472,40.18988888888889,44.77,2.8447987209636647,44.132,-0.0027907149030744517,24.538999999999998,29.84,2.820317557225694,28.8705,0.0028633164588220818,0.37066666666666664,1.47,0.5383553815593681,1.311,-0.016750874593571222,0.3408888888888889,1.3,0.49639972214418,1.2374999999999998,-0.015206651026875741,train
anom_10_28.csv,anom,scenario_10,anom_scenario_10,0,20.05251457338866,24.85418926928248,2.7047924788135385,24.44055904040866,-0.0010147971510538133,40.54167963810395,44.982237133586096,3.013695071538322,44.61685135703179,0.0028795364276786835,24.6804810785674,29.766770624736097,2.7341923362042237,29.09572416279857,-0.0013597151693159706,0.8995825010301938,2.493375606333706,1.0590909133545288,2.386703960305074,-0.03401475898697798,0.606073636019938,1.7837651964232124,0.702371850970285,1.667238093013146,-0.022496084882111255,train
anom_10_3.csv,anom,scenario_10,anom_scenario_10,0,17.609333333333332,21.52,1.896350605235627,20.4465,-0.006268263571634367,36.97277777777778,44.39,2.7557449808537484,41.038,0.00312705272255835,31.03344444444445,39.85,3.309849163578751,36.5545,0.013280075729513922,0.47122222222222226,1.28,0.4480289611871335,1.15,-0.01389117998106762,0.6833333333333333,1.89,0.6468627834975184,1.621,-0.02026439478124871,train
anom_10_4.csv,anom,scenario_10,anom_scenario_10,0,18.648333333333333,23.52,2.04236932798897,22.1175,-0.0115667777914969,35.461555555555556,42.48,3.121492336526115,40.743,-0.010725110095896608,32.721666666666664,45.32,4.685054710507599,40.1265,-0.012833106967938422,0.30522222222222223,1.35,0.4100102157614053,1.111,-0.01203630077787381,0.45533333333333337,1.9,0.5999423193248281,1.5519999999999998,-0.017519364530600483,train
anom_10_5.csv,anom,scenario_10,anom_scenario_10,0,25.480777777777778,35.15,3.1547083512621406,31.1465,-0.001357286907848707,44.650444444444446,56.62,5.249933099865051,52.742,0.05365403136189655,29.685222222222222,39.37,4.0261215138697,36.1395,0.022555788780507884,0.2937777777777778,1.22,0.43387612216883376,1.09,-0.012763715685063999,0.42188888888888887,1.82,0.6245697745215844,1.5914999999999997,-0.0188425731571799,train
anom_10_6.csv,anom,scenario_10,anom_scenario_10,0,19.89677777777778,24.26,1.9263966640766876,23.133,0.00421640531752891,45.28022222222222,52.11,2.5805573728473483,48.86,0.007188541795283365,26.292555555555555,37.73,4.850652350686036,33.5045,0.050184878791620334,0.5127777777777778,2.0,0.7116747580871313,1.82,-0.02170975840638762,0.2816666666666667,1.16,0.40301462320473413,1.09,-0.012125365271432684,train
anom_10_7.csv,anom,scenario_10,anom_scenario_10,0,20.23576226387704,24.969729880758607,2.5376912429660963,24.149479575120235,0.013095053667480478,45.10113624633505,49.875873151287806,2.7677431263218417,49.71380593923178,0.0030783762658840295,24.928105824163836,29.957998930179592,3.1233544925831973,29.30014169572204,0.014407569459665698,0.4916334227571356,1.4977492134835624,0.5930629291515526,1.4550492615124175,-0.018795791523574294,0.622412747615398,1.9402106324862631,0.7239431082434475,1.7789888148492015,-0.02266230878585046,train
anom_10_8.csv,anom,scenario_10,anom_scenario_10,0,20.03611111111111,24.82,2.8811895539763737,24.3695,-0.00010297567600937841,39.69211111111111,44.9,2.9284929185559694,44.641,-0.015239494587809195,25.018333333333334,29.89,2.9139838169408656,29.5145,-0.00115265259085484,0.476,1.19,0.46881826094740875,1.15,-0.015358274684117388,0.6291111111111111,1.49,0.617466087763593,1.42,-0.02009186319298678,train
anom_10_9.csv,anom,scenario_10,anom_scenario_10,0,20.323666666666668,24.87,2.8864232561222107,24.526999999999997,0.009226735811005473,44.82988888888889,49.85,2.8507095487502445,49.1875,0.021195456229164102,25.247333333333337,29.95,2.781044505096214,29.487,-0.012527801786228754,0.3973333333333333,1.49,0.5415412877077195,1.351,-0.016503930526402436,0.35188888888888886,1.27,0.47466107232742527,1.1955,-0.014440054327694771,train
anom_11_1.csv,anom,scenario_11,anom_scenario_11,0,59.590111111111106,98.68,34.95361942951646,97.5595,0.016849899164505907,45.11288888888889,74.0,26.609659741540273,72.116,0.013158332304399717,16.113777777777777,49.26,15.340199563457173,45.2705,0.008554636374861107,0.8656666666666666,2.48,0.7402733324533398,2.26,0.0007415730337078652,0.6172222222222222,1.5,0.43839089780229823,1.3909999999999998,0.0008821665226159605,val
anom_11_10.csv,anom,scenario_11,anom_scenario_11,0,62.19244444444444,92.01,24.805568390404535,85.753,-0.10956644853274068,68.83677777777778,95.9,22.626820211231866,92.98,0.006882907354817472,14.531888888888888,63.37,20.915749933206186,58.919,-0.09366250977486934,0.855111111111111,3.1,0.866821968223151,2.8739999999999997,-0.004539984360209078,0.7258888888888889,2.59,0.6818364073529735,2.3659999999999997,-0.002809153393423056,val
anom_11_11.csv,anom,scenario_11,anom_scenario_11,0,31.972666666666665,95.95,22.815543627343967,95.95,-0.08601753302876897,46.474,64.12,21.540398043331713,64.12,0.0024170885294480804,15.252666666666666,41.03,12.815424589756299,41.03,-0.0627445363625139,1.1726666666666667,2.36,0.693408451707128,2.36,-0.0034730213606618088,1.0813333333333333,2.57,0.6733968894986944,2.57,-0.00299888875169774,val
anom_11_12.csv,anom,scenario_11,anom_scenario_11,0,76.21222222222222,107.05,36.82311465009896,105.978,-0.05217944602214266,67.52955555555556,94.15,30.43570016845464,93.2595,-0.024913857677902596,14.256555555555554,37.15,8.027806612875827,35.0015,-0.03165847635510556,0.9494444444444444,3.39,0.6191083859132543,2.5885,-0.0029155039716837463,0.9406666666666667,2.83,0.5402055372466207,1.9684999999999997,-0.001469481829032391,val
anom_11_13.csv,anom,scenario_11,anom_scenario_11,0,17.08277777777778,64.35,14.958261707860604,58.02499999999999,-0.05696234102975676,59.14544444444444,84.27,30.61613730181186,84.00649999999999,-0.06779791743836687,8.205111111111112,26.98,8.819450445877617,25.976499999999998,-0.04917973412355435,1.8171111111111111,6.44,2.1458610510554856,6.273,-0.010056550191381654,1.397888888888889,4.39,1.3637024078509676,4.141,-0.0061452031114952455,val
anom_11_14.csv,anom,scenario_11,anom_scenario_11,0,39.529222222222224,99.17,32.61659694108934,97.172,0.11238926616454709,50.74988888888889,97.36,31.179138498611625,95.493,0.001397456476108157,37.57888888888889,89.5,27.365482664265027,83.33749999999999,0.012029633288060258,2.519111111111111,6.15,2.0057869337172036,5.8454999999999995,0.005213812404823637,2.1767777777777777,5.17,1.6897143085280555,4.995,0.004515207638803144,val
anom_11_15.csv,anom,scenario_11,anom_scenario_11,0,63.151777777777774,100.0,39.29259276558621,98.3595,-0.005372185866567894,50.61677777777778,99.34,34.62402023366255,96.675,-0.02058287031320743,23.078111111111113,78.63,27.304394670128143,73.52999999999999,-0.042239371115775644,1.6043333333333332,4.99,1.444673323362744,4.6285,-0.0029793801703914065,1.2801111111111112,3.97,1.026674017435624,3.3064999999999993,-0.0011717495987158915,val
anom_11_16.csv,anom,scenario_11,anom_scenario_11,0,59.54855555555555,99.81,37.5058667039702,98.0495,0.0015801950858130595,53.822444444444436,94.48,29.91674091902359,89.6185,-0.00367666790138701,7.077555555555556,36.97,9.007944971481479,29.729499999999994,-0.01710696793842862,0.46088888888888885,1.52,0.3907372589005732,1.3394999999999997,-0.00045520023048112914,0.40555555555555556,1.18,0.313236497906094,0.9974999999999998,0.0004991562744371732,val
anom_11_17.csv,anom,scenario_11,anom_scenario_11,0,31.064222222222224,84.65,32.344775657122945,79.695,0.019406675721282473,30.46366666666667,79.51,29.161287769610283,74.2055,0.010681400996007725,21.83822222222222,54.69,21.227297539935194,52.5775,0.016148331069679396,10.567,29.22,10.141210225188148,25.108,-0.0005884677120632143,10.966333333333333,29.47,10.641322196507707,28.0595,0.009387249454665176,val
anom_11_18.csv,anom,scenario_11,anom_scenario_11,0,37.699333333333335,93.63,39.44656060255173,91.58399999999999,-0.19000255175536074,36.27822222222222,91.73,36.114726324287055,90.71,-0.14031065563649836,8.381222222222222,47.39,14.029264904843991,41.6945,-0.078096637444952,0.5096666666666666,1.86,0.5745373321790461,1.6459999999999997,-0.0031858254105445113,0.46655555555555556,1.69,0.4952678565058408,1.27,-0.003268304728978887,val
anom_11_19.csv,anom,scenario_11,anom_scenario_11,0,21.489,90.76,29.447869690791613,84.8625,0.027075852985965355,43.461999999999996,84.47,16.316905701921343,77.77749999999999,0.013142198625344687,8.955444444444444,34.52,9.56327715926757,27.79,0.012583034942585494,0.8855555555555555,3.16,0.8954718938131103,2.7984999999999998,-0.0002859612297814554,0.87,3.01,0.874372969554549,2.561,8.231468905637178e-07,val
anom_11_2.csv,anom,scenario_11,anom_scenario_11,0,62.94333333333333,97.22,32.82841270757507,96.7115,0.0896983166646088,51.669,77.82,26.911597059485988,77.2165,0.1231715026546487,19.275111111111112,54.72,15.364018101873825,48.438,0.012513808289089191,1.002,2.79,0.8152551127569851,2.6085,-0.003365024488619994,0.7163333333333333,1.76,0.48173480979299393,1.6449999999999998,0.0005469811087788614,val
anom_11_20.csv,anom,scenario_11,anom_scenario_11,0,45.40711111111111,94.65,31.02448352636033,89.5485,-0.06516047248631518,41.39011111111111,78.46,18.835332056945024,71.6415,0.03716187183602915,11.935111111111112,44.78,10.942241543098726,40.5015,-0.057206568712186684,0.7294444444444446,1.93,0.5044395290338923,1.65,-0.0006613985265670661,0.6495555555555556,1.62,0.42573112554865405,1.3555000000000001,0.0002448038852533234,val
anom_11_21.csv,anom,scenario_11,anom_scenario_11,0,32.241043226909056,93.1838172315591,28.76145954609642,89.93443496734369,-0.025154708833243916,42.931919967659034,64.9822371335861,21.915046369331026,64.45953779229791,-0.014597103999548663,25.89511886808792,96.52488469600348,32.44108881985562,94.11599362126326,-0.032805191546201554,1.5980112786860767,4.792828435834231,1.499552002202453,4.729049228355448,-0.0022321369464300615,1.4018022864701392,3.808582127826624,1.1247667147979206,3.7408257070303317,-2.8973105462674864e-05,val
anom_11_22.csv,anom,scenario_11,anom_scenario_11,0,43.91977777777778,97.91,42.371334490040745,97.0515,0.1868373873317693,38.07611111111111,74.58,29.010717844878574,72.316,0.1066392558752109,16.951666666666668,39.99,13.136638724053125,37.51749999999999,0.06154315347573771,1.8047777777777778,4.97,1.4815033571522653,4.4085,0.007741614191052389,1.8485555555555555,4.9,1.5280299140485487,4.6155,0.0028409268633987706,val
anom_11_23.csv,anom,scenario_11,anom_scenario_11,0,21.810755584909703,99.7057416940524,32.07348410146957,85.95946825952363,-0.0439399861725569,23.30912217947348,77.60506203314844,24.27936007914198,75.62564067525274,-0.01767850867849169,18.27321726830993,59.62316315472513,23.649151375155693,56.91560270492613,-0.016275796121722065,1.1618493047369856,3.937920812591882,1.3455145962138177,3.5103098557876344,-0.0038611776662357848,0.8645601134876479,2.861505222801933,0.910163424678103,2.6218000421457344,-0.0008384093935891095,val
anom_11_24.csv,anom,scenario_11,anom_scenario_11,0,62.50911111111111,98.78,32.415728934377924,93.9665,-0.09627707124336335,63.306111111111115,89.37,32.31084486581204,86.321,-0.14700390994773013,11.15188888888889,46.63,11.722775670706913,44.2555,-0.05742807754043707,1.1323333333333332,3.14,0.7560186223257803,2.85,-0.004978968596946125,1.1208888888888888,3.09,0.759245107710956,2.9185,-0.0037290200436267866,val
anom_11_25.csv,anom,scenario_11,anom_scenario_11,0,45.117222222222225,99.77,41.38551176839651,98.1075,0.36439338189899995,47.81866666666667,93.71,32.574295967108924,92.6245,0.05497007861052801,44.83522222222222,116.74,35.520631739364454,104.883,0.16526229575667775,1.462888888888889,3.98,1.1025886236075828,3.5839999999999996,0.0008847182779767045,1.3547777777777776,3.99,1.054045420186071,2.9959999999999996,0.00459324196402848,val
anom_11_26.csv,anom,scenario_11,anom_scenario_11,0,45.27033333333333,83.59,29.034584780409485,81.3805,0.538578343005309,52.96711111111111,79.84,21.98321817769614,78.5825,0.21225715108861168,28.621,54.51,15.64616656571977,50.192499999999995,0.1531049100712022,1.776111111111111,2.97,0.7914667005486732,2.9055,0.011247396797958595,1.4142222222222223,2.48,0.6883900412838834,2.4,0.010289171502654649,val
anom_11_27.csv,anom,scenario_11,anom_scenario_11,0,65.82622222222221,94.84,31.05391963816939,92.7505,0.0016665431946330782,68.183,99.74,29.069530611965508,94.229,0.001338025270609537,11.781222222222222,52.92,15.02562244800735,49.50699999999999,0.0016322179692966126,1.2375555555555555,2.14,0.6528456484492533,1.9755,-7.671729020043568e-05,0.8287777777777778,1.68,0.4711158825400849,1.4809999999999999,-0.0004294357328065193,val
anom_11_28.csv,anom,scenario_11,anom_scenario_11,0,32.031555555555556,97.72,28.895442660423505,93.132,-0.13394987035436473,62.89688888888889,84.95,26.202756251128523,84.06099999999999,-0.011308885870683636,19.71211111111111,59.96,15.761433837590067,52.321,-0.07347828950076142,1.9484444444444442,5.86,1.620938077067687,5.255499999999999,-0.008232456681894883,1.2773333333333332,3.99,1.0212228844749225,3.430499999999999,-0.006348767337531382,val
anom_11_3.csv,anom,scenario_11,anom_scenario_11,0,63.65222222222222,98.71,32.915886870770905,97.0,0.10582541054451164,51.46633333333334,78.61,27.378940543434087,77.6245,0.09317685310943734,18.201777777777778,54.77,14.821024967041177,48.432,-0.0013310285220397625,1.026,2.78,0.8301696049806376,2.6155,-0.0007406675721282461,0.6964444444444444,1.77,0.45930653912055436,1.5259999999999996,0.0011441741778820424,val
anom_11_4.csv,anom,scenario_11,anom_scenario_11,0,63.62211111111111,98.92,33.28766314965716,96.9705,0.08478997407087298,51.537,77.71,27.208028575932584,77.49549999999999,0.12513553113553114,18.648555555555557,53.88,14.981789512313304,48.24649999999999,-0.017263283532946466,1.0061111111111112,2.74,0.7866879718437898,2.4274999999999998,-0.001207968061900646,0.7164444444444444,1.78,0.49030903144558086,1.68,-0.00039511050747005784,val
anom_11_5.csv,anom,scenario_11,anom_scenario_11,0,28.477930137267904,101.47991767224522,39.6799969228401,96.11532370772002,-0.23995306234762778,27.879874240193324,93.05926223062056,30.52041529794736,87.72952616877386,-0.1966781717918913,16.76756070422093,58.867829946341175,18.432132167325836,51.1696269581134,-0.1407083685674834,0.42814712687873535,1.5074142680766884,0.5177148726790478,1.3419982149038046,-0.0037660120999753184,0.529493021716466,1.9365833093177005,0.6257673792456625,1.7753038367911718,-0.0047935459808693195,val
anom_11_6.csv,anom,scenario_11,anom_scenario_11,0,53.82288888888889,100.0,36.13414726131118,91.211,0.3781958266452646,61.73888888888889,91.44,32.02480023688259,90.1335,0.16286981931925767,8.216444444444445,39.28,7.066437735674163,25.434499999999993,0.02537449067786145,0.674,2.01,0.4218626433895758,1.3719999999999999,0.0007780384409597906,0.9533333333333333,2.13,0.556148472618154,1.7029999999999998,-0.0010314030538749635,val
anom_11_7.csv,anom,scenario_11,anom_scenario_11,0,43.876457678294905,91.6250516447884,27.0382605476081,88.87668895492934,0.016709537741829806,70.73197065985951,100.0,23.213266327729595,97.20848685948478,0.07379714194946914,23.49864962618238,39.629317133347016,7.314381227091915,34.84901251710093,-0.00320707852385245,1.4074402756228712,2.7753035734687783,0.6978229645307624,2.534215152698112,0.0002265027247183691,1.6267559361611161,2.9846512678095496,0.6764052371357745,2.6494053138921587,0.0008852051466818961,val
anom_11_8.csv,anom,scenario_11,anom_scenario_11,0,42.31722222222223,98.72,38.54318019297662,95.91199999999998,-0.14171831913404945,37.74888888888889,89.51,25.91989992717384,85.16299999999997,-0.06433798411326498,7.877222222222223,32.47,9.524355418076212,29.15349999999998,-0.01785282133596741,0.535,2.02,0.6014799164457949,1.7994999999999988,-0.0008235584640079017,0.3644444444444444,1.18,0.4460339864893935,1.1755,-0.0007976293369551794,val
anom_11_9.csv,anom,scenario_11,anom_scenario_11,0,58.322368194450874,99.9,24.659891882890186,79.72796617961409,-0.007170439321754277,58.68860929751476,79.22005467004553,19.993797823789,74.08717854217693,0.0011673723964478004,7.376072141652296,35.05532684988068,9.47918397465749,31.17500897437548,-0.012493098619427821,1.2029758045907486,3.149961808431156,0.7419614954732584,2.792159008085425,-0.0025246741464980175,1.1955354697370963,3.118484841427318,0.7344238792668915,2.787875249825403,-0.0005722239689007075,val
anom_12_1.csv,anom,scenario_12,anom_scenario_12,0,18.684221239820708,39.69762526690134,14.090839978684027,38.3875484210529,-0.40243413557789914,49.37123188661273,55.52381836204003,2.836522490246749,54.44559774900235,0.006877230417164684,19.674907942666646,49.355542327476215,16.67749983321037,46.20469219959724,-0.4451019861701579,0.8264768474361531,1.993033502073045,0.6427620669947762,1.8758526651404024,-0.016509785076476567,1.0958620242281543,2.3543213690289124,0.8429611435952569,2.229900938888888,-0.02298016163049173,train
anom_12_10.csv,anom,scenario_12,anom_scenario_12,0,11.399666666666667,34.27,11.430467019861211,28.817499999999995,-0.37997752808988744,42.83288888888889,45.5,1.4568283577416041,45.03,0.003671070502531178,18.019333333333332,48.57,18.863522899495088,47.114,-0.5821212495369797,0.5908888888888889,1.48,0.5878481888494539,1.4055,-0.019130921512943978,0.49522222222222223,1.29,0.4885526153113811,1.1755,-0.015726797547022258,train
anom_12_11.csv,anom,scenario_12,anom_scenario_12,0,15.311195023485915,29.81204838002015,11.293680042364958,29.084588077389522,-0.3280305114689299,46.9995497843959,54.22385553770931,2.963450651066464,52.127464623007725,0.012764893376555383,24.199930101048007,49.848959338051415,18.48489610276121,47.8489608149907,-0.5546076273085733,0.8839455744800009,1.789616918260363,0.6715269918787201,1.7448472733511513,-0.018928941506411313,0.7917205617350729,1.6864873561340712,0.6061015340812509,1.6086422030963476,-0.018042980198048394,train
anom_12_12.csv,anom,scenario_12,anom_scenario_12,0,11.297609743425252,29.28545250821627,11.1167320675409,28.123102414684503,-0.3551241884839842,40.66410883854455,46.62991762299149,2.8450795233578146,45.604016854735185,-0.09126737756144786,15.444864359405344,39.68833066156982,16.072666939210908,38.64999197590514,-0.50527821132875,0.5713374580977155,1.4782722844071587,0.5682653268815756,1.3947947209708895,-0.018617005175197515,0.5234895906196253,1.2613459041456847,0.5148715498410685,1.228694227940007,-0.016295539392126628,train
anom_12_13.csv,anom,scenario_12,anom_scenario_12,0,8.062555555555555,29.47,10.35668373033266,27.870999999999995,-0.3111828620817384,43.052,45.85,1.4221278565759967,45.303,0.010852533234555711,11.836222222222222,48.22,17.2452320443846,44.452999999999996,-0.5135547598468945,0.41233333333333333,1.47,0.5372674307408103,1.3764999999999998,-0.016379388401860318,0.429,1.43,0.5542016223381586,1.3955,-0.016929744412890475,train
anom_12_14.csv,anom,scenario_12,anom_scenario_12,0,6.898777777777777,29.05,9.762573319326776,27.253,-0.28056130386467454,42.52277777777778,44.79,1.4430671360166119,44.673,-0.001299995884265555,8.467222222222222,38.95,13.153634950916516,36.728,-0.3742510598016216,0.35044444444444445,1.47,0.46432483571167776,1.2639999999999998,-0.013917767625632795,0.3794444444444444,1.44,0.4936458292582549,1.351,-0.014055150841667686,train
anom_12_15.csv,anom,scenario_12,anom_scenario_12,0,6.235666666666667,24.47,8.188159861050119,22.870999999999995,-0.24043174054410013,50.21644444444445,57.32,2.172420237405769,53.716,-0.006249495822529532,9.335333333333333,38.51,13.599285110093762,35.3775,-0.40264246614808447,0.41233333333333333,1.47,0.5372674307408103,1.3764999999999998,-0.016379388401860318,0.377,1.24,0.4788526784309025,1.21,-0.01462806107749928,train
anom_12_16.csv,anom,scenario_12,anom_scenario_12,0,9.951666666666666,29.86,11.743555560008692,29.3105,-0.37240803391365185,41.62722222222222,44.84,2.0386639311617127,44.5195,-0.014151129769107288,14.331,49.94,18.004860707629028,43.6835,-0.5643186401613369,0.4632222222222222,1.49,0.5390791728093414,1.42,-0.01720121825739803,0.43533333333333335,1.3,0.4833780942724567,1.2355,-0.0151561098077952,train
anom_12_17.csv,anom,scenario_12,anom_scenario_12,0,6.2858782003229985,24.583679302101032,8.143745212880448,22.664231267298454,-0.24283373830399713,40.452455028611084,43.87889719332309,1.8145879502379874,42.42073559549141,0.032605535714658046,10.631830141586791,39.89930622536761,15.122835323607495,37.25553946114533,-0.46528135895926676,0.41521419563675893,1.492731842782254,0.5298173765235,1.3526864242914012,-0.016140400270827655,0.36910250227212504,1.2691988279566149,0.4630928418283527,1.1931154256192729,-0.014030293528880309,train
anom_12_18.csv,anom,scenario_12,anom_scenario_12,0,12.982666666666667,36.4,13.215930530056555,31.254499999999993,-0.4239662509774869,54.12688888888889,59.53,1.472736995250182,57.36749999999999,-0.02419475655430711,24.677111111111113,76.35,25.972367824997267,62.12,-0.828728484998148,0.7172222222222222,2.09,0.7580563967306261,1.9109999999999998,-0.024524097625221217,0.600111111111111,1.8,0.6306399361669375,1.553,-0.019542412643536244,train
anom_12_19.csv,anom,scenario_12,anom_scenario_12,0,10.965555555555556,29.86,10.72850839513673,28.084999999999997,-0.33678643453924356,43.01711111111111,46.86,1.5124756433692639,45.3515,-0.006505823764250733,15.182444444444446,39.57,15.475337052190538,37.4105,-0.5174238794912953,0.5863333333333334,1.5,0.5876585609600724,1.4655,-0.01839527513684816,0.5254444444444444,1.3,0.5213684696532428,1.2655,-0.01694060995184591,train
anom_12_2.csv,anom,scenario_12,anom_scenario_12,0,19.07105007144368,44.456619472122846,17.424043435167352,43.195537035796086,-0.5407573896489395,54.76818212383322,61.67973155102855,3.024749237077797,59.30581347740668,0.014661187013729569,22.66904875563171,59.76924117780398,23.167919799836525,58.85219918911272,-0.6861053760033848,0.9448113941664684,2.4570988940790417,0.8813635335766877,2.3403416949937617,-0.027447803090490188,1.172376124200095,2.9608107255407,1.0889193813112275,2.7307155402359293,-0.034090282439752685,train
anom_12_20.csv,anom,scenario_12,anom_scenario_12,0,6.50029401135247,25.09130891991904,7.789725395676425,21.4946480168296,-0.2358354668172435,45.63482350608626,50.0556226468366,1.4296925276302446,47.639794497096695,-0.005771888813690709,9.660467861733059,34.75376430761746,12.302769265926504,29.43873168447917,-0.3891258148673305,0.5637703326453039,2.1338258494096696,0.6816257399588601,1.7337329477836556,-0.020653660987887942,0.5459078525179742,1.6395539373611754,0.6330507510946904,1.5362846729999666,-0.019900287038443074,train
anom_12_21.csv,anom,scenario_12,anom_scenario_12,0,14.630766759794643,28.853947325741608,10.425331094733941,28.10316512514383,-0.3100706675493182,50.12561761544396,57.07126740849287,2.9849260090472836,55.21184176132065,-0.015830517892056906,22.35500243493838,52.38610443533178,17.154804913056047,45.7049245311832,-0.5038990843666585,0.779303618219629,1.4975167246720391,0.5617591218622853,1.4425586632335738,-0.01655744420082283,0.6681539159101471,1.288331314383743,0.4749179183718402,1.2437317005768687,-0.014231182418372953,train
anom_12_22.csv,anom,scenario_12,anom_scenario_12,0,10.62565622983659,29.955208688822207,11.62258937339092,29.58265232440676,-0.3611155494935687,41.89979027190219,45.86238060308295,1.3389939033679925,44.64134485334408,-0.023535813380536192,14.999299287531635,49.717024108997805,17.685732989628324,46.11233461063656,-0.5593413999031432,0.5411583929488222,1.4917103427908645,0.5644719097600868,1.4004535357414556,-0.017834440643419745,0.4779721098195777,1.2963881116038922,0.48902232226974424,1.2444063885591234,-0.015864992168347226,train
anom_12_23.csv,anom,scenario_12,anom_scenario_12,0,8.188777777777778,24.96,9.260122044937692,24.581,-0.2781307157262213,51.67288888888889,56.01,2.362160144722062,54.365,0.04122270239124172,12.678444444444445,39.81,14.857733272693274,37.4105,-0.48074445404782484,0.5274444444444444,1.49,0.5585586609996999,1.38,-0.0177227641272585,0.4677777777777778,1.3,0.4995071228648888,1.271,-0.016092357081121122,train
anom_12_24.csv,anom,scenario_12,anom_scenario_12,0,11.18202350628757,29.824719061597165,11.33593615451187,28.13184279736072,-0.3525525957747959,42.39284020436511,44.95405144140245,1.3597534376132785,44.616709502555196,-0.0013672461554469577,14.991489372049244,39.93195773231092,15.6532431403312,38.686772850676235,-0.5001350983063695,0.505962314592382,1.4700549388189297,0.5537960249491998,1.4337097624073727,-0.017399893429832215,0.5112360670545013,1.4526349410803,0.5508987057739019,1.4018969318661194,-0.017227278684497485,train
anom_12_25.csv,anom,scenario_12,anom_scenario_12,0,10.211813809391675,29.932179083842023,11.058035846902754,28.523269344138495,-0.36267799613431567,43.72829351624517,51.005193917155104,2.602674519579492,49.724395992376394,-0.05852388047366326,15.599367974666782,47.707894651483215,17.96234969559183,45.33491844946595,-0.5553190488785267,0.5314997648503568,1.4975167246720391,0.5540513631973588,1.4319372797114625,-0.017613772325260728,0.48792364756469103,1.276223825647008,0.5115131066456367,1.2501110953567467,-0.016753105552843373,train
anom_12_26.csv,anom,scenario_12,anom_scenario_12,0,13.585555555555556,29.94,10.624380178733825,29.4465,-0.2959914392723382,39.94811111111111,44.91,2.5085556498092205,44.241,-0.003260237889451357,16.939888888888888,39.82,14.096158253779842,38.306999999999995,-0.3616506564596452,0.649888888888889,1.47,0.5044130963657352,1.4355,-0.013356134502201912,0.6841111111111111,1.49,0.5298545368421739,1.4219999999999997,-0.014051035107214881,train
anom_12_27.csv,anom,scenario_12,anom_scenario_12,0,12.868444444444446,34.91,12.830451217784004,33.2515,-0.4092536527143268,42.93722222222222,45.91,1.6158735264349118,45.672,0.0123318105115858,17.74888888888889,48.69,18.37823513946451,47.043,-0.5733471622010948,0.6158888888888889,1.5,0.5846152954682085,1.44,-0.017801786228752517,0.5858888888888889,1.49,0.565973149092016,1.44,-0.018190640819854307,train
anom_12_28.csv,anom,scenario_12,anom_scenario_12,0,16.86288888888889,34.91,12.357144432547573,33.5135,-0.36647092233609085,45.34977777777778,51.21,2.485510359627424,49.3835,0.008870560151459045,17.336555555555556,39.89,14.269155007627823,37.6165,-0.3385162777297609,0.773888888888889,1.5,0.5400909087948031,1.4565,-0.015990698440136637,0.6782222222222222,1.28,0.471329884661244,1.2555,-0.013305017080297974,train
anom_12_3.csv,anom,scenario_12,anom_scenario_12,0,23.097817667563273,44.612104360825406,15.060143294923952,40.53202155553606,-0.4152924384530052,54.745388552450045,61.52117312544906,3.5914700264180346,59.953641754921094,0.013962464143307315,26.720229777698982,59.7504396847925,19.858013908275105,58.2755073598873,-0.5021668187977142,1.2828594049639475,2.473364106322973,0.860441620266946,2.3738035937232547,-0.02293010016784416,1.5904267644778736,2.9759147353543773,1.059365974975977,2.864624379576098,-0.028964602067900653,train
anom_12_4.csv,anom,scenario_12,anom_scenario_12,0,19.79850725848739,43.82973926177325,16.192865585342098,41.50777785388242,-0.5039448342479477,55.55583797693693,61.44768792811801,3.0016728974319107,59.78156041082866,0.009243704237071207,22.112072196734875,59.768170172559934,20.397751610566434,57.02000847408601,-0.6026975462751538,1.0690051216035725,2.465286189375445,0.9072083721902118,2.3435033167925496,-0.028294595300045227,1.2555704456521959,2.979019788367858,1.0684371839690026,2.840003366510332,-0.031539813890584446,train
anom_12_5.csv,anom,scenario_12,anom_scenario_12,0,40.973444444444446,99.97,42.3067293810789,99.688,1.1258134749145985,40.43233333333333,44.99,2.0570711425211448,43.651,0.02481532699510223,0.3046666666666667,1.39,0.4599247618000731,1.26,-0.013425855043832573,0.35755555555555557,1.49,0.5424897060300448,1.4055,-0.015986829649750997,0.3298888888888889,1.5,0.49774433770546567,1.3909999999999998,-0.014686175247972989,train
anom_12_6.csv,anom,scenario_12,anom_scenario_12,0,13.460251357413318,39.89333804806829,14.072916480411468,35.886277893613666,-0.41931246039018993,39.8725689582863,42.03798482064317,0.9195581988639866,41.29874007160588,0.0030530567685227127,13.24728320741721,34.99347694577072,13.943945994447093,33.873558614293366,-0.4310003503402211,0.5050592729902993,1.491278332867232,0.5553499666479553,1.3950122759884325,-0.016183262869568775,0.5100427895205314,1.4973284520665748,0.5499755510841726,1.3548346707005963,-0.01730638148970807,train
anom_12_7.csv,anom,scenario_12,anom_scenario_12,0,14.126888888888889,39.65,14.099091184707854,37.9215,-0.44215302300695547,44.50777777777778,46.42,1.708877532760177,45.78,0.046771370951146245,20.889888888888887,59.96,22.685644993069094,57.160999999999994,-0.7121140058443428,0.49966666666666665,1.48,0.521039259665104,1.4064999999999999,-0.015873811581676743,0.6972222222222222,1.98,0.7174377438876189,1.8909999999999998,-0.022816067827303776,train
anom_12_8.csv,anom,scenario_12,anom_scenario_12,0,9.405999999999999,24.95,9.190464134701575,22.944,-0.28538338066427943,40.28422222222222,45.26,2.0354940199171803,44.207499999999996,0.00527966415606864,13.294333333333334,34.95,13.956723807477246,33.198499999999996,-0.44623706630448196,0.49899999999999994,1.49,0.5263015967926724,1.3475,-0.016381199325019552,0.7018888888888889,1.99,0.7290857665126481,1.8975,-0.021814627320245295,train
anom_12_9.csv,anom,scenario_12,anom_scenario_12,0,7.60929643786015,23.817734378659587,8.238224736887501,22.064956125229234,-0.2663307847553973,40.355257286328424,44.92031466979319,1.9205370115953133,44.076793980574905,-0.005592462555559622,12.451974184009803,39.419779272567126,14.546934614038515,34.66235544925494,-0.47219298866183473,0.5095015768985539,1.4933756063337058,0.5580885929618293,1.373961563557261,-0.018079240814448325,0.4143967535240049,1.2837651964232124,0.4507113913610424,1.167238093013146,-0.014550723104170963,train
anom_13_1.csv,anom,scenario_13,anom_scenario_13,0,41.50311111111111,94.52,28.65945794215371,90.78999999999999,0.3427423961805986,47.574888888888886,72.37,9.568406139735673,67.69699999999999,0.12433913651891185,19.871333333333332,24.88,2.6999788596758734,24.363,-0.0066997571716672895,1.3205555555555555,2.93,1.0269540006012008,2.7675,-0.007985759558793265,1.057,2.48,0.7755294675614717,2.276,-0.0052920936741161495,test
anom_13_10.csv,anom,scenario_13,anom_scenario_13,0,40.013525389726226,99.26264108583705,35.709618170320205,95.68733581004273,-0.00823333233293229,47.3102863092973,77.99484431746414,11.156661019583488,71.34576371995921,0.03949412927522684,30.177542804889182,40.77646716605853,5.399810135062969,38.01158067145078,-0.0027310898127861976,0.8713596783691172,1.7628822467661776,0.5067320841390871,1.4320930690113318,-0.001365323740213402,0.7057646346834131,1.598300990468978,0.4636477475869895,1.2618761145591593,0.001199610162123472,test
anom_13_11.csv,anom,scenario_13,anom_scenario_13,0,40.013525389726226,99.26264108583705,35.709618170320205,95.68733581004273,-0.00823333233293229,47.3102863092973,77.99484431746414,11.156661019583488,71.34576371995921,0.03949412927522684,30.177542804889182,40.77646716605853,5.399810135062969,38.01158067145078,-0.0027310898127861976,0.8713596783691172,1.7628822467661776,0.5067320841390871,1.4320930690113318,-0.001365323740213402,0.7057646346834131,1.598300990468978,0.4636477475869895,1.2618761145591593,0.001199610162123472,test
anom_13_12.csv,anom,scenario_13,anom_scenario_13,0,32.06166666666667,99.57,29.1239781997545,84.196,0.4525660781166399,55.46633333333334,95.66,17.547733580728444,88.383,0.31284989916450584,29.41522222222222,38.37,4.163255594012175,35.18,0.011653372844384075,0.7162222222222222,1.88,0.5099252595107847,1.5255,-0.004838951310861428,0.5882222222222222,1.52,0.4277707507894402,1.301,-0.004750709964193107,test
anom_13_13.csv,anom,scenario_13,anom_scenario_13,0,29.401444444444447,91.06,25.697159488069996,87.8845,0.19047627279087953,52.065999999999995,75.45,12.065792094860768,71.891,0.275147219821377,29.99377777777778,41.91,5.166173377442219,37.693,0.009647281557393911,0.8812222222222222,1.59,0.5051839753385162,1.53,0.00034382845618800807,0.7157777777777778,1.5,0.42880020170677413,1.26,-0.0008932790056385558,test
anom_13_14.csv,anom,scenario_13,anom_scenario_13,0,40.302149855122806,100.0,35.06661694700814,94.09182665169565,-0.0010890033510667846,51.46341324964851,83.30696081963892,11.471424147178737,77.0992322583651,0.05210425417692451,29.457491400902214,41.33256840923287,4.2832383251183686,37.46712220867408,-0.012954016762702686,0.8401017553371039,1.6237851603879825,0.48762616676742976,1.4329246130461257,0.0003597213871547244,0.7044154433991452,1.46627097242309,0.4647035793135978,1.2827637377792962,0.00013521068721343373,test
anom_13_15.csv,anom,scenario_13,anom_scenario_13,0,38.92877777777778,94.96,34.89297262972627,93.0545,-0.0003298349590483869,45.94366666666667,77.16,10.671254199004693,69.50750000000001,0.07075680125118314,30.06522222222222,39.46,5.6762513796821334,38.7275,-0.014333868378812186,0.8971111111111111,1.49,0.5271019866871476,1.45,-8.313783594682322e-05,1.048111111111111,1.74,0.6183411923948094,1.7,-6.741573033707733e-05,test
anom_13_16.csv,anom,scenario_13,anom_scenario_13,0,53.96622222222222,97.65,38.66989691143582,96.934,1.2280146520146518,62.379555555555555,98.29,18.076753767381522,94.181,0.6679581841379595,30.249333333333333,36.64,3.4553914232168332,35.0105,-0.012755648845536474,0.5603333333333333,1.49,0.4644809837546236,1.371,-0.013827139152981841,0.5281111111111111,1.37,0.42613469001298104,1.2955,-0.012276165781783761,test
anom_13_17.csv,anom,scenario_13,anom_scenario_13,0,24.239869811755543,71.76135333271695,17.841598900725995,55.39400462595923,0.4154816118700866,53.49470646503592,77.0307023226192,11.77647823748705,72.44718178040645,0.3916218730752055,31.383400975385555,42.665166873281336,5.360393769139671,39.604411144798476,0.037955881112714675,0.5835273766620965,1.6926484224970573,0.48860352827341436,1.3190772107088535,-0.011572220037707467,0.4041105624666824,1.3380911251619958,0.384366508102025,1.0606797691445378,-0.009184229164051825,test
anom_13_18.csv,anom,scenario_13,anom_scenario_13,0,40.24322222222222,100.0,36.27929114391733,94.886,0.003392764538831884,46.583444444444446,69.57,11.829251228700413,67.0325,0.2643678643453925,29.787666666666667,41.33,4.1896794144069816,36.7875,0.00788698193192575,1.034111111111111,2.04,0.6795386644660989,1.7655,-0.00017179075606042115,1.0241111111111112,2.13,0.6803384723457933,1.74,-0.0004106679837016933,test
anom_13_19.csv,anom,scenario_13,anom_scenario_13,0,34.809,94.96,30.212033321438835,89.0225,0.3624542124542123,52.83,79.2,11.144865598717791,74.97149999999999,0.11143416882742727,24.722,29.87,2.7599145891360193,29.1455,-0.0012445980985306816,0.7965555555555556,1.5,0.548313371220032,1.46,-0.0037910030044861504,0.6552222222222223,1.3,0.4611666392569453,1.2455,-0.0027938428612585904,test
anom_13_2.csv,anom,scenario_13,anom_scenario_13,0,41.46966666666667,94.7,28.505318031332603,91.43299999999999,0.33607449479359586,48.10644444444444,72.36,9.404725958902123,67.4975,0.12928707247808366,19.980333333333334,24.92,2.6971039191254387,24.436999999999998,0.004622710622710615,1.4407777777777777,2.99,1.1189423454916398,2.9,-0.009139317611227717,1.045111111111111,2.43,0.7938035933522702,2.38,-0.004457669671152817,test
anom_13_20.csv,anom,scenario_13,anom_scenario_13,0,40.81222222222222,92.0,28.450611208765086,79.64699999999999,0.6252743960159692,50.090333333333334,75.25,11.71499159101397,72.5175,0.21093163765073863,29.909,48.21,4.536865237118609,36.933,0.009831254887434656,0.745,1.61,0.5158635173564087,1.4364999999999999,-0.003156521381240482,0.6291111111111111,1.46,0.4182833952615864,1.2294999999999998,-0.0015353335802774006,test
anom_13_21.csv,anom,scenario_13,anom_scenario_13,0,10.041659509763816,21.054785351951423,4.834638350158567,18.45894202973314,-0.08352036940879781,53.011763917964196,73.68535462680265,10.725708350855106,70.70136533809637,0.269538659906751,31.093514527564608,47.75018627204541,5.194753662546036,39.169596261373556,-0.0041367573793635,0.709554832427769,1.512370552984938,0.44572098704346097,1.3729751852818044,-0.0050184234986506504,0.5265818715115197,1.4225505662731133,0.4154588794619546,1.134185989453461,-0.0050414181402968425,test
anom_13_22.csv,anom,scenario_13,anom_scenario_13,0,42.66279874704145,97.4044957900656,32.26382482417442,95.31432962050019,0.6403118418539793,55.79698306424705,80.70292510835048,13.02032687602658,78.24431206342355,0.28256751581095935,26.920050768998518,34.44851511949548,4.123998447797933,33.80393377197971,-0.00729698395082249,0.7371120920863281,1.496592840330693,0.4943686240133705,1.4283053937836885,-0.006848420453794531,0.5936625369769317,1.295405144140245,0.41415620081908483,1.2228349102933442,-0.005826222021951179,test
anom_13_23.csv,anom,scenario_13,anom_scenario_13,0,28.885666666666665,95.6,31.126978545480227,89.732,0.37457142857142833,49.973555555555556,72.47,11.019983412282949,68.8315,0.29723060460139106,29.907555555555554,37.18,2.9471080134508667,34.982499999999995,0.0035275136848170554,0.7045555555555556,1.52,0.551671945164106,1.4419999999999997,-0.005254228917150263,0.5275555555555556,1.22,0.39526782588805803,1.09,-0.002504835987982058,test
anom_13_24.csv,anom,scenario_13,anom_scenario_13,0,10.959666666666667,19.43,4.2955426204956195,18.8295,-0.10427929373996787,54.40755555555556,75.0,9.797314962499016,72.79549999999999,0.27423533769601194,34.976222222222226,44.96,5.993864949155436,44.362,-0.01317841708852945,0.6937777777777777,1.48,0.42714252490155546,1.4009999999999998,-0.009116516442359128,0.6538888888888889,1.39,0.39322833931629103,1.2955,-0.00843519776104046,test
anom_13_25.csv,anom,scenario_13,anom_scenario_13,0,9.180555555555555,21.84,6.115271243740488,18.724499999999995,-0.02662937811252417,51.29222222222222,68.43,10.761747360080383,65.902,0.38882627484874666,29.846444444444444,41.96,4.9124072021108764,38.307500000000005,0.00587117751162695,0.740111111111111,1.52,0.5137097821967129,1.4419999999999997,-0.005112153763839161,0.5697777777777778,1.32,0.45676679511387624,1.19,-0.002770383174877554,test
anom_13_26.csv,anom,scenario_13,anom_scenario_13,0,12.754666666666667,24.21,5.854856852566504,22.8,-0.1132455858747994,50.76577777777778,65.04,7.216191995530229,62.951,0.18198032678931558,26.726222222222223,33.93,3.8967236533992624,33.342499999999994,-0.024087088941021514,0.6766666666666666,1.5,0.5160981528457416,1.46,-0.009315553360497175,0.5505555555555556,1.3,0.42203988605133885,1.2209999999999999,-0.007747705478042554,test
anom_13_27.csv,anom,scenario_13,anom_scenario_13,0,10.125555555555556,20.06,4.676713796575663,17.8375,-0.09059752232785952,48.400111111111116,63.64,8.103511583721927,62.143,0.22489846483104897,30.284111111111113,37.58,2.031262901812479,34.259,-0.017046631271350372,0.7926666666666667,1.49,0.48856313060265794,1.47,-0.009908054492324144,0.6821111111111111,1.29,0.41540150996583725,1.27,-0.008517183191340498,test
anom_13_28.csv,anom,scenario_13,anom_scenario_13,0,50.27733333333333,89.69,30.83801301545825,88.51599999999999,0.350687739227065,58.398555555555554,84.56,11.353272612499564,81.0175,0.17958192369428336,30.261444444444447,39.88,6.40455027166406,39.458999999999996,0.012410667983701685,0.675,1.5,0.4973553654587048,1.4465,-0.006482364077869696,0.5777777777777777,1.29,0.4152480719983863,1.2109999999999999,-0.0035408486644441716,test
anom_13_3.csv,anom,scenario_13,anom_scenario_13,0,41.800111111111114,94.77,28.28771295955009,92.772,0.32109602008478444,47.83166666666667,73.3,9.86794518300702,68.468,0.11842210972548048,20.741888888888887,25.0,2.6115710087192774,24.526999999999997,0.00999901222373133,1.3654444444444445,2.97,1.0696162927577504,2.911,-0.006082314689056265,1.0455555555555556,2.48,0.8028448170410567,2.2864999999999998,-0.0023780713668354147,test
anom_13_4.csv,anom,scenario_13,anom_scenario_13,0,41.867444444444445,94.53,28.25603618762202,91.5065,0.273499855949294,47.94266666666667,72.72,9.744064721838146,67.3385,0.13975766555541824,19.894000000000002,24.93,2.86026705754016,24.598499999999998,0.0251066386796724,1.3556666666666668,2.98,1.0509065642299382,2.812,-0.007714450343663827,1.0797777777777777,2.49,0.816422695347301,2.291,-0.004296662139358765,test
anom_13_5.csv,anom,scenario_13,anom_scenario_13,0,29.258666666666663,97.94,29.29386955845651,94.8,0.15218734823229188,47.59166666666667,67.95,9.3016588166613,65.441,0.11677087706301184,24.695999999999998,29.32,2.9134460849460813,28.8955,0.0008893279005638608,0.7852222222222223,1.49,0.5481126509690407,1.4355,0.000980450261349136,0.8,1.6,0.5719137988005073,1.54,-0.0018744700991892023,test
anom_13_6.csv,anom,scenario_13,anom_scenario_13,0,28.483396552166727,92.9309985808307,30.228121587721173,87.59299631669627,0.36030716430491433,47.132969862720095,74.89145901742293,11.020105756863178,68.7970866670469,0.15166772098521558,24.668342699485077,34.833704357801935,4.6284580596582625,33.05121060644006,0.015363614805093203,0.4705465473329236,1.1892875790723945,0.3573782793743865,1.0255051953961054,-0.0023779665601400763,0.7984788603258651,2.078771286546805,0.5595391154556498,1.552882482357703,-0.0026280985651668267,test
anom_13_7.csv,anom,scenario_13,anom_scenario_13,0,48.41133333333333,95.0,36.76497335260801,93.275,1.1533688932790052,53.13866666666667,80.0,13.579297627084534,77.35849999999999,0.49606058361114536,25.59022222222222,35.0,4.021286332790435,32.448499999999996,0.014166851874717048,0.4282222222222222,1.28,0.350728224044022,1.08,-0.010003704161007532,0.6032222222222222,1.53,0.4333248198529873,1.3529999999999998,-0.012983084331398938,test
anom_13_8.csv,anom,scenario_13,anom_scenario_13,0,52.026930341178975,99.65343156229171,34.27770489576486,95.1749203663114,0.8906361647441888,48.911418218511486,66.64252577663198,8.620794103542504,62.816800006783026,0.28301025788381523,30.094842764870776,40.58921679003389,4.436731211078511,36.29038855950524,0.006995699863034681,40.263251105835316,90.63340753277627,31.79804596954014,87.50381522348032,-0.7904597926618612,61.33568878059075,139.66740871560387,44.29384020293636,127.67645558034953,-1.0570790230970293,test
anom_13_9.csv,anom,scenario_13,anom_scenario_13,0,15.855783624987843,24.737638446522176,6.113671351311926,24.4171510118676,0.007890802783699167,48.6090512530127,61.91981204309559,4.742523426940679,58.836446815627816,0.05304682525689379,29.950327769159653,49.26365745327361,5.38130961332893,38.52792459461919,-0.01556320947312184,0.856742418914098,1.626606674931253,0.4930258918053437,1.415708788744643,-0.0008444191883893711,0.6362601077483628,1.228470439982651,0.4160608701862615,1.1547471688276265,-0.0010496721036938037,test
anom_14_1.csv,anom,scenario_14,anom_scenario_14,0,39.78620402177656,100.0,39.59648430294664,96.94927474553727,0.15217685463511157,47.735840969124375,100.0,28.926847198355095,91.93097894317198,-0.19028066336610736,25.907802226543208,66.53729640774432,17.703362352515537,52.13502891639758,-0.17122999103811443,0.42527473336357735,1.47204906696094,0.417965795840129,1.2992515721557614,-0.012793408612882034,0.5852051272875086,1.7876548794672735,0.6050699348614418,1.7340558849328498,-0.019855640512883133,train
anom_14_10.csv,anom,scenario_14,anom_scenario_14,0,41.88444444444444,99.82,43.354881951329695,99.0975,0.4289179734123554,43.861,84.39,29.28568864928604,80.8925,-0.011870189735358253,39.79311111111111,192.07,41.839135693815344,139.0539999999999,-0.13356743630900933,0.3804444444444445,1.27,0.3790464414080021,1.1055000000000001,-0.010145285426184304,0.31677777777777777,1.15,0.3227230620540203,0.9764999999999999,-0.008224307527678316,train
anom_14_11.csv,anom,scenario_14,anom_scenario_14,0,43.6121413503827,94.78710586442516,28.32039098330855,84.17220111183475,0.6622980327556746,60.65303291654324,91.52329883654532,20.32770325919078,89.35024387088114,0.4815074621790658,46.64053453185431,79.38199869058491,17.13303099758403,71.25000404706417,0.39278592964052284,0.4647743879330661,1.727055376772777,0.5484105641484908,1.3976512670067336,-0.016486788588525515,0.35981952269094186,1.255685579781649,0.38228244217011387,1.119006709479137,-0.011209611897147509,train
anom_14_12.csv,anom,scenario_14,anom_scenario_14,0,35.632777513639454,94.92036482237262,38.109053901974534,93.41466404546205,0.39507151011043073,38.60642347323026,74.99752778290923,24.828749357842646,71.85882426068505,-0.10516586689455935,32.69442368778993,77.13160914886747,26.09676370121922,74.63021610329037,-0.01642756925424055,0.4461773532572287,1.5628822467661778,0.4691144834840759,1.2081648337428608,-0.013681838989905982,0.34560144183004315,1.058831289518099,0.34356844478257076,0.9892979443161236,-0.009630375589042856,train
anom_14_13.csv,anom,scenario_14,anom_scenario_14,0,66.6258888888889,103.2,36.84556140525496,99.8095,1.1225946413137426,70.38166666666667,91.86,18.58236528104542,90.42,0.5456239865003908,38.85722222222223,59.67,10.332146521793778,56.137499999999996,0.19358974358974354,1.2373333333333334,1.6,0.20197229757757387,1.5555,0.001742437337942956,1.0887777777777776,1.39,0.18281708042161335,1.3755,0.0017634275836523015,train
anom_14_14.csv,anom,scenario_14,anom_scenario_14,0,71.84466666666667,100.0,36.78976009218394,100.0,1.1592586739103596,75.95477777777778,98.0,22.100807816227842,98.0,0.6936486809071077,35.35044444444444,49.71,7.103477058251375,47.794,0.10280133349796276,1.2785555555555554,1.8,0.27266706500708066,1.77,0.0023063752726674063,1.1325555555555555,1.57,0.23587066114507282,1.5355,0.004646581882536936,train
anom_14_15.csv,anom,scenario_14,anom_scenario_14,0,27.42761790058148,98.3570562306212,36.4471785887061,96.85497824721367,0.2031415572890518,32.06217823270823,84.8814858155771,26.605792181027084,79.12889519221915,-0.11344941968102164,25.794376299618847,78.22952892663083,25.07891456796573,73.42790997615487,-0.13027606677046072,0.3825527648099919,1.194323555839508,0.4683779061478226,1.1541053681319715,-0.014217469076014821,0.3533396437250095,1.0895975855234576,0.4202000234675924,1.0429382771997957,-0.012968562757835336,train
anom_14_16.csv,anom,scenario_14,anom_scenario_14,0,48.69122222222222,99.96,39.6593200525263,96.91799999999999,0.34014808412561237,50.633111111111106,86.48,26.205181048940307,82.4465,-0.05261176276906621,40.833333333333336,79.46,23.245049829437527,78.207,-0.04614907190188086,0.5258888888888889,1.43,0.4350407302239732,1.2874999999999999,-0.013121043750257229,0.4953333333333333,1.3,0.42221779352431305,1.21,-0.01359048442194509,train
anom_14_17.csv,anom,scenario_14,anom_scenario_14,0,81.68122222222223,97.84,26.16798716794956,97.2665,0.6033548997818664,72.34666666666666,84.77,13.991247745756848,83.783,0.3149620117710005,60.909000000000006,79.85,13.711806693831003,77.923,0.24108861176276913,1.073888888888889,1.39,0.20652118233140287,1.3755,-0.0006243569164917487,0.35266666666666663,1.27,0.26847383903686217,1.0339999999999998,-0.005477877927316129,train
anom_14_18.csv,anom,scenario_14,anom_scenario_14,0,48.95521184587872,97.70238012146136,38.34381044516973,95.92003545732683,0.25249478237880985,57.035277331654704,84.76624799617737,17.98774221049025,81.57828488510033,0.1524198246749286,30.4028898570703,48.80039136086455,9.33904901407879,44.63847351748144,0.053011757494930686,0.8689414820540449,1.5810867740792176,0.4011842348939944,1.4620885386660087,-0.001462114071103812,0.7451774214219864,1.3702373254251323,0.3844775046080954,1.2775440214069926,-0.0017846806882659365,train
anom_14_19.csv,anom,scenario_14,anom_scenario_14,0,15.621377641830355,94.7295805871914,31.213005811229106,88.58341822007826,-0.09383565363220936,17.42885008212676,83.90746260980805,27.051540958871293,76.4896610333423,-0.20039830691650787,10.451128370179804,59.39754666832637,17.883901876039506,49.2148173300078,-0.13961269553390313,0.09958666924631901,1.318944649934464,0.26983622380014227,0.9039991988889606,-0.004472181054170197,0.08539005367857358,1.121450222153773,0.22131709021344123,0.636713369771931,-0.0034906510575092894,train
anom_14_2.csv,anom,scenario_14,anom_scenario_14,0,33.221812820089376,92.06559020352763,28.59163525176957,83.34486655170453,0.27222098151103186,42.04299073360966,80.1747473692122,18.76643381052198,74.60467170383654,-0.17991691025458734,20.696112341663223,57.92618491548947,16.491503459010538,46.22994914439446,-0.3731227547964327,0.520536714519705,1.4860555985392772,0.46271220668955515,1.4305119045614203,-0.015413822184249276,0.6023545806494036,1.7919094304207197,0.5440823478304343,1.598708742295837,-0.01773772683537998,train
anom_14_20.csv,anom,scenario_14,anom_scenario_14,0,64.31488254544307,100.0,30.66635440342698,94.57528257710075,0.8074200404193279,63.74861323064021,97.8579610597342,16.988116584426393,85.29706059951123,0.35728493770659137,45.36952929415387,81.50037254409081,12.657677555174155,65.80766002135961,0.2319459978295055,0.4150610816585208,1.7852258584570473,0.500565653751786,1.3752006177835878,-0.013843275188948182,0.3315345321572672,1.468555829477407,0.3877922040913475,1.1926552811136957,-0.00979063464373902,train
anom_14_21.csv,anom,scenario_14,anom_scenario_14,0,40.77131004338241,99.32828567209648,35.8008070509862,95.95057142610207,0.04827036552795049,56.11741288419831,94.69488610602806,20.96387619577634,89.65213852143381,0.05537820217752343,32.37305102203586,44.6014119418448,5.99465731159192,41.777448705748256,-0.015266578862596957,1.1258213639221244,1.494001078175323,0.22268945223247108,1.4699178701527342,0.00043424139008415804,0.9689798543684598,1.2982083475528885,0.1742783368394351,1.2520706775497512,-0.0011620187528749778,train
anom_14_22.csv,anom,scenario_14,anom_scenario_14,0,62.77188888888889,99.5,39.7997358382754,98.5385,1.2957931431864016,74.77822222222223,99.9,28.98487189985814,99.81099999999999,0.940718277976705,60.574222222222225,95.0,26.373597496243907,94.38799999999999,0.8363714038770219,0.6623333333333333,1.5,0.47408824381263465,1.4355,-0.015114705519199897,0.552,1.27,0.34535505260463545,1.091,-0.010259702843972509,train
anom_14_23.csv,anom,scenario_14,anom_scenario_14,0,20.814,94.49,29.763048608499606,90.6195,0.19097748693254313,31.00766666666667,69.56,20.603310907159525,63.169,-0.26238539737416133,17.308,49.96,14.102929586484796,46.059999999999995,-0.23859883936288429,0.4336666666666667,1.2,0.4712127552116532,1.1755,-0.014936905790838373,0.40022222222222226,1.1,0.4341671033806312,1.0555,-0.014026423015187058,train
anom_14_24.csv,anom,scenario_14,anom_scenario_14,0,67.43410675817411,97.97546916047814,34.320999549958934,97.25048158567427,1.0477709928815329,68.7933313190011,84.86385446060098,16.618795105180492,84.1211155837029,0.5172897374842172,41.47558843233224,58.50222192918167,11.085073394468598,56.771898157865195,0.3012477748433433,0.5634286202405779,1.4952299764629702,0.4689904648778002,1.3996275512971639,-0.01397066187789832,0.5070891930264133,1.294486172968294,0.37435848013870765,1.207401892352013,-0.011094034183867264,train
anom_14_25.csv,anom,scenario_14,anom_scenario_14,0,22.043222222222223,98.65,32.731914290125616,97.8755,0.04604066345639377,29.756888888888888,79.2,25.576740031944514,78.642,-0.308114088159032,27.757555555555555,99.98,30.917699280331536,96.433,-0.14414388607647033,0.4597777777777778,1.45,0.513702090420967,1.3639999999999997,-0.01554595217516566,0.388,1.3,0.4346927107842833,1.1864999999999999,-0.01307387743342799,train
anom_14_26.csv,anom,scenario_14,anom_scenario_14,0,38.369,99.16,33.61650089906189,92.785,0.02597876281022334,53.355,77.01,12.129046041019405,74.362,-0.006966868337654848,36.13722222222222,66.75,11.863594205726706,58.410999999999994,0.00817409556735396,1.037777777777778,2.29,0.753075757231527,2.0395,0.003363542824216981,0.8202222222222222,1.97,0.6110241499811402,1.69,0.0019287977939663333,train
anom_14_27.csv,anom,scenario_14,anom_scenario_14,0,20.883744877102252,94.54205649913054,30.33386070687395,87.820462504374,0.10415956932097141,29.935934248551877,83.15800811219663,26.358011252220543,80.61874878249101,-0.23615875542722825,21.173040356859214,66.3414414189856,20.69233532678557,61.00825040818986,-0.2168281041025543,0.3760201825172241,1.4266066749312534,0.4772329693700236,1.1754201750295497,-0.014277633716910735,0.31196153623687206,1.2,0.3998840045698526,1.045960171205123,-0.011963063677118404,train
anom_14_28.csv,anom,scenario_14,anom_scenario_14,0,29.589858146554157,94.40745034546885,30.654436034307423,90.30511802179122,0.28278903786983894,44.51993904350032,93.09131851063354,26.043088750083278,89.57447245539431,0.04110962045580036,36.81745860133759,94.25111096459084,28.424926862040152,91.01222628300108,0.10601495129874525,1.0478202591967924,2.6875166904429486,0.7899701188985836,2.4971746964507386,-0.004341078278808453,0.8786947326464889,2.1878343278122,0.6488747659072781,2.101330401505338,-0.003619357355039433,train
anom_14_3.csv,anom,scenario_14,anom_scenario_14,0,28.0855976480258,45.719720446626624,10.500091522658638,43.05766892213904,0.29560430827916245,46.848826014477396,56.27716182705638,5.413862713103095,53.12939344589282,0.15170497048169387,22.278809269774438,38.600845832948096,5.112345980440048,30.35373413307008,-0.08594305419739466,1.0010459738116586,1.4900538501042633,0.2941919152037637,1.4539959246434617,-0.0016422347978509294,0.46730716828142843,1.7132405525564711,0.6466026241060308,1.6169813359684433,-0.020152593761186142,train
anom_14_4.csv,anom,scenario_14,anom_scenario_14,0,37.37695454657213,90.4607010267156,28.813437737025286,84.1768068424227,0.41848116664471713,51.38416580679095,98.9646680546043,25.33763899136464,92.5939781212072,0.204996372952737,10.24207124368015,33.48526018622502,10.824637687258647,29.624270123129413,-0.3285146851798466,0.3475095256265782,1.488386629659503,0.4611372484551058,1.257868311341054,-0.013700338910108288,0.489419839412209,1.7479246175403145,0.644573608403443,1.6749237022097996,-0.019553946837498313,train
anom_14_5.csv,anom,scenario_14,anom_scenario_14,0,15.538666666666668,97.55,28.43712884731248,91.503,-0.07338074659422975,22.046222222222223,84.85,27.27843633602972,79.623,-0.4545382557517388,14.682777777777778,67.98,20.029729534643277,62.195499999999996,-0.25630975017491875,0.3367777777777778,1.49,0.46990036662765444,1.313,-0.013241223196279378,0.45888888888888885,1.9,0.6458153011859836,1.8255000000000001,-0.018907354817467182,train
anom_14_6.csv,anom,scenario_14,anom_scenario_14,0,28.36466666666667,97.59,34.547938041529314,95.10849999999999,0.11022924640902168,38.158,94.9,29.203046908910807,92.2825,-0.08892291229369877,21.007444444444445,58.59,18.356827744913595,53.32549999999999,-0.1708457011153641,0.4146666666666667,1.45,0.4370359818575609,1.2855,-0.011944190640819856,0.5881111111111111,2.0,0.6896585940011556,1.8909999999999998,-0.020650697616989754,train
anom_14_7.csv,anom,scenario_14,anom_scenario_14,0,37.867555555555555,99.97,36.317627264695155,99.072,0.35457529736181415,45.001222222222225,84.66,26.511026191480095,81.379,-0.03159081368070131,26.278555555555556,59.9,17.74444034222203,56.33149999999999,-0.047911017821130185,0.444,1.47,0.5032541297407537,1.35,-0.0148918796559246,0.5601111111111111,1.8,0.665723386974683,1.7255,-0.020393546528377993,train
anom_14_8.csv,anom,scenario_14,anom_scenario_14,0,25.692222222222224,97.48,30.607807286970996,96.1625,0.08962028233938343,32.364555555555555,79.91,23.847706749622276,77.5455,-0.20225056591348717,19.959,58.59,17.803910064800533,53.0835,-0.18319883113141533,0.3822222222222222,1.45,0.4568720662219158,1.2855,-0.01280651932337325,0.5211111111111111,1.8,0.6477488146198712,1.7109999999999999,-0.019525208873523478,train
anom_14_9.csv,anom,scenario_14,anom_scenario_14,0,59.247880580566665,100.0,39.70238255858903,100.0,1.2986801278227582,65.38823347586097,96.1504017350797,22.495928047059156,92.38598121115115,0.7339304992840443,35.094931465622025,64.95066915229552,10.116531738075372,50.99983960289122,0.1401230660645101,0.9731879112938999,2.0443233701492662,0.35436692746969245,1.543170179206605,-0.008378935376044255,0.6722345461121886,1.222745704438084,0.23868012012144985,1.1046070622673145,-0.005541450214936191,train
anom_15_1.csv,anom,scenario_15,anom_scenario_15,0,27.81637334113243,97.9085423495509,23.12377939179166,91.87604550086562,0.05527901875400895,68.35531108374515,95.0,16.52734424695491,95.0,0.10119478158057817,31.291618368620878,48.600845832948096,12.006378981640404,43.67436363961841,-0.005041993571016865,0.7199732175168704,1.5705462981309444,0.3145693402548196,1.141116983784768,-0.0009319210866506757,1.368761556767927,2.13991001239688,0.5167760528919964,1.8878887641119018,-0.0018426576408276222,train
anom_15_10.csv,anom,scenario_15,anom_scenario_15,0,23.372230512713188,95.05955093838516,22.12351009409838,86.92038027175954,0.005730204379503325,48.854959735951596,89.23744276797366,16.456371479308963,81.69526306564643,-0.055091259046746596,27.63674478720521,41.798117863437774,8.89833220298218,37.72593820106879,-0.02125115503956082,1.1416417104890393,1.6379119405335911,0.28093887171089055,1.4473576721205559,0.00028690696552809164,0.8535382354594022,1.288996495008225,0.2228515864249393,1.117333874418213,0.0002780416479042907,train
anom_15_11.csv,anom,scenario_15,anom_scenario_15,0,24.257777777777775,99.0,25.408957403926607,96.32199999999999,0.09251282051282043,48.23877777777778,92.67,12.690298234316842,77.37899999999999,0.1310384821171338,28.176333333333332,49.26,8.4367872166676,37.336499999999994,-0.0327657735522904,1.4243333333333332,2.14,0.4201258505936985,1.9119999999999997,-0.0018330658105939006,1.1525555555555556,1.86,0.40296809227996616,1.7119999999999997,-0.002722558340535869,train
anom_15_12.csv,anom,scenario_15,anom_scenario_15,0,47.04649975736331,99.4740271907475,35.771337385386985,97.6206258797125,-0.01718594605443272,91.61047216581814,95.0,10.506328286203363,95.0,0.2068261363504147,19.521801372882482,34.93223002937821,14.018061057586886,34.362059841052265,-0.007155111307464165,0.9528539415680658,1.9997159084503535,0.66755930712997,1.900578549945641,-8.488184821736495e-05,0.6815488813391548,1.499024242547817,0.47867548710530045,1.3836775205528735,0.0007136232399975279,train
anom_15_13.csv,anom,scenario_15,anom_scenario_15,0,31.041444444444444,89.92,28.29731692371466,85.9845,0.030025517553607422,76.57733333333333,100.0,19.652160003648167,100.0,0.03285969461250359,11.768444444444444,17.84,6.0283759549469265,17.285,-0.01620479894637198,0.7557777777777778,1.27,0.39660066174160963,1.2155,-0.0012877309955961645,0.6231111111111111,1.06,0.3491390516731778,1.0355,0.0004808824134666832,train
anom_15_14.csv,anom,scenario_15,anom_scenario_15,0,26.811444444444447,95.84,24.506191401179844,94.623,0.13187726879861708,48.11633333333334,83.54,16.571534850561395,81.3395,0.07220784458986716,26.63022222222222,45.01,10.298187249425002,37.5645,-0.027685557887805082,1.3876666666666666,2.33,0.4643905030530262,1.9319999999999997,-0.0020721076676132833,1.411,2.18,0.4683248896302555,2.0055,-0.0010346133267481574,train
anom_15_15.csv,anom,scenario_15,anom_scenario_15,0,34.376444444444445,96.52,28.56081924953737,93.2135,0.1373186813186813,56.73322222222222,79.4,12.606472461699603,74.95899999999999,0.049511050747005785,24.645222222222223,39.83,13.070508034775889,38.199,-0.023548833189282647,1.0562222222222222,1.5,0.40176458470489423,1.47,-0.002061982960859365,0.884888888888889,1.29,0.32120295115426983,1.26,-0.0018527390212783469,train
anom_15_16.csv,anom,scenario_15,anom_scenario_15,0,19.99885751299624,96.66811695216563,19.717698049831128,89.0621947055948,0.03161125606958073,48.676612100607166,92.09184795973329,14.175209046254489,86.34315308463187,0.054307205260856424,28.26134264295938,40.94779851333978,7.894250987487404,35.8400761644984,0.005355989716429903,1.1247704238174527,1.7186619933443004,0.31665803171076057,1.4472599071656156,-7.67342080958602e-05,0.9198911596505236,1.53429551523591,0.30530495068505764,1.3579356715850772,1.146965214516157e-05,train
anom_15_17.csv,anom,scenario_15,anom_scenario_15,0,34.846888888888884,94.77,28.46337898109118,91.19449999999999,0.055263942050458904,63.19544444444445,95.0,16.722587373129045,88.25699999999999,0.04343490965962878,1.1895555555555555,1.79,0.5595863462428058,1.69,-0.0005118327365518376,0.9948888888888889,1.58,0.4452426290816732,1.5555,0.0001545869860476598,0.8937777777777778,1.5,0.4327273781150057,1.4364999999999999,-0.0009372350495946004,train
anom_15_18.csv,anom,scenario_15,anom_scenario_15,0,22.315603499280662,94.48299886219824,22.67431687199436,90.29367938148064,0.06634241921222414,65.36362611764174,95.70663809399944,17.799805325025098,93.36216316392759,0.20847977716388208,27.647011155465997,35.28806128900087,7.664026192312162,33.155294628708916,-0.013004062910549646,0.8999462988717596,1.1807722567040717,0.259718965206482,1.1069297180195155,-0.0008898225602432182,0.9266199117677703,1.26064430289445,0.2742201221954378,1.183380061511648,-0.000907420213808153,train
anom_15_2.csv,anom,scenario_15,anom_scenario_15,0,29.77366672444514,95.44318627685392,23.10238888195048,94.1038197806668,-0.018154919135602632,62.68036991088832,98.0,19.292319730142008,98.0,0.11386459326354677,35.709719549299464,54.50424091247932,13.727460044794357,49.32589160269937,0.029825773715967185,0.85151193548638,1.698248613997871,0.3953901555331619,1.3754082901136824,-0.001224663064433788,1.6967284404751752,2.604011175675802,0.665677054267077,2.3501399744543097,0.0017801566860529386,train
anom_15_3.csv,anom,scenario_15,anom_scenario_15,0,29.727469809829856,98.69462084177286,23.594905352871017,94.07128758228065,0.09406264297143364,66.67122561806391,98.0,18.89713764389267,96.46156169703258,-0.0328692196013578,35.69909125183989,54.968169879145314,13.531560438175052,47.244107626651726,-0.0045298447953811835,0.9344021822318608,1.930607654525961,0.4206963940123678,1.4606645536545217,-0.0003990097762524273,1.6101772101905094,2.8467769560089167,0.6669400064678777,2.330543953273351,-0.003789240824021432,train
anom_15_4.csv,anom,scenario_15,anom_scenario_15,0,29.841115565977812,97.42822433529098,22.936517906942157,93.26554099178307,-0.021685535303021065,62.76956882745363,98.0,18.705148547650587,97.48803706331898,0.17681191191408413,36.205482250147014,52.44502900407131,13.752567285989436,48.792819620839204,0.0283962489050016,0.8742389111292037,1.561832709519294,0.3833284964512457,1.4152795147793091,0.000385679218827127,1.6487236556371232,3.480769768041968,0.7009070701860867,2.5092174782900263,0.0026710364058769253,train
anom_15_5.csv,anom,scenario_15,anom_scenario_15,0,27.743611976032636,94.68709905781508,12.739122429633392,34.08530798519965,0.0042891200871374244,49.59581285215585,71.8658867482613,11.78737951154484,68.26975980560943,0.0968940920346503,46.483126506047384,59.13945256461919,12.46032643831327,57.568405037371335,0.014712355185702354,1.4546992425392289,1.923611850723674,0.4157795443358299,1.8590180678742538,-0.002418949666358378,0.9550509542948393,1.4415713411573212,0.29932922846873244,1.3226773454090799,-2.437056374790364e-05,train
anom_15_6.csv,anom,scenario_15,anom_scenario_15,0,32.391555555555556,97.93,27.957012824913622,95.478,0.022431575914721984,54.90288888888889,76.0,13.65403987996576,76.0,0.022653496316417665,25.756333333333334,39.99,11.786559232419181,38.95399999999999,-0.012360456023377367,0.8571111111111112,1.5,0.4419574549772721,1.4529999999999998,-0.0022893361320327605,1.1640000000000001,1.99,0.5892707357403725,1.9055,-0.002079598304317405,train
anom_15_7.csv,anom,scenario_15,anom_scenario_15,0,37.24609672716702,97.21781760697516,31.264984456301562,95.44291606224098,0.12793324939835066,61.330101365589094,100.0,23.63035354031268,98.74940676547004,-0.20494977528922909,19.98289813048622,40.41092596261888,10.200117739068085,29.831222680535646,-0.056424493403987065,0.9750701498977068,1.618477455137092,0.45192149170267637,1.4321779913520516,-0.0017041866477931673,1.180191677192781,1.9379605866435343,0.5888901108957272,1.80857321947771,-0.0031702415094998163,train
anom_15_8.csv,anom,scenario_15,anom_scenario_15,0,29.770333333333333,96.85,24.929251058036357,93.75399999999999,-0.0022235666954767944,74.54488888888889,123.2,21.761681158436456,115.60149999999999,0.20834901428159855,22.880555555555556,29.94,7.659267187217948,29.587,-0.01615236448944314,1.330888888888889,1.8,0.44337734567935794,1.7655,-0.001426678190723134,1.7912222222222223,2.3,0.5681189695350508,2.2655,0.0013261719553854393,train
anom_15_9.csv,anom,scenario_15,anom_scenario_15,0,25.01711237391254,83.44627804683023,22.33984555538909,76.21298109469814,0.012285988223457571,49.46148856678474,82.39999912010542,18.75234172263431,79.1958029988357,-0.01842372773207229,43.59952155136294,64.4069054712059,16.789950457368153,58.95745950141445,-0.010834460680829319,1.2897908261599587,1.9310586866423411,0.5095772561886753,1.795634141553453,-0.0005039244448078762,1.0403350149090322,1.7628822467661776,0.42530597063118974,1.476531291673651,-0.0011747681378088083,train
anom_16_1.csv,anom,scenario_16,anom_scenario_16,0,25.50788888888889,32.44,3.0661205933774975,30.3095,0.013640449438202251,45.29711111111111,49.33,1.8777605861707403,47.974,0.009577972589208552,19.763222222222222,30.74,3.884670485578293,26.061999999999998,0.00023813639543976656,0.7902222222222223,1.18,0.18893538386418018,1.131,0.00034391077087706255,1.1483333333333332,1.93,0.2866672110438173,1.591,0.001961147466765445,train
anom_16_10.csv,anom,scenario_16,anom_scenario_16,0,25.148999999999997,33.94,2.759502906708893,29.276999999999997,-0.005037082767419844,45.821777777777775,59.41,5.193336607480951,53.9595,-0.0036574062641478436,30.284111111111113,47.24,8.639308765322129,42.821999999999996,-0.004380870066263335,1.2041111111111111,2.04,0.2900945000793356,1.6119999999999999,-0.0017015269374819932,0.9034444444444445,1.5,0.19201568938185498,1.1755,0.0012777709182203556,train
anom_16_11.csv,anom,scenario_16,anom_scenario_16,0,15.099777777777778,20.96,1.8395437745204732,17.8495,-0.00337901798575956,40.49311111111111,48.64,3.1159970159237864,45.3775,-0.0022020825616331117,30.17766666666667,40.78,5.400422174508337,38.01199999999999,-0.002734082397003734,1.0025555555555556,1.56,0.19351602500847614,1.2765,-0.0011396468699839484,0.802888888888889,1.25,0.14370885396041794,1.0055,0.0009846483104910071,train
anom_16_12.csv,anom,scenario_16,anom_scenario_16,0,14.802111111111111,18.7,1.8702691595298893,18.0095,0.004634563937934721,40.163666666666664,48.16,2.8929505369067003,45.632999999999996,0.017168127752397403,29.95033333333333,49.26,5.380987848408421,38.528499999999994,-0.015584887023089274,1.2176666666666667,1.84,0.2438965059568864,1.6119999999999999,-0.0011623657241634766,0.9133333333333333,1.34,0.21196247282866,1.261,-0.0012822982261184506,train
anom_16_13.csv,anom,scenario_16,anom_scenario_16,0,14.72388888888889,19.87,3.0095308135742163,19.501,0.0050527225583405335,39.718888888888884,44.86,2.8864637376665447,44.338499999999996,-0.004988434786187603,30.761777777777777,39.8,5.90242391225419,38.9585,0.01427978762810222,0.9786666666666667,1.48,0.28212755104062376,1.4009999999999998,-0.0015037247396797954,1.017,1.49,0.31469782188811474,1.45,2.8398567724410487e-05,train
anom_16_14.csv,anom,scenario_16,anom_scenario_16,0,15.099777777777778,20.96,1.8395437745204732,17.8495,-0.00337901798575956,40.49311111111111,48.64,3.1159970159237864,45.3775,-0.0022020825616331117,30.17766666666667,40.78,5.400422174508337,38.01199999999999,-0.002734082397003734,1.1025555555555555,1.66,0.19351602500847612,1.3764999999999998,-0.0011396468699839486,0.9034444444444445,1.5,0.19201568938185498,1.1755,0.0012777709182203556,train
anom_16_15.csv,anom,scenario_16,anom_scenario_16,0,14.846333333333334,19.66,1.9384045623117514,17.8275,0.0031064740502942762,45.45333333333333,52.28,3.0197953647463964,50.3465,-0.00797316541136766,29.26911111111111,40.46,5.204202201040364,36.477500000000006,0.014581059390048147,1.192,1.65,0.16747429787713156,1.47,0.0003310696793842855,0.7902222222222223,1.2,0.14899647667787977,1.0219999999999998,-0.00011869778161912991,train
anom_16_16.csv,anom,scenario_16,anom_scenario_16,0,15.149000000000001,23.94,2.7595029067088936,19.276999999999997,-0.005037082767419846,40.821777777777775,54.41,5.193336607480952,48.9595,-0.0036574062641478483,30.142000000000003,38.62,4.320446606128179,36.406,-0.0021625715108861128,1.0025555555555556,1.56,0.19351602500847614,1.2765,-0.0011396468699839484,0.8034444444444445,1.4,0.192015689381855,1.0755000000000001,0.001277770918220356,train
anom_16_17.csv,anom,scenario_16,anom_scenario_16,0,14.846333333333334,19.66,1.9384045623117514,17.8275,0.0031064740502942762,40.45333333333333,47.28,3.0197953647463964,45.3465,-0.00797316541136766,29.26911111111111,40.46,5.204202201040364,36.477500000000006,0.014581059390048147,0.992,1.45,0.16747429787713156,1.27,0.00033106967938428594,0.7874444444444445,1.34,0.19945183931150914,1.1029999999999998,-0.00013721858665678824,train
anom_16_18.csv,anom,scenario_16,anom_scenario_16,0,14.813666666666666,22.3,2.297884444733529,18.738,0.00556867102934519,40.062666666666665,47.94,2.51365564847318,44.441,0.003213565460756459,30.59433333333333,43.22,4.736438250771439,38.353,0.018875992920936724,0.969,1.56,0.18608956403489324,1.2474999999999998,-0.0007018973535827468,0.8083333333333333,1.32,0.23784259736976368,1.17,-0.00019434498086183462,train
anom_16_2.csv,anom,scenario_16,anom_scenario_16,0,24.20711111111111,30.43,2.920666864148637,29.273,0.0017119809029921401,46.187,50.53,2.0360699365485555,49.772,-0.017732641889945267,19.877222222222223,29.74,4.458305222355285,26.741999999999997,0.005256698357821958,0.8913333333333333,1.28,0.17835830620764045,1.1709999999999998,0.00015294069226653477,1.215111111111111,1.98,0.3058869749567473,1.7255,0.0003259661686627978,train
anom_16_3.csv,anom,scenario_16,anom_scenario_16,0,25.22711111111111,32.3,3.4189844225877404,30.996999999999996,0.00019837840062558948,45.04244444444445,49.29,2.032344255050362,48.0295,-0.011641931102605276,20.767,28.38,3.517616803679458,26.203,0.015614520311149521,0.929,1.51,0.20588559057033198,1.2955,-0.001014199283862205,1.216888888888889,1.92,0.3316002888426808,1.78,-0.0021584557764333045,train
anom_16_4.csv,anom,scenario_16,anom_scenario_16,0,25.507,31.87,2.756691328141708,29.831,0.014422274354858631,43.708,49.33,1.7317842977497473,46.864,0.00873556406140676,22.267666666666667,29.56,3.299790613037082,27.413,0.014986129974894022,0.8885555555555555,1.42,0.2118647072597797,1.23,0.00011631065563649803,1.208,1.85,0.27912463488153966,1.6555,-0.0018558669794624854,train
anom_16_5.csv,anom,scenario_16,anom_scenario_16,0,15.321555555555555,19.46,1.8244875599547017,18.842,-0.0009372350495946004,40.28011111111111,46.38,2.8857777930155493,45.006,0.020873111906819782,24.668555555555557,34.83,4.627886541953411,33.05,0.015376466230398818,0.9713333333333334,1.49,0.2907495157328321,1.4465,0.0008903156768325306,1.401111111111111,1.99,0.37691367725233194,1.9355,0.0017325595752562043,train
anom_16_6.csv,anom,scenario_16,anom_scenario_16,0,25.482444444444447,31.69,2.73654063220526,30.763499999999997,-0.0014033008190311583,40.18611111111111,44.25,1.9244568441040661,43.3395,0.01392147178664032,21.668555555555557,31.83,4.62788654195341,30.05,0.015376466230398818,0.7661111111111112,1.19,0.1844377696850404,1.0965,-0.00036539490472074727,1.2312222222222222,2.08,0.270786734683218,1.6555,0.0002374778779273161,train
anom_16_7.csv,anom,scenario_16,anom_scenario_16,0,22.379078562685002,29.97680215905288,4.546727724499183,29.23663243419256,-0.031363823171539046,42.63699035953642,49.99510770932804,4.598292651750697,49.36003162464084,-0.002680971387066328,30.47876663885605,39.94656904133149,5.689683361536813,39.598152703006726,-0.047279264750873025,0.9835158700757838,1.4914253731917122,0.31441413216634095,1.421299300592607,-0.0011720598752370192,1.3157719484275152,1.991610712018971,0.37425879703144455,1.9292841882336462,0.0005720806374431961,train
anom_16_8.csv,anom,scenario_16,anom_scenario_16,0,19.656888888888886,24.99,3.0500869924762655,24.599999999999998,-0.012596122978145441,45.07722222222222,49.99,3.0645809244001465,49.635,-0.017127299666625503,24.544888888888888,29.92,2.9175151981327927,29.537,-0.010703214388607652,1.003,1.5,0.30271969457428105,1.47,0.0007504630201259408,1.329222222222222,1.8,0.2875945483136378,1.7174999999999998,-0.0011406346462526239,train
anom_16_9.csv,anom,scenario_16,anom_scenario_16,0,15.099777777777778,20.96,1.8395437745204732,17.8495,-0.00337901798575956,40.49311111111111,48.64,3.1159970159237864,45.3775,-0.0022020825616331117,30.17766666666667,40.78,5.400422174508337,38.01199999999999,-0.002734082397003734,1.0025555555555556,1.56,0.19351602500847614,1.2765,-0.0011396468699839484,0.8034444444444445,1.4,0.192015689381855,1.0755000000000001,0.001277770918220356,train
anom_17_1.csv,anom,scenario_17,anom_scenario_17,0,11.458222222222222,34.25,11.55026655441996,30.3295,-0.3412903650656458,24.442666666666668,55.65,22.39020621571009,51.7245,-0.7247925258262334,15.046888888888889,43.5,14.92277052359498,37.6675,-0.45231872247602584,0.5764444444444444,1.49,0.5532626641393641,1.3875,-0.0169306498744701,0.8013333333333333,1.99,0.769016882969506,1.89,-0.02404510844960281,test
anom_17_10.csv,anom,scenario_17,anom_scenario_17,0,14.206980047981617,93.13559329489978,17.002289135098728,45.24073282291036,-0.09125653400544688,28.358414552122635,70.85232520003505,19.939891632147003,54.35328574838141,-0.5324436323271554,31.92376195507976,195.2636409193912,41.53048977025799,121.43167385595588,-0.11921772617082413,1.1803347684978434,9.928449681761464,1.7618822862028078,5.229016129539175,-0.0030752172241302403,0.9111720795042604,9.946481516744884,1.5080831478427905,3.7045197847932076,-0.0036236877152290774,test
anom_17_11.csv,anom,scenario_17,anom_scenario_17,0,17.044192582121664,36.40370158699344,12.694756038833066,31.72698777920115,-0.3803060256510603,29.71142898156076,66.08221507091108,22.292295061148774,56.55188414077533,-0.6639637368713392,12.624275167383914,39.86797864685799,11.083045792787988,31.71545523597881,-0.2913849713410158,1.0154913019298115,2.612954324250664,0.8064994884629578,2.1447262427978684,-0.022911228076789258,0.8080058192849913,2.384046621768768,0.6691134642205033,1.8176806384285105,-0.016021699587117154,test
anom_17_12.csv,anom,scenario_17,anom_scenario_17,0,12.297572207098625,56.74651833697578,11.459255751688913,33.77786967105039,-0.19384614739186465,26.819113810576077,47.61950298817765,19.214821358716314,44.43110273779709,-0.5872556722596536,23.481330767475416,95.3916727196903,21.40765186467687,57.47019739898443,-0.4061982486018181,0.7976526565877584,1.7835605521871742,0.6187243964975373,1.6320101761313424,-0.018812467649665553,0.7176590240408293,1.8443233701492665,0.5632932197315921,1.443451212330179,-0.015474446026844326,test
anom_17_13.csv,anom,scenario_17,anom_scenario_17,0,14.944777777777777,99.05,21.22886169937489,61.22099999999979,-0.07978211301806802,31.75288888888889,96.56,23.55362741902524,71.15649999999987,-0.4661182862081738,30.84811111111111,199.66,40.85446089527673,114.42949999999962,-0.18335391200559734,0.7691111111111111,1.48,0.5396620757983014,1.4255,-0.01647314483269539,0.6915555555555556,1.28,0.4869785568753817,1.25,-0.014522451331440093,test
anom_17_14.csv,anom,scenario_17,anom_scenario_17,0,19.72212468454946,39.90322793203183,11.415137347163713,32.13047602904243,-0.29388429232702573,31.436977247571374,47.61950298817765,17.124428822022775,45.1423518487434,-0.47172049541536615,15.519695515084933,35.561614724991315,11.113515045365709,32.18990648432891,-0.25570524435000086,0.820109694213339,1.4929910301974765,0.49710016849675104,1.4372955627987622,-0.011778595756123604,0.7680507522223793,1.4846853589616087,0.48564984258335037,1.4320339663046828,-0.010857535933307657,test
anom_17_15.csv,anom,scenario_17,anom_scenario_17,0,14.733060816396387,83.38321578615987,16.658402441991978,47.048631954527465,-0.06186924297101998,37.04022322773627,90.08392681824868,21.731864237530367,60.38990993099342,-0.4660132195310422,33.07419009330677,282.5333792518253,48.64972051465772,108.78537911495633,0.01582262651307562,1.4354526297680792,12.444335609456273,2.330294044583192,4.314728998295162,0.0037813328381189983,1.081326499295129,14.414428906607451,1.8717052154829683,3.641978361855514,0.0035788375843182783,test
anom_17_16.csv,anom,scenario_17,anom_scenario_17,0,9.484484389765033,24.261390922544688,7.691725936181172,20.22683504771791,-0.21185041914933614,26.359440687749526,59.70593689988229,19.76036389128101,50.87800888353558,-0.5858898860041788,20.37876181513851,68.52731490654722,16.768445792328745,40.86295887760926,-0.446460295686768,0.8389048065914922,1.83991001239688,0.6314959784881821,1.5878887641119015,-0.018071203671643627,0.6171291874281114,1.3379605866435345,0.4677770739552057,1.2085732194777095,-0.014038773731919444,test
anom_17_17.csv,anom,scenario_17,anom_scenario_17,0,11.498111111111111,99.8,12.56361304706987,22.696499999999997,-0.19834308762398653,28.544444444444444,95.5,21.770729711238427,54.332499999999996,-0.5985400666748981,23.734333333333336,350.0,38.420458093473584,46.025,-0.3900018109231592,0.835111111111111,2.04,0.6328484641103597,1.6119999999999999,-0.018133596740338313,0.6642222222222223,1.48,0.5090462061051652,1.351,-0.013771082849734535,test
anom_17_18.csv,anom,scenario_17,anom_scenario_17,0,18.514752444156056,39.90322793203183,12.251143724465527,32.13047602904243,-0.3338611888475148,36.501390469608914,70.3186746351404,23.651093610073957,61.54513919271069,-0.6470789500347313,30.033736514015427,68.81381094241179,20.56243079983277,54.735568223747165,-0.5487037695872335,1.0693021762920603,2.577646716605853,0.8162003431117715,2.2975109316634805,-0.019692076776306827,0.8979656662811705,2.325764493532356,0.6706962867553812,1.7116611476984112,-0.017222852781185245,test
anom_17_2.csv,anom,scenario_17,anom_scenario_17,0,17.99311111111111,43.51,15.011468323367659,40.81,-0.44572218792443513,32.97933333333333,63.01,24.053477395824917,58.882,-0.7285803185578467,22.539777777777775,55.87,18.25077483211423,49.4375,-0.4633935053710336,1.1692222222222222,2.49,0.9139557530875045,2.4455,-0.027513437872988437,0.7784444444444445,1.79,0.6397452286285992,1.6965,-0.016548874346627152,test
anom_17_3.csv,anom,scenario_17,anom_scenario_17,0,11.065444444444445,43.06,14.040238014653267,39.344500000000004,-0.43124015310532154,21.697222222222223,61.13,24.775118862866492,58.41049999999999,-0.8180235420010701,14.247333333333334,66.03,18.121769812123635,48.489,-0.5234101329382226,0.7511111111111111,2.39,0.883079958007601,2.2655,-0.028509034037123935,0.509,1.8,0.6306694320991544,1.6324999999999996,-0.019072395769024978,test
anom_17_4.csv,anom,scenario_17,anom_scenario_17,0,21.384555555555558,43.63,12.450240028471011,39.369,-0.32383644071284523,42.729222222222226,63.28,19.923758513916226,59.0025,-0.4419158743877844,27.491666666666667,59.71,15.438078361089705,48.415,-0.3261852080503766,1.4713333333333332,2.46,0.7797380718383304,2.4055,-0.016290076964234266,0.9234444444444444,1.79,0.5443605899907535,1.7155,-0.008357986582705682,test
anom_17_5.csv,anom,scenario_17,anom_scenario_17,0,25.627111111111113,93.97,20.841349470231638,81.43549999999999,-0.0836969173148948,33.065555555555555,66.11,17.56541233111387,46.147499999999994,-0.38867020619829595,37.17022222222222,277.85,52.05956976814585,169.861,0.16434522780590188,0.742,1.49,0.48170157202814073,1.3864999999999998,-0.011158249989710664,1.0893333333333335,2.0,0.7149602016109989,1.9555,-0.019491953739144745,test
anom_17_6.csv,anom,scenario_17,anom_scenario_17,0,31.87245000935257,100.0,34.74988778201453,96.95000501467854,0.14235534271899764,39.85347720586375,90.71550740115325,26.113433440228746,83.3068228673001,-0.2697157976721392,70.69582970827302,238.60504581622783,73.9868082700451,201.25549962776506,0.3870178629979358,2.196833334301253,8.065170780167655,2.3940401130095137,7.04467852041355,0.014401277773370375,0.5298793871024101,1.9025635152694365,0.5987889860461476,1.523978967651785,-0.019524449873357625,test
anom_17_7.csv,anom,scenario_17,anom_scenario_17,0,26.415444444444443,99.9,18.63396483054177,47.57999999999994,-0.008615137671317438,36.94133333333333,77.95,14.665632622724432,45.976,-0.2041605136436597,32.39866666666667,181.98,29.77185705258492,60.468499999999935,0.02173255957525624,0.930111111111111,4.5,0.6350838119411979,1.4655,-0.003885006379388401,1.198888888888889,1.99,0.5527651520838684,1.9155,-0.010166357986582704,test
anom_17_8.csv,anom,scenario_17,anom_scenario_17,0,25.066444444444446,54.95,19.749694482695176,51.446999999999996,-0.5082148413384366,33.0,59.83,24.001446164294517,58.556,-0.7472810635057826,38.842,94.34,33.18877396505286,88.7255,-0.8475757500926041,0.8086666666666666,1.99,0.6804248507572969,1.8,-0.01697559369469482,1.1655555555555557,2.5,0.9278356004019697,2.3855,-0.026959542330328837,test
anom_17_9.csv,anom,scenario_17,anom_scenario_17,0,9.5870437999797,33.24804718562749,8.392240022538251,22.50157846842786,-0.2040466313264644,29.94137443174218,56.89748153790731,21.658691200234585,51.520837193298085,-0.6622010542774642,20.208715853211878,55.41441997237002,15.928671136661649,42.87704030842362,-0.45032509093902684,0.8078641329860384,1.9932091933501304,0.6233351627092287,1.651625707153211,-0.01791515046846604,0.618783970603427,1.4608476470795957,0.4662403681886718,1.2065854151852886,-0.014080045767267532,test
anom_2_1.csv,anom,scenario_2,anom_scenario_2,0,17.83866666666667,24.0,2.563567212680915,22.444,0.0445493682347615,66.62377777777778,98.45,19.065571274943498,95.866,0.7291645882207675,31.820222222222224,99.0,19.971412207654218,84.69049999999999,0.4171476313948223,0.7998888888888889,1.18,0.18278429876539193,1.131,-0.0010193027945836937,1.2607777777777778,2.0,0.2809143488872303,1.6955,0.0007316952710211134,train
anom_2_10.csv,anom,scenario_2,anom_scenario_2,0,14.943333333333335,20.11,2.14324336808293,18.883,-0.01245371856607811,66.49777777777778,99.9,18.869491325189735,94.6785,0.7207497221879248,13.035666666666668,109.08,16.577051760074223,14.5715,0.1871948800263407,0.9998888888888888,1.46,0.2842316449043697,1.41,-0.0015021607605877267,1.3734444444444445,1.99,0.3393555065123442,1.8855,-0.00022249660451907616,train
anom_2_11.csv,anom,scenario_2,anom_scenario_2,0,18.189666666666668,25.61,2.6588598764689775,22.742,0.06218389101535166,59.89044444444445,100.0,23.396476202126127,95.976,0.8938962011771001,25.523444444444447,95.36,17.925981593552542,75.05499999999998,0.3869373996789726,0.7972222222222223,1.18,0.19665190701931184,1.1155000000000002,-0.0008494052763715684,1.2434444444444444,1.63,0.22277191999795562,1.56,0.0013895542659587605,train
anom_2_12.csv,anom,scenario_2,anom_scenario_2,0,18.673111111111112,25.01,2.254405746181128,22.571,0.03605893731736429,64.096,92.34,17.025149922618628,91.4515,0.6494915421656995,25.258555555555557,182.45,33.65155637121029,106.34849999999992,0.6313313577807962,0.7867777777777778,1.1,0.1931630723878974,1.0755000000000001,-0.0003625962052928343,1.1788888888888889,1.49,0.16671609753868055,1.4455,-0.00015112976910729715,train
anom_2_13.csv,anom,scenario_2,anom_scenario_2,0,20.102,28.33,2.726383866729709,24.625,-0.0006293781125241687,66.98166666666667,99.49,18.91985695185489,96.5945,0.722762234020661,39.278444444444446,248.81,47.282636571457864,173.49999999999994,0.881830514055233,0.781888888888889,1.35,0.2113035754518876,1.111,0.00039041857019385097,1.1784444444444444,1.66,0.1947623796305406,1.4565,-0.000837469646458411,train
anom_2_14.csv,anom,scenario_2,anom_scenario_2,0,14.704222222222224,21.03,3.8994220193374667,20.151,-0.026459069020866772,68.67233333333334,97.72,17.48042346760347,95.4905,0.6681354076634973,31.806,148.37,30.65710969467704,119.53699999999998,0.5931263942050459,0.8267777777777777,1.36,0.20424609400513533,1.131,-0.0002308927028028151,1.1927777777777777,1.71,0.17483878788133722,1.4739999999999998,0.0007404206280610774,train
anom_2_15.csv,anom,scenario_2,anom_scenario_2,0,17.581555555555553,23.42,2.544080996127371,20.956999999999997,0.06392295345104332,67.24433333333333,99.9,19.114190742817463,96.41499999999999,0.7310132938222824,56.20322222222222,365.11,88.10203573548446,297.95199999999994,1.8061498127340825,0.7917777777777778,1.35,0.2119019159246427,1.1694999999999998,0.0003374902251306746,1.1652222222222224,1.83,0.2905486007336202,1.6264999999999998,0.0003683582335267729,train
anom_2_16.csv,anom,scenario_2,anom_scenario_2,0,16.99988888888889,27.7,4.20614251054054,26.663999999999998,0.1094731859900399,65.12277777777778,100.0,20.4325571349662,95.368,0.780395192822159,36.59211111111111,273.26,45.61746163044907,163.9885,0.7277727291435157,0.7723333333333334,1.35,0.2045441629740178,1.1194999999999997,-0.0005647610816150145,1.2005555555555556,1.82,0.294394679326886,1.6455,-0.0005996625097748693,train
anom_2_17.csv,anom,scenario_2,anom_scenario_2,0,15.544333333333334,20.78,1.9813019496609632,18.551999999999996,0.04109717249043092,64.676,99.5,20.530960878798197,99.0275,0.7740636292546405,50.599222222222224,500.15,104.82726894810625,400.78599999999994,1.7606159608182077,1.0077777777777779,1.49,0.29248942275229806,1.4555,0.0008610116475285009,1.3138888888888889,1.78,0.3159991979951579,1.7519999999999998,0.0007111165987570478,train
anom_2_18.csv,anom,scenario_2,anom_scenario_2,0,17.581555555555553,23.42,2.544080996127371,20.956999999999997,0.06392295345104332,61.42055555555556,99.47,21.509444194946802,94.2155,0.8213289706548131,26.952222222222222,149.44,38.79878342172912,119.756,0.942363419352183,1.004888888888889,1.48,0.29185668502581397,1.4509999999999998,-0.0027942544347038726,1.386,1.97,0.3222212234691138,1.8955,0.0010781577972589205,train
anom_2_19.csv,anom,scenario_2,anom_scenario_2,0,14.582222222222223,20.76,1.9891846772985915,17.621,-0.012485162777297604,64.62866666666666,96.97,18.482824532430882,93.064,0.7051334732683047,31.849777777777778,274.76,36.04489731462655,43.26049999999998,0.47093007367164663,0.8593333333333334,1.19,0.1641306686895974,1.1055000000000001,-0.00027921142527884076,1.208,1.84,0.28650626990805844,1.6855,4.708400214018212e-05,train
anom_2_2.csv,anom,scenario_2,anom_scenario_2,0,21.181,29.13,3.4915464684825612,26.595,0.06542478495287483,68.31933333333333,100.0,22.26747427946235,100.0,0.8505468164794004,31.580444444444442,99.0,24.76862576470806,96.95349999999999,0.5673339095361567,1.0945555555555555,1.58,0.22484532067004637,1.4565,0.0006477342881837265,0.9184444444444444,1.42,0.2139511185961978,1.25,0.0006206527554842161,train
anom_2_20.csv,anom,scenario_2,anom_scenario_2,0,17.561333333333334,22.44,2.1667353374309304,20.593,0.06199069844013668,66.458,98.49,18.33422398108969,92.8125,0.6969034860270814,38.17022222222222,277.94,45.41065511202048,150.9819999999999,0.7840327612462444,0.7937777777777778,1.35,0.21040131679095028,1.1694999999999998,0.000775075112153764,1.1634444444444443,1.83,0.2900451770743136,1.6264999999999998,0.0009526278964481211,train
anom_2_21.csv,anom,scenario_2,anom_scenario_2,0,14.908111111111111,22.1,2.6686666680701085,20.142,0.010897065481335145,59.65,99.45,23.442802685532477,94.051,0.8949266164547064,36.87011111111111,240.92,53.94637621498861,193.05,1.0031016997983289,1.0131111111111113,1.48,0.2817427484065037,1.4255,-0.0006257562662057046,1.4038888888888887,2.0,0.3667522031656272,1.9455,5.572704449108993e-05,train
anom_2_22.csv,anom,scenario_2,anom_scenario_2,0,14.755444444444445,23.89,3.324664099316409,20.899499999999996,0.03465917602996255,59.99688888888889,83.66,14.411586758884821,82.1405,0.5506343993085567,34.25244444444444,233.62,35.505005575606454,65.76249999999995,0.5008254517018561,0.8136666666666668,1.23,0.1905547784641089,1.12,0.0008592830390583196,1.1522222222222223,2.05,0.28478565871675593,1.5855000000000001,-0.0019594188582952627,train
anom_2_23.csv,anom,scenario_2,anom_scenario_2,0,15.061111111111112,20.78,2.4862143256181404,18.8925,-0.003105403959336543,65.97433333333333,97.09,18.793635370769483,95.10799999999999,0.7186758035971519,35.06677777777777,196.36,35.38838341195964,100.36399999999969,0.5169435732806519,0.8141111111111111,1.38,0.20714698925172653,1.1409999999999998,-0.0010680330905050003,1.1883333333333335,1.78,0.2890909813633382,1.6874999999999998,0.0026379388401860304,train
anom_2_24.csv,anom,scenario_2,anom_scenario_2,0,19.895,27.16,3.683492861798617,25.602999999999998,0.12846779437790676,67.08022222222222,98.66,18.787499667871913,95.43799999999999,0.7188650450672921,26.063999999999997,65.74,6.426260519902916,33.0365,0.09915150018520803,0.8254444444444445,1.27,0.18986193156785452,1.1065,0.0008829896695065236,1.207111111111111,2.07,0.3121770041140571,1.6764999999999999,0.0011283697575832407,train
anom_2_25.csv,anom,scenario_2,anom_scenario_2,0,15.28788888888889,21.61,2.33637022541639,18.3025,0.01002568218298555,66.48266666666666,98.83,18.463767482908818,93.78450000000001,0.7052225377618637,35.737,277.04,42.89262049754092,59.163499999999885,0.6503412767008273,0.8114444444444444,1.27,0.19485264447442496,1.1409999999999998,0.00011433510309914806,1.205,1.81,0.2986495823430997,1.7055,-0.0003411943861382059,train
anom_2_26.csv,anom,scenario_2,anom_scenario_2,0,17.563666666666666,22.75,2.1436425211370875,21.320999999999998,0.010061242128657851,52.39333333333333,74.51,12.341387844670638,70.2445,0.47073926822241424,28.637555555555558,100.0,14.533910236634249,59.717999999999975,0.25289015104745444,0.7602222222222222,1.09,0.18039891986134804,1.0555,-0.0003096678602296579,1.1694444444444445,1.86,0.28985994723958125,1.6814999999999998,-0.0010619418035148374,train
anom_2_27.csv,anom,scenario_2,anom_scenario_2,0,14.825333333333333,23.09,2.7498290855978667,19.032,0.008048894925299418,66.00377777777778,98.18,18.575080417977524,93.64750000000001,0.7094039593365435,39.49766666666667,218.38,45.25860774917031,154.8845,0.7691691155286663,0.7691111111111111,1.27,0.18239754362408464,1.0555,-0.000871218668971478,1.2233333333333332,1.99,0.29414511438167174,1.6674999999999998,0.0004691937276206936,train
anom_2_28.csv,anom,scenario_2,anom_scenario_2,0,14.958,20.65,1.941384424359603,18.287,-0.001574186113511958,64.45366666666666,96.25,18.541855624505324,92.4585,0.706818043379841,45.06966666666666,296.51,67.2494894421119,230.02699999999996,1.3720767996048893,0.8094444444444444,1.22,0.20480937210336178,1.1709999999999998,0.0003171584969337779,1.1991111111111112,2.12,0.30977935041343824,1.6664999999999999,0.001252500308680084,train
anom_2_29.csv,anom,scenario_2,anom_scenario_2,0,15.116888888888889,25.17,2.0823909359165764,19.022,0.017981479194962343,56.672999999999995,83.5,15.78108834414922,81.0385,0.6038306786846114,46.06022222222222,347.54,80.68817431388176,266.56449999999995,1.639133555582994,0.9684444444444444,1.49,0.2980193459941259,1.4474999999999998,0.0005564472980203317,1.355222222222222,1.98,0.3473114322352467,1.9264999999999999,-0.0002068568135983866,train
anom_2_3.csv,anom,scenario_2,anom_scenario_2,0,15.902000000000001,21.51,2.8494502525176753,19.8275,0.06811853315224103,71.38166666666667,99.67,16.22219323552727,96.3945,0.6200050211960325,34.95733333333333,99.0,17.80786669998668,86.39399999999999,0.3445347162201094,0.6142222222222222,1.0,0.14648678107158375,0.8574999999999998,-1.8767749104827877e-05,0.8322222222222223,1.2,0.20930477631498204,1.1855,0.0006876569123760131,train
anom_2_30.csv,anom,scenario_2,anom_scenario_2,0,14.669,24.59,3.066980380062023,19.15,0.0023937934724451563,65.99266666666666,97.93,18.35314612223936,93.28699999999999,0.7005587521093136,36.05855555555556,181.48,34.08338316544437,122.12299999999998,0.6439306087171256,1.0073333333333332,1.49,0.2785588917621824,1.4555,0.00020249413507840495,1.2677777777777777,1.78,0.3256308579978247,1.7355,0.00029090011112483006,train
anom_2_4.csv,anom,scenario_2,anom_scenario_2,0,20.63811111111111,28.97,3.2661484359246638,25.893499999999996,0.037133390953615675,56.79266666666667,99.84,19.603125914455017,93.1515,0.7252580977075359,23.48122222222222,99.0,20.260312498437234,96.58799999999998,0.3204819525044244,1.5064444444444445,2.0,0.21029305988597136,1.8529999999999998,-7.046137383216031e-05,1.816111111111111,2.5,0.28920539897537245,2.3265,-0.00014726097872165295,train
anom_2_5.csv,anom,scenario_2,anom_scenario_2,0,16.68174589610969,25.5403453906398,3.350922033326916,23.883996743118857,0.08393309917101004,65.87547807108444,94.81510713861456,18.5129965532838,93.88848022099955,0.7071592682586632,31.672790278876427,99.0,19.7578042176287,91.55,0.3619371122487662,0.8184124016752552,1.4316846299740782,0.2184681023359584,1.1905042028249773,0.0016171316012994967,1.2060689713173796,1.9499271662862292,0.2987295189106544,1.714294838529362,-0.0015376555160319552,train
anom_2_6.csv,anom,scenario_2,anom_scenario_2,0,14.976555555555557,18.51,1.4455387869301022,17.631999999999998,-0.0022229081779643538,69.68733333333333,99.11,17.53356836970961,96.25099999999999,0.6706819771988308,15.726444444444446,164.5,24.903403598935743,41.47549999999987,0.34994542536115564,0.7996666666666666,1.12,0.1447698677444363,1.0255,-9.490883648187034e-05,1.174777777777778,1.54,0.15110995905413818,1.37,-7.630571675515532e-05,train
anom_2_7.csv,anom,scenario_2,anom_scenario_2,0,17.474444444444444,23.35,2.60954949450947,22.1565,0.0549274396015969,64.46222222222222,93.28,17.105433776118147,90.575,0.6544249907395974,38.873000000000005,382.78,69.21021840269191,125.6069999999995,0.9674543359262461,0.8101111111111111,1.29,0.19642589845288028,1.1574999999999998,0.0005879738239288801,1.1726666666666667,1.87,0.34884979543534334,1.793,-0.0006311890356834179,train
anom_2_8.csv,anom,scenario_2,anom_scenario_2,0,18.75711111111111,24.64,2.929431146391427,23.38,0.08538255751738895,68.36055555555555,100.0,18.89334888981199,97.4115,0.7224357739638639,40.468444444444444,423.91,84.80627620021006,205.0939999999991,1.113274889904103,1.0130000000000001,1.47,0.256626559442385,1.4409999999999998,-0.0005774375437296787,1.408111111111111,2.0,0.33763518123189284,1.9655,0.0005866567889039798,train
anom_2_9.csv,anom,scenario_2,anom_scenario_2,0,15.418444444444445,22.71,3.097399021618961,21.046999999999997,0.023013705395727873,69.54177777777778,100.0,18.51855501787497,97.658,0.7027616578178376,28.499111111111112,99.54,16.359368524696833,62.365499999999855,0.21051701856196237,0.7947777777777778,1.17,0.17872348724743103,1.0755000000000001,0.0006508622463678646,1.181888888888889,1.64,0.1825468660430037,1.51,0.0014697287730995594,train
anom_3_1.csv,anom,scenario_3,anom_scenario_3,0,19.699,24.79,2.8560261738327917,24.6195,-0.0031468082479318435,40.129333333333335,44.78,2.864406835080159,44.423,0.003486850228423262,53.35022222222223,100.0,24.84338335612273,100.0,0.9142519652632013,0.9845555555555555,1.5,0.2939393849885393,1.4555,-0.0008869407745812239,1.3271111111111111,1.79,0.27625604653281816,1.7409999999999999,3.8852533234555706e-05,train
anom_3_10.csv,anom,scenario_3,anom_scenario_3,0,20.482444444444447,26.69,2.73654063220526,25.763499999999997,-0.0014033008190311583,40.46622222222222,50.63,4.809742355167908,48.35,0.034786846112688806,77.75566666666667,99.79,13.47763141011678,97.99199999999999,0.5143588920442852,0.7868888888888889,1.19,0.18533082745591228,1.1255,0.0006170309091657404,1.1496666666666666,1.78,0.2765780057387554,1.6475,-0.0005580112771124005,train
anom_3_11.csv,anom,scenario_3,anom_scenario_3,0,19.68922222222222,23.36,2.0140914966316688,22.588,0.004301354076634978,39.407777777777774,46.64,2.9442027507803985,43.872,-0.01187652796641561,52.34744444444445,100.0,30.366946458542383,100.0,1.0808823311519942,0.8846666666666667,1.46,0.1933919580494553,1.19,0.0004504259785158663,1.3742222222222222,1.79,0.20508139122971186,1.6755,-0.0003404535539366995,train
anom_3_12.csv,anom,scenario_3,anom_scenario_3,0,19.533444444444445,25.04,3.0220675864180966,23.886499999999998,0.006439889698316661,44.01311111111111,56.06,4.907256640968005,51.451499999999996,-0.01981512120837963,57.40477777777778,100.0,27.300686258311917,98.497,0.997030168333539,0.7846666666666667,1.36,0.19339195804945533,1.09,0.00045042597851586617,1.2893333333333334,1.78,0.24583633909163535,1.6555,-0.00039280569617648276,train
anom_3_13.csv,anom,scenario_3,anom_scenario_3,0,21.747777777777777,31.63,3.103326152451493,26.406499999999998,0.008290900111124828,40.102,46.79,2.4123251872392255,43.635,0.00966786022965799,65.27866666666667,100.0,21.347044486640463,99.901,0.8119896283491788,0.9165555555555555,1.34,0.20042180862691417,1.2309999999999999,-0.00041494834753261765,1.1958888888888888,2.03,0.31328593553373246,1.7559999999999996,0.0007037082767419838,train
anom_3_14.csv,anom,scenario_3,anom_scenario_3,0,14.832111111111113,21.42,2.069198126422893,17.941,0.005525702761657821,45.12188888888889,53.15,2.8946874603544996,49.3615,0.011619129933736679,53.43166666666667,100.0,26.600314699920965,100.0,0.951859653455159,1.011,1.49,0.30188936882778095,1.4655,0.001282215911429395,1.0090000000000001,1.49,0.3004679870401422,1.46,-0.0012109313907066716,train
anom_3_15.csv,anom,scenario_3,anom_scenario_3,0,24.802111111111113,28.7,1.8702691595298895,28.0095,0.004634563937934723,40.163666666666664,48.16,2.8929505369067003,45.632999999999996,0.017168127752397403,53.216888888888896,100.0,29.262003419875736,100.0,1.086896160019755,0.7978888888888889,1.57,0.215080306112399,1.1409999999999998,-0.0006258385808947608,1.2176666666666667,1.84,0.2438965059568864,1.6119999999999999,-0.0011623657241634766,train
anom_3_16.csv,anom,scenario_3,anom_scenario_3,0,19.68922222222222,23.36,2.0140914966316688,22.588,0.004301354076634978,44.407777777777774,51.64,2.9442027507803985,48.872,-0.011876527966415612,54.50900000000001,100.0,27.38922908325974,97.9025,1.014045766967115,0.9768888888888889,1.5,0.30069075698436454,1.46,0.0006435362390418565,1.4527777777777777,1.99,0.3530509966594022,1.9609999999999999,-0.0009453842038111706,train
anom_3_17.csv,anom,scenario_3,anom_scenario_3,0,14.689222222222222,18.36,2.0140914966316688,17.588,0.004301354076634973,39.407777777777774,46.64,2.9442027507803985,43.872,-0.01187652796641561,57.10344444444445,100.0,25.848710230624015,98.6445,0.9602748487467587,0.8846666666666667,1.46,0.1933919580494553,1.19,0.0004504259785158663,1.2893333333333334,1.78,0.24583633909163535,1.6555,-0.00039280569617648276,train
anom_3_18.csv,anom,scenario_3,anom_scenario_3,0,14.689222222222222,18.36,2.0140914966316688,17.588,0.004301354076634973,39.407777777777774,46.64,2.9442027507803985,43.872,-0.01187652796641561,56.219,100.0,24.393870203047864,99.9665,0.9084903486027082,0.7846666666666667,1.36,0.19339195804945533,1.09,0.00045042597851586617,1.2893333333333334,1.78,0.24583633909163535,1.6555,-0.00039280569617648276,train
anom_3_19.csv,anom,scenario_3,anom_scenario_3,0,14.802111111111111,18.7,1.8702691595298893,18.0095,0.004634563937934721,40.163666666666664,48.16,2.8929505369067003,45.632999999999996,0.017168127752397403,60.20511111111111,100.0,22.204391571121594,100.0,0.8122131950446558,0.7978888888888889,1.57,0.215080306112399,1.1409999999999998,-0.0006258385808947608,1.2176666666666667,1.84,0.2438965059568864,1.6119999999999999,-0.0011623657241634766,train
anom_3_2.csv,anom,scenario_3,anom_scenario_3,0,24.72388888888889,29.87,3.0095308135742163,29.501,0.005052722558340532,44.718888888888884,49.86,2.8864637376665447,49.338499999999996,-0.004988434786187603,53.181222222222225,100.0,29.161075249814484,100.0,1.0788392805696176,1.4454444444444445,1.99,0.35436019607779684,1.9355,0.0008380458492818039,1.7165555555555556,2.46,0.42280540085394,2.3565,-0.0022581388648804383,train
anom_3_20.csv,anom,scenario_3,anom_scenario_3,0,17.703333333333333,23.56,2.8048657561659454,22.506999999999998,0.006932543112318394,45.196666666666665,55.0,4.638675954056457,54.385,0.02691591554512902,58.54877777777778,100.0,22.40315020122899,98.67249999999999,0.8294420710375762,0.898888888888889,1.5,0.20150804731718044,1.2409999999999999,-0.000426225459933325,1.3186666666666667,1.94,0.24155023670850048,1.7119999999999997,-0.001206074824052352,train
anom_3_21.csv,anom,scenario_3,anom_scenario_3,0,19.802111111111113,23.7,1.8702691595298895,23.0095,0.0046345639379347225,40.163666666666664,48.16,2.8929505369067003,45.632999999999996,0.017168127752397403,63.312777777777775,100.0,22.674205560840072,97.937,0.861431534757377,0.897888888888889,1.67,0.215080306112399,1.2409999999999999,-0.0006258385808947604,1.2176666666666667,1.84,0.2438965059568864,1.6119999999999999,-0.0011623657241634766,train
anom_3_22.csv,anom,scenario_3,anom_scenario_3,0,25.480777777777778,35.15,3.1547083512621406,31.1465,-0.001357286907848707,44.720555555555556,54.3,4.1994928428714235,51.1925,0.04294530188912211,34.50211111111111,177.02,40.97936596409193,160.54049999999998,-0.054042968267687286,0.7837777777777778,1.27,0.201335863267583,1.1065,0.0011259003169115525,1.2382222222222221,1.9,0.2839115932100188,1.6519999999999997,0.0013440342429106484,train
anom_3_23.csv,anom,scenario_3,anom_scenario_3,0,19.743111111111112,30.65,4.815551969819499,27.838499999999996,0.010576779026217226,40.373444444444445,49.48,3.4408684431326804,45.15,0.009595999506111869,59.03366666666666,100.0,26.985252795313354,99.78399999999999,1.0016946125036015,0.9239999999999999,1.48,0.321816473625309,1.4019999999999997,0.0018494464337160963,1.172111111111111,1.76,0.353932941164634,1.7009999999999998,-0.0008816726344816223,train
anom_3_24.csv,anom,scenario_3,anom_scenario_3,0,20.320333333333334,26.77,2.103251869597717,24.0995,-0.000875745976869568,39.79011111111111,46.97,3.1500128390836757,44.643,0.03220438737292669,55.38955555555556,99.69,29.115967197873843,98.9825,1.0703288471827794,0.9437777777777777,1.49,0.29133006794594385,1.42,-0.0018594888257809602,1.4464444444444444,1.97,0.34977138958009274,1.9455,0.0005049183026711116,train
anom_3_25.csv,anom,scenario_3,anom_scenario_3,0,19.802111111111113,23.7,1.8702691595298895,23.0095,0.0046345639379347225,45.163666666666664,53.16,2.8929505369067003,50.632999999999996,0.0171681277523974,66.48588888888888,100.0,24.939658364006483,100.0,0.9464586574474214,0.7984444444444444,1.57,0.21344636518686763,1.1409999999999998,-0.0005949705724986625,1.2176666666666667,1.84,0.2438965059568864,1.6119999999999999,-0.0011623657241634766,train
anom_3_26.csv,anom,scenario_3,anom_scenario_3,0,14.802111111111111,18.7,1.8702691595298893,18.0095,0.004634563937934721,40.163666666666664,48.16,2.8929505369067003,45.632999999999996,0.017168127752397403,59.583333333333336,100.0,19.21257295498346,94.66799999999998,0.7208773099559617,0.7978888888888889,1.57,0.215080306112399,1.1409999999999998,-0.0006258385808947608,1.2176666666666667,1.84,0.2438965059568864,1.6119999999999999,-0.0011623657241634766,train
anom_3_27.csv,anom,scenario_3,anom_scenario_3,0,21.450222222222223,24.85,2.0009952455051794,24.3765,0.003058319957196361,43.88722222222222,47.88,2.4446024137471474,47.5975,-0.009164012017944598,60.74633333333333,100.0,24.48988915193691,98.2515,0.929402066098695,0.9748888888888888,1.3,0.17811903887565625,1.2555,3.309050500061753e-05,1.2225555555555556,1.58,0.18024677909267445,1.5274999999999999,-0.0003625962052928348,train
anom_3_28.csv,anom,scenario_3,anom_scenario_3,0,19.703333333333333,25.56,2.8048657561659454,24.506999999999998,0.006932543112318394,40.10911111111111,45.44,1.9280394912061427,43.752,0.011430711610486876,65.306,100.0,21.015820033617366,98.4255,0.8000623945343043,1.0222222222222221,1.49,0.29550861801451567,1.4555,-0.0017221879244351149,1.4033333333333333,1.99,0.3668909766729689,1.9355,0.002463514014075811,train
anom_3_29.csv,anom,scenario_3,anom_scenario_3,0,20.13711111111111,25.0,2.074445502976392,23.528499999999998,-0.0034954109560851126,39.75977777777778,45.0,2.7181355051247396,44.818,-0.01352512655883442,57.776222222222216,100.0,25.909932613574085,99.613,0.9731402230728075,0.8666666666666667,1.29,0.20358031294853815,1.2209999999999999,-0.0013868378812199034,1.258888888888889,1.8,0.18500801345805376,1.56,-0.0007981232250895166,train
anom_3_3.csv,anom,scenario_3,anom_scenario_3,0,14.956333333333333,19.94,2.86774485646784,19.368499999999997,-0.0015403547763098338,30.381333333333334,34.93,2.8392083087059174,34.431,0.013608758282915585,48.33522222222222,100.0,22.461111422958503,99.928,0.6929852245133143,1.9938888888888888,2.48,0.28076018173957096,2.4255,0.00031633535004321517,1.0103333333333333,1.5,0.27722724220434164,1.4309999999999998,7.153146478989166e-05,train
anom_3_30.csv,anom,scenario_3,anom_scenario_3,0,15.143111111111113,20.54,2.08939572170942,18.528499999999998,-0.0038554554060172028,39.814,48.2,2.982240994338757,44.818,-0.013075852985965341,54.06077777777778,100.0,27.599998543713436,100.0,1.0216027493106143,0.7583333333333333,1.19,0.22275219263980928,1.121,-0.0013823105733218094,1.288888888888889,2.17,0.2817180216020636,1.7455,-0.0012938222825863272,train
anom_3_4.csv,anom,scenario_3,anom_scenario_3,0,35.27622222222222,39.97,2.952442362708983,39.648,-0.0014566407375395988,50.733333333333334,54.95,2.7839374750824666,54.522,-0.02115635675186238,55.97366666666667,98.57,22.016581465754445,90.82549999999999,0.7451608840597606,0.9747777777777779,1.5,0.2970235407678778,1.4355,-0.00220940856895913,1.3043333333333333,1.79,0.3067336069262342,1.74,-0.0007298843478618763,train
anom_3_5.csv,anom,scenario_3,anom_scenario_3,0,20.147666666666666,25.06,1.9837672990119608,23.520500000000002,-0.005001522821747542,39.467999999999996,47.7,2.776576260493682,44.0085,0.011013540766349741,66.38588888888889,100.0,22.35894999114709,100.0,0.8410858130633411,0.9627777777777778,1.49,0.28360055695488084,1.43,0.003066139852656708,1.405,1.98,0.32248072845477,1.9174999999999998,0.0001724492735728691,train
anom_3_6.csv,anom,scenario_3,anom_scenario_3,0,25.273666666666667,33.33,2.94276849318705,29.874,0.009095690826027906,40.358444444444444,51.14,4.066840120326178,47.8695,-0.011470551919990109,45.260444444444445,100.0,27.673776656014823,96.25699999999999,0.993771741367247,0.8293333333333334,1.36,0.1860699397321075,1.09,0.0010142815985512616,1.169888888888889,1.98,0.36624880854795483,1.8019999999999998,-0.0005138906037782444,train
anom_3_7.csv,anom,scenario_3,anom_scenario_3,0,19.703333333333333,25.56,2.8048657561659454,24.506999999999998,0.006932543112318394,40.273,53.6,4.82090402497058,49.385,0.028583528830719834,57.39333333333333,100.0,30.067416198501878,100.0,1.1068485821294813,0.7978888888888889,1.57,0.215080306112399,1.1409999999999998,-0.0006258385808947608,1.2176666666666667,1.84,0.2438965059568864,1.6119999999999999,-0.0011623657241634766,train
anom_3_8.csv,anom,scenario_3,anom_scenario_3,0,15.136444444444445,19.87,1.936974538306438,18.245,-0.012931637650738773,40.24077777777778,50.0,3.2099368987384533,45.1815,-0.002114088159031987,66.56588888888889,100.0,24.419341886909294,100.0,0.9295255381322796,0.7844444444444444,1.24,0.20439612955674522,1.07,-0.0003243198748816724,1.1837777777777778,2.0,0.295534472134344,1.6614999999999998,0.0011843437461414995,train
anom_3_9.csv,anom,scenario_3,anom_scenario_3,0,14.802111111111111,18.7,1.8702691595298893,18.0095,0.004634563937934721,40.163666666666664,48.16,2.8929505369067003,45.632999999999996,0.017168127752397403,60.407777777777774,100.0,26.59957973722993,100.0,0.983387084825287,0.9978888888888889,1.77,0.21508030611239898,1.341,-0.0006258385808947604,1.2176666666666667,1.84,0.2438965059568864,1.6119999999999999,-0.0011623657241634766,train
anom_4_1.csv,anom,scenario_4,anom_scenario_4,0,31.64388888888889,81.78,22.152906406038607,67.457,0.15200090546157954,44.74022222222222,50.0,2.0027161207157596,47.923,-0.003943532123307396,57.844,100.0,36.43679751341641,100.0,0.214848911388237,0.647,1.47,0.36221680142692864,1.2519999999999998,-0.0020197555253735023,0.9256666666666666,1.81,0.46658465036374286,1.6464999999999999,-0.002420134172943165,train
anom_4_10.csv,anom,scenario_4,anom_scenario_4,0,29.046555555555557,86.41,19.81126794126764,76.75399999999999,0.27664065522492487,39.88677777777778,45.38,3.0948942469009535,44.763999999999996,-0.01305469811087788,61.776777777777774,99.98,32.76825638600985,98.842,0.7254264312466561,0.7567777777777778,1.39,0.3856027756956889,1.33,-0.006960941680042812,1.04,1.76,0.39497404266865754,1.6609999999999998,-0.008380623122196156,train
anom_4_11.csv,anom,scenario_4,anom_scenario_4,0,42.5044250382166,77.03615892617097,20.547015454789296,72.2650414993008,0.7281455087259504,40.56828000209483,44.45743753927041,1.49322418336024,43.348553742609035,0.013774995750653734,75.56521263992776,100.0,32.20953812897484,100.0,0.9906218711090292,0.5787649729962467,1.2795096683872202,0.2706579765438266,1.0808348609267864,-0.006477565509489117,0.7802974715348494,1.5294407459431418,0.34378612166764605,1.3535282457313764,-0.00860450249100001,train
anom_4_12.csv,anom,scenario_4,anom_scenario_4,0,36.13355555555555,63.0,15.373692275516385,55.5145,0.45542955920484013,42.686,48.92,2.6306122669212235,46.804,0.07008239700374531,70.39488888888889,100.0,33.402584817038125,97.5305,1.0167467588591181,0.48688888888888887,1.19,0.31192279527510425,1.0274999999999999,-0.005383380664279541,0.7677777777777777,2.08,0.5133668941799325,1.4709999999999999,-0.008449273572869077,train
anom_4_13.csv,anom,scenario_4,anom_scenario_4,0,36.81671050370572,87.8377742348905,23.313622538059878,69.37561981108018,0.44157576744575566,40.19201053121631,43.965357375097824,1.5123998055470822,42.536875499468024,0.004257661088513959,72.13564184487261,99.60436200265906,33.57534461220244,99.01572691697626,1.0116360795755885,0.6594212054206802,1.4266066749312534,0.4177855297813715,1.245227876230673,-0.008333853318515525,0.9732703229950487,2.1569408799653016,0.6477475844268353,1.9488063076977555,-0.014700972682938332,train
anom_4_14.csv,anom,scenario_4,anom_scenario_4,0,44.41688888888889,84.68,33.34208608979012,84.0805,0.6854938469769929,39.56122222222223,44.43,1.9798517864046898,42.7405,-0.009182285878915104,61.33888888888889,99.96,33.9436094312828,99.16499999999999,0.7122662057044081,0.5555555555555556,1.17,0.35543646569895493,1.08,-0.007517635922130303,0.8322222222222223,1.84,0.4725231764787975,1.53,-0.008876486809071075,train
anom_4_15.csv,anom,scenario_4,anom_scenario_4,0,24.626777777777775,76.36,16.04719022819027,67.402,0.28198831131415397,40.123222222222225,45.75,1.9439146347938707,43.4775,0.011616495863686878,73.592,100.0,34.54438562165389,100.0,1.0811989957607941,0.5262222222222223,1.23,0.297682350036236,1.0074999999999998,-0.008477589825904432,0.8147777777777777,1.86,0.4571632800971264,1.6509999999999998,-0.012728567312836975,train
anom_4_16.csv,anom,scenario_4,anom_scenario_4,0,30.854444444444447,64.62,14.250539521512236,57.278499999999994,0.3451318269745235,40.44922222222222,42.97,1.3217312682871822,42.513,0.00599209778985059,59.016555555555556,99.97,34.85590579659885,99.45,0.7272893772893771,0.6913333333333334,1.19,0.35201570445049074,1.16,-0.007123348561550806,0.9276666666666666,1.5,0.4521957664949497,1.44,-0.009240400049388814,train
anom_4_17.csv,anom,scenario_4,anom_scenario_4,0,35.45211111111111,84.84,27.901013049726323,80.0305,0.18441725315882612,42.92077777777778,45.96,1.6482644790078589,45.5675,0.002485492036053839,58.48677777777778,99.99,34.86763944565017,99.6305,0.25418504342099846,0.7882222222222222,1.46,0.44305268354846994,1.43,-0.0027419022924640908,0.9677777777777777,1.8,0.5116985984741405,1.6855,-0.0014678355352512654,train
anom_4_18.csv,anom,scenario_4,anom_scenario_4,0,40.71211111111111,82.17,22.753848198770335,73.5045,0.34217533028768976,40.57866666666666,45.92,3.181774008740507,45.5485,-0.004861670165040968,66.46455555555556,99.84,32.18307986466694,99.314,0.6116576532082154,0.5978888888888889,1.47,0.37203507882343034,1.3875,-0.006174671770177391,0.8446666666666667,1.8,0.43198574674780466,1.6439999999999997,-0.007204346215582168,train
anom_4_19.csv,anom,scenario_4,anom_scenario_4,0,52.84522222222222,89.07,24.270990231220374,81.9585,0.6597646623039877,43.23388888888889,45.96,1.624775659151683,45.7955,0.010747088117874634,76.47077777777778,99.84,30.0684354722326,99.35549999999999,0.9309268633987738,0.5766666666666667,1.48,0.4277324586464948,1.4219999999999997,-0.012709223360908751,0.7445555555555556,1.8,0.5020523297652562,1.6729999999999998,-0.01483368317076182,train
anom_4_2.csv,anom,scenario_4,anom_scenario_4,0,36.53211111111111,84.48,24.317130018714504,74.29849999999999,0.24091245832818847,41.32822222222222,48.22,2.018133289090275,44.3425,0.005083919825492873,59.11422222222222,100.0,35.03680620025328,100.0,0.3538459892167759,0.641,1.28,0.34394620039192886,1.15,-0.004020496357575007,1.045777777777778,2.29,0.571186381706262,1.9309999999999998,-0.006242252129892581,train
anom_4_20.csv,anom,scenario_4,anom_scenario_4,0,56.001111111111115,89.79,27.441382243351335,82.617,0.888962423344446,43.51811111111111,46.71,1.7409773146102476,46.287,0.026920936741161458,71.66722222222222,99.87,33.51433049274636,99.773,1.096161912993374,0.6428888888888888,1.5,0.40828840997247606,1.3664999999999998,-0.012524673828044609,0.8356666666666666,1.79,0.5089448216267398,1.73,-0.016456434950816973,train
anom_4_21.csv,anom,scenario_4,anom_scenario_4,0,32.148555555555554,74.27,18.845743689053716,66.11699999999999,0.40322500720253507,39.887,43.74,1.694072581122888,42.3885,0.011299419681442149,130.97166666666666,207.25,71.93002433311,196.33849999999998,2.267658147096349,0.5163333333333333,1.37,0.3363500383746176,1.15,-0.010036876980697208,0.7206666666666667,2.0,0.49553920240844285,1.6809999999999998,-0.013566283903362553,train
anom_4_22.csv,anom,scenario_4,anom_scenario_4,0,38.47877777777778,88.73,19.224230311605663,69.0,0.28755690002881024,40.593222222222224,42.96,1.3094975687822765,42.701,-0.0017308309667860217,66.718,99.88,31.371883862443628,99.2015,0.5551118245050831,0.6853333333333333,1.47,0.4222683528252536,1.42,-0.0064289418446721825,0.6911111111111111,1.49,0.44474318923344747,1.4139999999999997,-0.00642828332715973,train
anom_4_23.csv,anom,scenario_4,anom_scenario_4,0,39.321444444444445,84.24,20.446606463363683,76.42799999999998,0.31815738568547586,42.47688888888889,45.39,1.441285821402639,44.6675,0.0004545417129686894,65.67133333333334,99.97,33.0322781941638,98.951,0.5454107091410461,0.6956666666666667,1.48,0.4295491495860659,1.36,-0.006594312054986212,0.8666666666666667,1.8,0.49696381529027345,1.6855,-0.00840334197637569,train
anom_4_24.csv,anom,scenario_4,anom_scenario_4,0,56.23133333333333,95.0,27.156126388891302,89.9245,0.9569691731489481,40.257999999999996,45.93,2.833698183162496,44.768499999999996,0.007351195620858534,74.58177777777777,99.95,31.965354896480154,99.401,1.0036462114664362,0.5447777777777778,1.47,0.40891533086353105,1.37,-0.011015598633576158,0.7014444444444444,1.73,0.4397434418291082,1.6194999999999997,-0.012301354076634977,train
anom_4_25.csv,anom,scenario_4,anom_scenario_4,0,35.69432476078949,73.6910200495894,15.190848881942472,62.29618191767523,0.20002092002727256,42.84559308059908,49.81231741905457,3.7374700021732137,49.00666212707203,0.05430103273296716,62.722261918709926,99.94947003983172,31.658345524627617,99.52991776896415,0.3486772660055877,0.690355814473996,1.5429094523195426,0.4341452511822191,1.418613586805911,-0.0015018243238216337,0.8857298756740385,1.8862694025449216,0.4959034697770388,1.713050013333679,-0.002848994485814278,train
anom_4_26.csv,anom,scenario_4,anom_scenario_4,0,33.092333333333336,70.25,16.615409731986684,61.4675,0.41581125241799416,41.660999999999994,47.86,3.1723408044810206,47.2035,0.022524509198666498,66.854,96.95,31.804147874490713,96.631,0.597350619418035,0.7072222222222222,1.57,0.38412611394011803,1.4055,-0.0031049923858912616,0.8958888888888888,1.78,0.4308259494872153,1.6749999999999998,-0.005590566736634151,train
anom_4_27.csv,anom,scenario_4,anom_scenario_4,0,46.153386297474704,91.8573997857806,22.197529149462717,78.72928030926869,0.4629525682458644,42.54387980798502,46.35871341958652,1.8361529321531413,45.63578028698298,0.003950627326548871,69.23313132187562,99.8536001494146,32.34536071436147,99.51785742749945,0.5995290235760932,0.7656152435058828,1.4418621441022832,0.34615138417136965,1.2975771106915666,-0.005279847422615119,0.9107987834362606,1.776897318631237,0.4274901458768819,1.6414684923667286,-0.008154275371493368,train
anom_4_28.csv,anom,scenario_4,anom_scenario_4,0,51.274777777777786,83.97,22.00310387847908,81.594,0.7774532658352884,40.51333333333333,45.83,3.04558992274536,45.196,0.014064617030909167,75.40944444444445,99.91,32.3940596358019,99.7675,1.0059064905132318,0.5216666666666667,1.46,0.3587031886226967,1.2765,-0.009311519940733422,0.5872222222222222,1.47,0.3511970789523587,1.2955,-0.009462155821706378,train
anom_4_29.csv,anom,scenario_4,anom_scenario_4,0,32.102888888888884,65.47,19.79013374911196,58.403,0.14966028727826475,54.88466666666667,58.04,1.355190769770778,57.4795,-0.0007204181586204026,61.468777777777774,100.0,34.90544160364638,100.0,0.18841807630571678,0.621,0.99,0.257804254634917,0.9255,-0.0027139976128740173,1.0217777777777777,1.44,0.28280528012559525,1.3155000000000001,-0.0029537803020949086,train
anom_4_3.csv,anom,scenario_4,anom_scenario_4,0,35.42811111111111,89.67,23.872549178024084,72.241,-0.011350290159278928,39.986555555555555,44.46,2.1821369595793128,43.51,0.0013413178581717917,54.721333333333334,100.0,37.10771345963325,100.0,0.004951887064246557,0.5795555555555556,1.27,0.3248471070308571,1.081,-0.0014872618018685441,1.0972222222222223,2.05,0.5342579181407888,1.8855,-0.0013742437337942947,train
anom_4_30.csv,anom,scenario_4,anom_scenario_4,0,29.726951543951518,62.15932651535277,10.581494263580328,50.92876080846939,0.28207063178075675,43.31681878035414,45.95509929598031,1.5778582262816943,45.576165974773254,0.01973261718034132,71.8227776709838,99.89356381570548,31.774794391834927,99.39475723223039,1.0528478594595334,0.7889946261906375,1.4331756319965887,0.31733856565048885,1.3336258515662909,-0.009737328028333039,0.9625213799367134,1.78476046026294,0.3888182268576177,1.7448723880876664,-0.011792777086751215,train
anom_4_4.csv,anom,scenario_4,anom_scenario_4,0,36.052,77.41,24.220094693586404,73.44149999999999,0.03313479030332962,47.63166666666667,52.66,1.9708415187768977,50.7315,0.010344404659011387,59.39377777777777,100.0,34.986295312955654,100.0,0.05191373420586905,0.7672222222222221,1.39,0.397455467868825,1.311,-0.00019121702267769797,1.0661111111111112,2.07,0.5710402383437967,1.97,-3.037412026175998e-05,train
anom_4_5.csv,anom,scenario_4,anom_scenario_4,0,57.57377777777778,97.29,32.24385859398211,96.987,0.6391829443964274,43.82255555555555,47.82,1.8717525051937636,46.768499999999996,0.014718277976704932,67.71811111111111,99.89,33.54635541397232,99.483,0.5683402066098701,0.6321111111111111,1.49,0.4602038982505948,1.4229999999999998,-0.007960077375807709,0.8413333333333333,1.75,0.535430520886351,1.7265,-0.009037658970243242,train
anom_4_6.csv,anom,scenario_4,anom_scenario_4,0,50.04488888888889,87.87,30.0124894692996,83.3355,0.6245312590031692,45.07244444444444,49.02,1.5365774832553805,47.581,0.0006438654977980865,67.43599999999999,100.0,31.99682455452469,98.6365,0.5939636992221262,0.9364444444444444,2.01,0.6730148688794578,1.8,-0.0042643947812487076,1.1906666666666665,2.76,0.8537238982141842,2.3265,-0.005735358274684117,train
anom_4_7.csv,anom,scenario_4,anom_scenario_4,0,44.742555555555555,97.54,27.92319150335137,93.57849999999999,0.4549133637897682,43.025777777777776,47.24,1.7923545356661752,45.846,0.023991274642960025,74.80077777777778,99.2,31.26872681956134,96.59,0.9701219903691812,0.6666666666666666,1.45,0.3985281910996053,1.38,-0.011473679878174258,0.8605555555555556,1.78,0.4434779832167575,1.6409999999999998,-0.012178540560563033,train
anom_4_8.csv,anom,scenario_4,anom_scenario_4,0,55.35,94.34,33.963440357226425,90.26,1.1203099971189858,42.19855555555556,46.0,1.3793741954365404,44.5,-0.003986747335061937,70.22933333333334,100.0,33.90264971912266,100.0,1.0920121825739801,0.7415555555555555,1.67,0.433104578053138,1.4509999999999998,-0.01332164464748734,1.0078888888888888,2.46,0.5948023832804092,2.0265,-0.015508992879779391,train
anom_4_9.csv,anom,scenario_4,anom_scenario_4,0,56.24388888888889,85.25,29.98096837131679,83.99549999999999,0.9426509445610568,40.638222222222225,43.19,1.5217314043274368,42.6045,0.028002469440671675,73.63244444444445,100.0,31.50885351988117,98.4425,0.9952124130551102,0.4816666666666667,1.21,0.23653039807492643,0.9165,-0.0058821253652714305,0.7554444444444444,1.86,0.3833300602367996,1.4674999999999998,-0.009816932131538867,train
anom_5_1.csv,anom,scenario_5,anom_scenario_5,0,29.398555555555554,39.59,5.712113200557219,39.2435,-0.006286949006050128,50.25933333333334,59.56,5.7287359234737725,58.845,0.0069547680783635804,24.686555555555554,34.94,5.882472567561609,34.1835,-0.017978927439601604,1.027111111111111,1.49,0.2762560465328181,1.4409999999999998,3.885253323455526e-05,1.4366666666666668,1.99,0.335127009295805,1.9655,0.0004244145367740877,test
anom_5_10.csv,anom,scenario_5,anom_scenario_5,0,24.221555555555558,33.4,5.037078900036558,31.4745,0.0107014034654484,39.407777777777774,46.64,2.9442027507803985,43.872,-0.01187652796641561,29.627555555555556,43.91,4.827063291999472,37.275,0.011202535292422941,1.0202222222222221,1.5,0.2879176605835514,1.4455,-0.00019228711363542813,1.3728888888888888,1.99,0.35192007661483915,1.9,-0.0011501008354940943,test
anom_5_11.csv,anom,scenario_5,anom_scenario_5,0,27.94977777777778,43.77,7.8109480898558,39.7255,-0.04523653125900316,45.239777777777775,49.97,2.844480552400345,49.7985,-0.023646705354570495,27.252666666666663,34.87,4.7163347033165355,33.8185,-0.017585874799357946,0.9734444444444444,1.49,0.28843693880191246,1.4465,0.0004552825451701857,1.2474444444444444,1.79,0.345108877498594,1.7355,0.0008844713339095371,test
anom_5_12.csv,anom,scenario_5,anom_scenario_5,0,22.953368491316947,33.40444296130247,5.078736818481229,31.476438805733668,-0.008445440159475796,39.5498239604015,45.56238803982524,2.13699237234029,42.909481265964985,0.00635280976539155,32.12967162711829,45.52271041705796,6.543307985772711,42.50529261233265,0.022886111456215705,1.0003501310158331,1.4906934254777515,0.2919432953281054,1.4380640480024627,-0.00034812266493407354,1.3869765983495375,1.9940870887125417,0.3612295320126988,1.9184494360157087,-0.0017292668623829432,test
anom_5_13.csv,anom,scenario_5,anom_scenario_5,0,18.15488888888889,24.95,3.7367230865716907,24.215999999999998,-0.01060361361484955,39.97955555555556,44.99,2.939701854144553,44.191,0.008441700621475918,25.19811111111111,29.85,3.179587244233972,29.5855,-0.030183232497839232,1.0606666666666666,1.49,0.29262008962805786,1.4655,-0.0004897723998847598,1.2537777777777779,1.78,0.2639057449114237,1.6955,-0.00046063299995884326,test
anom_5_14.csv,anom,scenario_5,anom_scenario_5,0,32.287444444444446,85.31,20.01776483841521,75.00949999999996,-0.0040303741202618055,42.97955555555556,47.99,2.939701854144553,47.191,0.008441700621475918,27.797444444444444,34.78,4.7687438718027675,34.3765,-0.04527217351936453,1.0606666666666666,1.49,0.29262008962805786,1.4655,-0.0004897723998847598,1.2537777777777779,1.78,0.2639057449114237,1.6955,-0.00046063299995884326,test
anom_5_15.csv,anom,scenario_5,anom_scenario_5,0,21.985666666666667,29.99,4.574062696396039,29.395,-0.01889015104745442,40.06144444444445,44.99,3.019124644739664,44.7755,-0.009985841873482323,21.791777777777778,29.98,4.3782192208211805,28.922,0.011349549327077407,1.0215555555555556,1.5,0.30101667097478846,1.47,0.0020973782771535575,1.4192222222222222,1.99,0.345000334726357,1.9309999999999998,0.00040293040293040293,test
anom_5_16.csv,anom,scenario_5,anom_scenario_5,0,18.243222222222222,24.49,3.464797228944701,23.914,0.012122237313248553,40.406888888888886,45.91,3.1604329259850514,44.623,0.020620323496727995,22.970555555555556,32.92,4.74552192488619,29.7455,0.021068197719883115,1.033111111111111,1.49,0.2865354633989803,1.44,4.774251965263227e-05,1.034,1.49,0.30157563755804173,1.47,-0.00016018438490348632,test
anom_5_17.csv,anom,scenario_5,anom_scenario_5,0,22.535555555555558,35.61,5.364800824833791,30.139,-0.006015557476231628,44.97977777777778,51.72,3.2244658046478523,50.1255,-0.0018553730913281419,30.396666666666665,39.7,6.358772936536338,39.172,-0.06037403794707163,1.0606666666666666,1.49,0.29262008962805786,1.4655,-0.0004897723998847598,1.3447777777777778,1.98,0.3169844847079555,1.8755,-0.0005540601720376996,test
anom_5_18.csv,anom,scenario_5,anom_scenario_5,0,14.588111111111111,25.24,4.9548729605239465,22.6585,0.00967189364942174,40.163666666666664,48.16,2.8929505369067003,45.632999999999996,0.017168127752397403,24.950333333333337,44.26,5.380987848408421,33.528499999999994,-0.015584887023089274,0.8124444444444445,1.23,0.16300762449329267,1.0765,-0.0007553195867802608,1.2205555555555554,1.86,0.3184172977879605,1.7409999999999999,-0.0019175206815656256,test
anom_5_19.csv,anom,scenario_5,anom_scenario_5,0,20.340777777777777,24.62,2.8101854182409176,24.3085,0.0186191710910812,40.19188888888889,44.99,2.7958809567995324,44.3305,0.014538338066427941,27.505,34.88,4.531733118375328,34.359,-0.012272214676709053,0.9964444444444444,1.49,0.26875205193305446,1.4355,0.0005615508087418202,0.9817777777777777,1.5,0.2912876402943741,1.4465,-0.00022373132485492046,test
anom_5_2.csv,anom,scenario_5,anom_scenario_5,0,31.609444444444442,44.73,6.7603572409280845,42.1915,0.03464320698028565,51.03411111111111,59.82,5.807971641998365,59.437,0.002278882166522623,27.232000000000003,39.88,7.562182551606396,38.3475,0.04941433098736468,1.2303333333333333,1.97,0.44201390491118203,1.9255,-0.0009819319257521504,1.615,2.49,0.5114931875390683,2.4410000000000003,-0.0008474297238342182,test
anom_5_20.csv,anom,scenario_5,anom_scenario_5,0,19.097,24.95,3.2439906239906624,24.215999999999998,-0.010488784623616087,45.19811111111111,49.85,3.179587244233972,49.5855,-0.030183232497839236,21.20711111111111,29.87,5.846670279595226,29.2655,-0.009750010289336131,0.9537777777777778,1.48,0.26390574491142377,1.3955,-0.0004606329999588433,1.31,1.99,0.36698590120792557,1.92,-4.444993209038118e-06,test
anom_5_21.csv,anom,scenario_5,anom_scenario_5,0,32.254999999999995,73.9,13.094862981980906,62.339999999999996,-0.01660904638432723,40.041222222222224,50.0,5.017719574203334,47.742,0.011863439930855662,24.201444444444444,43.74,7.69959586873381,37.685,0.0014014075811828713,0.9528888888888889,1.6,0.28231086716216347,1.3855,-0.0028731119068197727,1.2196666666666667,2.35,0.4137291357311072,1.8055,-0.00018512573568753342,test
anom_5_22.csv,anom,scenario_5,anom_scenario_5,0,23.75,37.94,5.5291316342815975,33.046,0.00757048195250442,40.105444444444444,46.78,2.9467453617874733,44.699,-0.014519899576079352,24.574888888888886,35.76,4.780234408347728,32.472,0.015015516318887099,0.9698888888888889,1.5,0.292799330924377,1.4455,-0.0005599868296497508,1.3027777777777778,1.8,0.2655671386271309,1.751,0.0013143186401613366,test
anom_5_23.csv,anom,scenario_5,anom_scenario_5,0,22.005222222222223,29.73,4.35727964504444,28.7185,0.008187595176359226,40.19211111111111,44.96,2.7545759658358593,44.562,0.015092151294398474,24.281111111111112,34.82,5.768145076882607,33.6915,-0.004638268098942258,0.9252222222222222,1.5,0.3494883186801564,1.4555,0.0028139276453883174,1.1838888888888888,2.0,0.4352390391767157,1.9055,-0.0006373626373626367,test
anom_5_24.csv,anom,scenario_5,anom_scenario_5,0,22.13370401898679,32.21464998915974,4.804143333896134,30.516372593122025,-0.005531531701361171,40.20513232263167,46.04883859708693,2.8882118802679,44.61956961687251,0.024451198832398182,24.519510496435462,36.996238791299184,6.368552813620883,35.0045534405116,-0.001250435082180205,1.0210030671509607,1.4975907785685,0.2909531101593135,1.4641979951620427,0.0023519678692368075,1.2012151253625125,1.7968475147629623,0.3194449199450678,1.7312328631659706,-0.00045393631432334925,test
anom_5_25.csv,anom,scenario_5,anom_scenario_5,0,22.005222222222223,29.73,4.35727964504444,28.7185,0.008187595176359226,39.63966666666667,44.91,2.8839359223974412,44.343,-0.0023383133720212513,27.814999999999998,34.96,4.363985203221086,34.463,0.03525464049059555,0.9552222222222222,1.5,0.29076508058034395,1.44,-0.00042861258591595636,1.2764444444444445,1.8,0.2870669620474047,1.7455,0.0006362925464049063,test
anom_5_26.csv,anom,scenario_5,anom_scenario_5,0,23.750222222222224,39.6,5.775750931824097,34.387499999999996,-0.009926163723916538,44.718888888888884,49.86,2.8864637376665447,49.338499999999996,-0.004988434786187603,25.761777777777777,34.8,5.902423912254189,33.9585,0.014279787628102237,0.9786666666666667,1.48,0.28212755104062376,1.4009999999999998,-0.0015037247396797954,1.420222222222222,1.99,0.37725197307107283,1.94,5.762028233938337e-05,test
anom_5_27.csv,anom,scenario_5,anom_scenario_5,0,27.291888888888888,38.16,6.420884970760674,36.85,0.008298061489072724,49.35344444444445,59.78,5.785932991900834,58.6815,0.0063778244227682334,24.972333333333335,34.88,6.028367034373705,34.0025,-0.03234662715561592,0.9958888888888888,1.5,0.29570671183745195,1.4519999999999997,0.0009743589743589739,1.4078888888888887,2.0,0.35401547114178544,1.9409999999999998,0.0015238918384985801,test
anom_5_28.csv,anom,scenario_5,anom_scenario_5,0,18.572,24.08,3.2363050091670202,23.42,0.0057722352553813295,44.698,49.74,2.8856721609054476,49.31,0.004649133637897684,27.50166666666667,35.65,4.699245994981356,34.702999999999996,-0.01964382434045356,0.9958888888888888,1.5,0.29570671183745195,1.4519999999999997,0.0009743589743589739,1.306,1.8,0.29513584760127975,1.751,0.0012829567436309012,test
anom_5_29.csv,anom,scenario_5,anom_scenario_5,0,19.898666666666667,26.58,3.1940989128654955,24.75,0.0038059019632053328,39.99133333333333,44.97,2.8093484389953107,44.3495,0.008371403877021854,24.955444444444442,29.99,2.929351334075845,29.5065,0.018500473309462074,1.0066666666666666,1.5,0.29210587583379627,1.4355,-0.0016703296703296704,0.9792222222222222,1.48,0.2889937123758215,1.4055,0.00039404041651232605,test
anom_5_3.csv,anom,scenario_5,anom_scenario_5,0,33.31711111111111,44.96,7.306437402428456,43.7955,-0.02077227641272585,50.57666666666666,59.95,5.831904115979406,58.6665,-0.019544141252006413,27.579222222222224,39.42,6.947227436264485,38.4295,-0.0006454294768901588,1.2598888888888888,2.0,0.4275445819304431,1.9355,0.0022446392558752104,1.662777777777778,2.5,0.5365181710019064,2.451,-0.0022174754084866443,test
anom_5_30.csv,anom,scenario_5,anom_scenario_5,0,21.434666666666665,29.97,4.078122282167935,29.184,0.018454624027657723,39.32855555555556,44.78,3.025188103023786,44.352,0.005742848911388247,25.32777777777778,29.88,2.7393244380738686,29.1555,0.006633905420422276,0.9668888888888888,1.49,0.31183993461225634,1.47,-0.00041503066222167294,0.9682222222222222,1.49,0.27828357446179064,1.4364999999999999,-0.0010159278923323862,test
anom_5_4.csv,anom,scenario_5,anom_scenario_5,0,31.871444444444442,44.61,6.863772599280348,43.804,-0.001688356587232988,50.24699999999999,59.88,5.536428583543198,58.640499999999996,0.018223895954233037,28.295,39.78,6.902433417183515,37.9855,-0.04295155780549039,1.3012222222222223,1.97,0.3780786071817466,1.89,-0.000592254187759805,1.6534444444444445,2.47,0.5014073701208286,2.4155,0.0010229246409021687,test
anom_5_5.csv,anom,scenario_5,anom_scenario_5,0,17.797444444444444,24.83,3.966321580369067,24.5755,-0.005668601061859504,42.148777777777774,45.66,2.1525995926419283,45.0295,0.01041766473227148,25.076444444444444,37.3,5.879928018956937,35.8765,0.02182755072642712,1.0692222222222223,1.55,0.31006787143121195,1.4955,0.001434991974317816,1.4267777777777777,2.1,0.34826964813952843,1.9709999999999999,-0.0018727414907190188,test
anom_5_6.csv,anom,scenario_5,anom_scenario_5,0,20.410888888888888,27.61,3.5021347083750913,26.0555,-0.00805465695353336,45.46711111111111,58.98,4.2625962032557085,52.24249999999999,0.005930444087747465,25.090333333333334,37.39,5.908227447638903,35.312,0.0005107626455940954,0.9576666666666667,1.49,0.32312397175634533,1.4655,-0.0001953327571305101,1.4264444444444444,2.0,0.32294748976972143,1.9009999999999998,-0.0009838251636004442,test
anom_5_7.csv,anom,scenario_5,anom_scenario_5,0,21.943333333333335,35.55,4.9910330830355205,29.6875,0.009574515372268175,44.95588888888889,53.06,3.761908102517296,50.7735,0.0008852944808000906,27.220333333333333,38.79,4.7359724153653096,34.411,-0.006638761987076591,1.0366666666666666,1.5,0.2977481025703936,1.4609999999999999,-0.002736469522986377,1.3096666666666668,1.98,0.3318807488551786,1.88,0.0015418364407128451,test
anom_5_8.csv,anom,scenario_5,anom_scenario_5,0,20.225,24.84,2.7283992302356634,24.228,-0.010327941721200143,40.05266666666667,44.86,2.8742978820238427,44.198499999999996,0.0037092645182532817,25.203888888888887,30.0,2.729239798030956,29.424500000000002,-0.006239700374531826,0.9762222222222222,1.49,0.30634334038338984,1.4655,7.65526608223241e-05,1.4054444444444445,2.0,0.3665912247891164,1.9309999999999998,-0.002092357081121125,test
anom_5_9.csv,anom,scenario_5,anom_scenario_5,0,15.482444444444445,21.69,2.7365406322052594,20.763499999999997,-0.0014033008190311622,40.46622222222222,50.63,4.809742355167908,48.35,0.034786846112688806,24.469666666666665,40.73,7.405702699400653,37.8805,0.024606247684899364,0.7496666666666667,1.38,0.27657800573875535,1.2474999999999998,-0.0005580112771124008,1.2417777777777779,2.37,0.36038237426433534,1.811,0.00031855784664773404,test
anom_6_1.csv,anom,scenario_6,anom_scenario_6,0,44.915075559448034,96.66927186636003,30.79236949533488,95.25919348113149,1.0950907935589997,53.96391326120551,75.94044537392757,13.844307670144248,75.52022458417613,0.5034993947231167,19.870888620248,24.879050106760538,2.700024687539493,24.362034860351493,-0.006700828064320986,0.7924928766023173,1.4804995738028297,0.39736581521399206,1.4387836579960966,-0.012807733907002797,0.9899967169203999,1.787808022833422,0.4636824593114429,1.6714116565340087,-0.015216365375952364,val
anom_6_10.csv,anom,scenario_6,anom_scenario_6,0,44.76466666666667,97.61,32.360036603637575,94.8925,1.0353630489360826,57.739666666666665,85.76,21.02438303280531,85.0655,0.7419152158702718,23.883333333333333,29.98,3.316371714436517,29.301,-0.0319540684035066,0.8628888888888888,1.5,0.48974023025843333,1.4609999999999999,-0.014089969955138493,1.0421111111111112,1.79,0.5437809672327584,1.72,-0.015283450631765236,val
anom_6_11.csv,anom,scenario_6,anom_scenario_6,0,36.74079056161351,99.5,24.57537678762249,87.10606481088259,0.76273664365834,53.15329492752143,83.32904804433598,14.56820867706045,79.27549030045921,0.5213515434185653,24.895644745079156,29.973284520665747,2.843789720939449,29.17417256612093,-0.0025192104328216097,0.7896871276085046,1.2723900781684383,0.3417508877972097,1.2087333389530313,-0.008829513269989934,0.8551781782473086,1.2998043083731217,0.34799944058884863,1.268543108804739,-0.009009028611126624,val
anom_6_12.csv,anom,scenario_6,anom_scenario_6,0,19.832839664393727,61.9023305637014,11.984379442336682,51.4405778597084,0.16903250182135351,48.51985461175471,66.25799997764022,8.90395903124478,64.37635654761156,0.20117826261312574,24.801005619691047,30.90022261468116,2.777074835794957,29.830726363864038,0.009218168883055915,0.8143103079408405,1.3847560849893807,0.34673662967506697,1.277884806300634,-0.00824998064282756,1.0020523268423256,1.7858475243645366,0.4202135537240978,1.4943098621397457,-0.011040849875573149,val
anom_6_13.csv,anom,scenario_6,anom_scenario_6,0,34.10652130072576,97.05966503874254,31.845957398627448,94.29839612324237,0.9361761866295243,56.50493216781228,87.94892695312794,20.10950834436488,85.65721460249142,0.7199991028126954,24.407152845216757,33.14692287103116,3.063889696478018,28.412742677192185,-0.006917519952347709,0.7585835205154589,1.2192874971666918,0.3330673002595338,1.1215719534262156,-0.008587428227961614,1.01209842249623,1.6146520278678789,0.4009229539020256,1.481503231851507,-0.01032166490777513,val
anom_6_14.csv,anom,scenario_6,anom_scenario_6,0,38.055463342669796,97.79529252342638,28.95439120249935,94.43496183035376,0.8498171132188508,54.71835409385583,84.73137088757211,17.647525193152575,82.2382062972391,0.639937313219452,24.200574678682113,29.98827477586148,2.9439851489305173,29.33115431511756,-0.005195895828504296,0.8029388289966968,1.4805845278985013,0.3890272361690543,1.419076782049159,-0.012861915816745612,0.8000623108579643,1.4982669808608184,0.4037246299453098,1.4017360971489556,-0.012256466612689287,val
anom_6_15.csv,anom,scenario_6,anom_scenario_6,0,32.73644428433147,94.2956053610136,25.778397855595482,91.08767891169269,0.6686619495611839,65.26365608041887,99.1465202786788,20.42967176050909,94.49545864509247,0.5601290196906209,24.90423071122847,41.04825466383844,4.41534826674655,31.466679891823937,-0.020290495765087714,0.5533692675037829,1.3431281914020774,0.2972797093274188,0.9909868786006333,-0.006716146750283583,0.9126516973105437,1.8768442015333615,0.48553426873492195,1.6182952309258722,-0.010078095891708425,val
anom_6_16.csv,anom,scenario_6,anom_scenario_6,0,25.37333333333333,97.99,27.610454419629296,95.4585,0.30317948717948706,48.166222222222224,100.0,26.120397366842408,91.17,0.025340906284726347,21.300444444444445,36.71,9.303019554636952,31.293,-0.1778706836234926,0.6347777777777778,1.2,0.3703694717009489,1.11,-0.010959130756883565,0.9531111111111111,1.76,0.5680572934477658,1.72,-0.016937728937728932,val
anom_6_17.csv,anom,scenario_6,anom_scenario_6,0,18.695333333333334,93.22,16.179370496497118,49.664999999999836,0.10612355434827345,51.86355555555556,90.24,22.275674005168042,87.059,0.7438174260196733,24.953111111111113,35.0,3.169377936499455,30.119999999999997,-0.008937728937728944,0.6952222222222222,1.33,0.3774760287880715,1.16,-0.010464748734411658,0.8995555555555554,1.64,0.49528997546916875,1.51,-0.014882495781372185,val
anom_6_18.csv,anom,scenario_6,anom_scenario_6,0,31.940360547044325,96.06831862414558,26.635458501752314,92.61886207101331,0.6674260899113483,41.036740831696854,76.01591028809425,11.877161913449124,71.3245592991992,0.32332827109675705,24.81448653361323,29.95148903942845,2.663371021153643,29.05093433677801,-0.0009854512358844364,0.7978664324130267,1.1889054445134293,0.40210064431671977,1.180197188206238,-0.010598272096233097,1.2500044504502252,1.7994137387930742,0.6209417056917411,1.7753544481883035,-0.016365859146381553,val
anom_6_19.csv,anom,scenario_6,anom_scenario_6,0,31.426034550127042,96.19919486572115,32.01630851568755,93.29718923031683,0.8749555396089829,52.630562666951384,87.34151192360048,15.465449051897034,82.30525579689179,0.5382448965593267,25.538610508557007,35.65412406227986,4.989073859077523,33.84898946715837,-0.0014515217897718947,0.520423764202156,1.3257166628889223,0.3748304971403189,1.1596691538289778,-0.011228274944999114,0.7182397895720438,1.8425152892143053,0.5228590243011206,1.5955384135003554,-0.016208022655208938,val
anom_6_2.csv,anom,scenario_6,anom_scenario_6,0,44.9598165742206,97.6281904153517,30.600866596837765,94.9930534977727,1.091240963802113,54.22915782995528,75.95420003113976,13.766154427212454,75.7445494821596,0.4924003794304058,20.567071964390404,24.91860008511308,2.821914799467832,24.762165449129927,0.020730802817695255,0.8338268296089543,1.4975368339272088,0.441344430334928,1.459928085163473,-0.014972132887923059,0.9723486909031275,1.7648862515826091,0.4511618205201382,1.6076652443492443,-0.014822499715996987,val
anom_6_20.csv,anom,scenario_6,anom_scenario_6,0,64.55179890786897,100.0,35.975353760927625,96.8900141476327,1.1037088396113341,61.221373702207245,94.83467230468544,19.548268808835424,90.3377135041698,0.7132777540173346,25.254251229120225,31.63075534330149,3.0121818549435617,29.963011365267374,-0.006314885163930059,0.570709895486661,1.4960786580095655,0.43802148091949616,1.343052783472661,-0.01369145851880455,0.824527835177841,1.4629859705106714,0.3189616154060172,1.3351723016394628,0.00031116677793358255,val
anom_6_21.csv,anom,scenario_6,anom_scenario_6,0,51.36522222222222,98.33,35.12212210539133,94.1675,1.151520187677491,67.368,94.7,16.242986054142143,92.565,0.6201593612380127,25.38522222222222,34.92,5.509074276887605,34.1285,0.03014882495781372,0.768888888888889,1.5,0.4225562776013683,1.45,-0.011942708976416841,0.8162222222222222,1.5,0.3910992223820127,1.4565,-0.01124879614767255,val
anom_6_22.csv,anom,scenario_6,anom_scenario_6,0,47.587526544930114,98.45666330268976,34.66078086749564,97.367669227872,1.1397972081824193,56.451995253027526,95.89290929887451,19.30921710104956,90.97748657167267,0.7108449964356043,24.943652517539306,29.864491622068694,2.868197214300161,29.58080435312754,0.010125695126242036,0.6678881899356035,1.195957603186538,0.43369040901927314,1.165864618020395,-0.01350337004752088,0.8542420436254569,1.4947163258344809,0.5314725819927482,1.4652614735699294,-0.016757863355408038,val
anom_6_23.csv,anom,scenario_6,anom_scenario_6,0,31.336777777777776,95.94,29.487949084092254,89.59,0.8357129686792605,56.87244444444444,86.78,17.62254495204273,83.63499999999999,0.6280395110507467,24.574888888888886,35.76,4.780234408347728,32.472,0.015015516318887099,0.9720000000000001,1.6,0.4423359849656204,1.4255,-0.011336708235584638,0.8425555555555555,1.64,0.37986266326965734,1.3719999999999999,-0.0067864345392435275,val
anom_6_24.csv,anom,scenario_6,anom_scenario_6,0,37.602111111111114,97.86,29.057171753709863,95.8875,0.8392335679301969,56.141999999999996,83.18,14.868876717205662,80.747,0.5334879203193811,25.037888888888887,29.66,2.780809232492515,29.4555,-0.007091163518129807,0.601,1.19,0.38994684166671056,1.1555,-0.012766925957937188,0.8332222222222222,1.49,0.4295799562671272,1.4555,-0.013893320162983084,val
anom_6_25.csv,anom,scenario_6,anom_scenario_6,0,25.63366666666667,97.29,24.990284244666235,95.0505,0.5541284109149278,52.833333333333336,96.01,21.06322616859092,91.02,0.7530842490842489,26.123555555555555,39.9,4.932266682947139,34.3985,0.05647890686092935,1.0906666666666667,2.18,0.5556326488332357,1.9794999999999998,-0.017885006379388405,0.8986666666666666,1.65,0.45982214441497044,1.523,-0.014829485121619954,val
anom_6_26.csv,anom,scenario_6,anom_scenario_6,0,18.17666666666667,100.0,13.036314706372945,34.42499999999997,0.059648187018973474,52.236222222222224,84.73,15.11391460811933,79.831,0.5238375108038028,25.63366666666667,35.0,5.0057812532167425,33.615,0.010383421821624073,0.6091111111111112,1.17,0.33440755745332307,1.071,-0.009944602214265135,0.9001111111111112,1.63,0.46065047912717905,1.45,-0.013505288718771862,val
anom_6_27.csv,anom,scenario_6,anom_scenario_6,0,44.268,97.97,34.49199227047514,96.74,0.3512364489443138,51.39244444444444,75.66,11.571089439265664,71.1925,0.41461151582499883,28.009777777777778,34.74,4.517079691440752,34.3705,0.01500069967485698,0.7944444444444444,1.48,0.43707688653607607,1.42,-0.004008231468905622,1.0467777777777778,1.76,0.5369992107160056,1.74,-0.005096349343540353,val
anom_6_28.csv,anom,scenario_6,anom_scenario_6,0,37.08910617169865,97.98685053798852,29.430413502385058,94.84908687472523,0.8480071191644044,61.390534080970376,98.8625947640298,19.67925914737398,94.19044271427853,0.6838799287929718,26.930915105413956,34.50360957439933,3.921283182646209,32.810057620870936,0.012480924630208673,0.9042408090558575,1.4911380318157197,0.3877895132654605,1.421872083578352,-0.008984009732515308,1.0943901140538224,1.7942456676502894,0.45988979121198353,1.7378512065100002,-0.01161144081356227,val
anom_6_29.csv,anom,scenario_6,anom_scenario_6,0,25.469111111111108,98.43,25.751885483252902,87.5085,0.3774633905420425,56.87222222222222,90.56,17.289460306871096,86.1935,0.6317723175700705,25.49266666666667,35.81,4.825335710507728,33.0325,0.016439066551426094,0.551,1.35,0.3776927292824276,1.1255,-0.01195398608881755,0.7655555555555557,2.01,0.5353988560700784,1.5949999999999998,-0.015943202864551184,val
anom_6_3.csv,anom,scenario_6,anom_scenario_6,0,46.143095076986356,97.5940830180981,30.898096860450035,96.66731645970836,1.1044233459601807,54.18089881503465,75.62442481555833,13.552687088359578,75.04792152843126,0.48410030425747896,19.566124832999616,24.88638985475496,2.875345581638251,23.861480742932223,-0.0018029906989422404,0.8489480659997761,1.4875336000309227,0.41228161793123974,1.4544045962183214,-0.01318839185118075,0.954652057523532,1.7544891683492678,0.4452535972181252,1.6398671258573982,-0.014364789355622609,val
anom_6_30.csv,anom,scenario_6,anom_scenario_6,0,40.40222222222222,97.71,28.158419292082325,93.98649999999999,0.908665267316953,56.58277777777778,91.83,19.241160879025333,89.2755,0.6636997983290116,24.816,30.01,3.224446577373717,29.335,-0.017459604066345637,1.0346666666666666,1.8,0.4578238707507654,1.7465,-0.00831575914721982,1.1244444444444446,1.99,0.46604747578748884,1.8,-0.010476025846812361,val
anom_6_4.csv,anom,scenario_6,anom_scenario_6,0,45.73297209912246,97.12022891730824,30.541331538679202,94.98570812392205,1.0918643642471497,53.89611803338596,75.88164859720007,14.11393757052624,75.70137910896605,0.5020071444661348,19.9725274569026,24.763492789893878,2.759683685348587,24.254297877587504,-0.010774789029107435,0.8322435516366533,1.4622738477094996,0.3932298417190592,1.3730880120773619,-0.01297303097304338,1.006877452532934,1.7922286667214768,0.4813421593813259,1.6956556555241582,-0.015768033993673138,val
anom_6_5.csv,anom,scenario_6,anom_scenario_6,0,37.44577777777778,97.91,29.159080878910974,94.67699999999999,0.8419398279622996,58.37444444444444,96.65,17.9126614633093,91.253,0.6485088694077457,27.506888888888888,34.61,3.2974895607485917,32.652499999999996,-0.005432934107091412,0.9252222222222222,1.48,0.38088963802466047,1.4509999999999998,-0.008662057044079515,1.158,1.77,0.4318296584679938,1.68,-0.009194386138206364,val
anom_6_6.csv,anom,scenario_6,anom_scenario_6,0,30.526505474305267,97.72142791758252,29.999721854075386,88.8918369596719,0.8176788823723766,62.44367571306446,94.7840866894564,19.24523131255317,92.3629652437581,0.7359757156260075,25.085842141003937,33.7906266261554,2.958483708732841,30.10966502197939,-0.013413029080494493,0.9659270130902553,1.5921346679289958,0.41185712207367636,1.4116392855186055,-0.010140243552968706,1.2771285446400158,2.169433877847668,0.49598243877250947,1.8218405968550382,-0.012226481702492608,val
anom_6_7.csv,anom,scenario_6,anom_scenario_6,0,43.90591752986474,97.15214957447274,33.84835763906363,94.85029037667616,1.0568403653175278,54.51420912629501,71.72137804986409,9.457417384025222,69.3319784396475,0.3577787412259192,24.659207814843104,29.929567015421892,2.797743040996723,29.347061644898815,-0.011169293682724969,0.7505496635477472,1.188980772335588,0.3700208640597874,1.1823339725537663,-0.01130617095349729,1.0322474032482547,1.594569104422684,0.5008549245401966,1.5663189300820837,-0.015542664524750591,val
anom_6_8.csv,anom,scenario_6,anom_scenario_6,0,27.691503214792633,97.83993076455124,28.726662807673396,92.21930053189614,0.69448060651459,51.320111892718415,78.06374768103655,13.48333484686628,75.93347372883301,0.4681811352768978,24.767864310352124,29.8297031349747,2.8180548667658853,29.10945813256172,0.0015300935385198088,0.8577535157284499,1.6493318602242657,0.4866056326535775,1.4700597517958252,-0.012738273387932918,1.1005255023466742,1.779295857894143,0.5640529064765948,1.7162459895905755,-0.015726016521345882,val
anom_6_9.csv,anom,scenario_6,anom_scenario_6,0,32.12056130366025,94.86358445885512,29.236310175350983,91.09067293809477,0.8208054376430529,62.649205254577474,98.0,22.478512699149224,95.99006874327645,0.8097045986689834,24.695765089908946,29.32421803750285,2.9141937829693125,28.895527985061246,0.0009051761468750645,0.9597972412537985,1.4939977612341986,0.4172681183079116,1.4403745738381946,-0.008955718248522723,1.2067298050266486,1.799739077830829,0.5054101047635599,1.7705081635086661,-0.013093424751433016,val
anom_7_1.csv,anom,scenario_7,anom_scenario_7,0,17.852555555555554,36.68,6.937004592877101,31.6645,0.008657776680248558,53.037222222222226,72.06,11.53052539101142,69.0885,0.42041741778820424,25.181444444444445,32.5,3.1996005934417897,30.241,0.016487220644524004,1.2025555555555556,2.63,0.7816024465924801,2.2259999999999995,-0.005019961312096147,1.0851111111111111,2.36,0.6149947372469525,1.9955,-0.0030904226859283044,train
anom_7_10.csv,anom,scenario_7,anom_scenario_7,0,30.514222222222223,59.39,16.986537959813198,54.416,0.11474338395686706,43.51266666666667,57.49,5.348908488885553,54.411500000000004,0.07266526731695269,24.668555555555557,34.83,4.627886541953411,33.05,0.015376466230398818,0.7545555555555555,1.39,0.37271298446527695,1.25,-0.0014595217516565834,1.1428888888888888,2.38,0.5986374875065791,1.8529999999999998,-0.0027465119150512384,train
anom_7_11.csv,anom,scenario_7,anom_scenario_7,0,18.592641107018054,29.569682433540617,5.403339864270432,28.50450334917962,0.0036807526709775025,44.80311109145224,56.44203860194709,5.139156536482308,53.85541943171495,0.10611119618269638,24.93919744468096,26.96362252236137,1.1718495463557037,26.673141158679833,0.0011167664741370906,0.7877047488279165,1.1880117606486236,0.30009759244145423,1.1649068656714914,8.919067366098339e-05,1.2218191995417318,1.6993813909080768,0.4501034277970811,1.6738334231818923,-0.0004199481115971832,train
anom_7_12.csv,anom,scenario_7,anom_scenario_7,0,20.63577777777778,32.06,5.952791051126943,29.4155,0.07826283080215667,49.89211111111111,66.64,10.506670058484406,66.00750000000001,0.3807109519693791,24.800555555555558,30.9,2.7769202733863407,29.8305,0.009203358439313495,0.9434444444444444,1.89,0.6107872266221226,1.7274999999999998,-0.007799892990904232,0.6778888888888889,1.59,0.4139871746492062,1.1855,-0.005005638556200352,train
anom_7_13.csv,anom,scenario_7,anom_scenario_7,0,20.31004833460886,31.72276003618376,6.467832502615647,29.307090262641676,0.04721771516436068,47.179765318297356,57.07530512406861,6.542543497012282,56.430568281963346,0.2280104056217373,25.254251229120225,31.63075534330149,3.0121818549435617,29.963011365267374,-0.006314885163930059,0.5602396843126205,1.0764346852452529,0.2896791672648529,0.9339551902573573,-0.0014726291013977696,0.8446626599299759,1.394765706353295,0.41487589484312665,1.318806708425893,-0.0024561056008061354,train
anom_7_14.csv,anom,scenario_7,anom_scenario_7,0,18.231725381362985,31.492761030725884,5.456310738279466,28.863823283143258,0.008220476429640126,42.664992635151826,57.20122758338981,4.92747229972677,52.75163889824969,0.030073603203043194,25.2269369241398,31.63075534330149,3.0997150075736566,30.256973568969048,-0.008217543647993153,0.8844427468997114,1.5528693704905052,0.29956596748204406,1.3078592615394244,0.0005799328747083797,1.3665494840419938,2.1535294933541653,0.4326671947660583,1.94504824568898,0.0005283930291685953,train
anom_7_15.csv,anom,scenario_7,anom_scenario_7,0,26.362222222222222,47.96,13.046142636920365,45.556999999999995,0.06835527019796687,51.125666666666675,67.23,10.537365729481637,65.655,0.3857087706301187,25.35288888888889,31.09,2.7681159148151084,29.8285,0.0018234349919743142,0.8054444444444444,1.65,0.462708589127039,1.4,-0.002348026505329874,1.0602222222222222,1.97,0.5646555632583475,1.801,-0.0037924023542001044,train
anom_7_16.csv,anom,scenario_7,anom_scenario_7,0,19.985172036863055,34.69336652323202,7.846027123471195,34.007263572832194,0.01485007469206604,50.531788888954935,68.21213202614187,9.711553825628414,66.6525869230986,0.2605731662044303,24.943652517539306,29.864491622068694,2.868197214300161,29.58080435312754,0.010125695126242036,0.8677700242983085,1.4834090538083935,0.44152328877162594,1.4313870940683397,0.0006073635252964852,0.88042589362689,1.4876622210572947,0.42189859030710614,1.4500050003824516,-0.0005941060557953995,train
anom_7_17.csv,anom,scenario_7,anom_scenario_7,0,19.58866666666667,31.3,5.723818989121225,28.3055,0.04172383421821618,43.11855555555556,55.52,5.255436256838047,53.6505,0.06748117051487841,25.15877777777778,30.35,2.8778088683313716,29.6375,0.014444334691525706,1.0178888888888888,2.26,0.6877311573710879,1.8384999999999998,-0.0034041239659217196,1.2847777777777778,2.43,0.7150284472659119,2.07,-0.004445075523727213,train
anom_7_18.csv,anom,scenario_7,anom_scenario_7,0,26.216666666666665,47.51,9.182754476478223,44.339999999999996,0.00531868131868133,45.534000000000006,65.31,7.486396171753764,61.3775,0.027206321768119535,27.52744444444444,34.84,4.370629389564374,34.2695,-0.0017138741408404363,0.9126666666666666,1.49,0.4030942120897107,1.4555,0.0004942173930937979,1.105111111111111,1.78,0.4671627112169383,1.7374999999999998,0.0009278511750421849,train
anom_7_19.csv,anom,scenario_7,anom_scenario_7,0,20.420222222222222,38.52,7.823146149753275,35.2745,7.704654895665451e-05,44.42411111111111,63.65,7.383747395834528,59.613,0.030666913610733777,24.705111111111112,36.77,4.8079501681045205,33.492999999999995,-0.008354282421698148,0.8145555555555556,1.32,0.32823724330145304,1.2474999999999998,-0.0015372268181256944,1.2898888888888889,2.23,0.5218646224307785,1.9509999999999998,0.000551919990122237,train
anom_7_2.csv,anom,scenario_7,anom_scenario_7,0,18.983,37.52,7.34751833821033,33.407,0.031068609293328386,53.16744444444444,72.23,12.417882046442173,70.981,0.4543621846318474,24.89588888888889,33.26,3.3389327146423393,29.8185,0.006990081079968718,1.1823333333333332,2.28,0.691118699052323,2.1310000000000002,-0.007699469070255591,1.0594444444444444,2.07,0.5462545834248069,1.831,-0.005609334485738977,train
anom_7_20.csv,anom,scenario_7,anom_scenario_7,0,25.529444444444444,44.7,8.17579235222902,42.232499999999995,0.08731950446557186,50.35,65.0,7.865374838385938,63.1775,0.2224419475655431,27.269111111111116,34.94,4.420482368422939,34.511,-0.02410355187883277,1.4095555555555555,2.46,0.8085622016626508,2.3955,-0.008822159114293949,1.160111111111111,2.18,0.73047390257768,2.1155,-0.007797258920854419,train
anom_7_21.csv,anom,scenario_7,anom_scenario_7,0,25.818370804770833,44.54004978484803,9.158896937360895,43.510895359248295,0.014771789311464232,42.71776310560969,52.27955908213462,4.30953637873647,50.51497164395713,0.04242195541485239,24.511879738434917,29.864491622068694,2.842437309799534,29.290086684989017,-0.012477066428985089,0.871546548857626,1.48686221933382,0.4452180474679436,1.4313870940683397,0.000719196923628624,1.0865346721696885,1.785899681208337,0.5337697454588292,1.7637823349815158,0.00018020291926287304,train
anom_7_22.csv,anom,scenario_7,anom_scenario_7,0,21.112333333333332,32.21,7.000640267668619,31.19,0.03860797629336955,45.14222222222222,73.53,10.067623240014065,69.36,0.2504197225994979,24.84811111111111,26.95,1.1906403663145426,26.796499999999998,-0.005203193809935388,0.9724444444444444,1.79,0.5782136596490473,1.7055,-0.0035492447627279056,1.260888888888889,2.1,0.628094397193024,2.06,-0.00419623821871013,train
anom_7_23.csv,anom,scenario_7,anom_scenario_7,0,23.223999999999997,39.69,9.519006746410165,37.9745,0.07195571469728762,45.49411111111112,66.65,8.411358678535608,63.051,0.09812544758612174,22.308444444444444,24.9,1.541750727539204,24.7365,0.00432382598674733,0.7864444444444445,1.49,0.44546229266041376,1.4009999999999998,-0.003385109272749722,0.9149999999999999,1.79,0.5440056386026348,1.7,-0.0032910235831584145,train
anom_7_24.csv,anom,scenario_7,anom_scenario_7,0,22.32038351467707,33.84176889046928,6.736759376922752,30.32887175118896,0.1044658745350791,46.665789077963815,66.48366164323335,8.983706592609233,63.56748664320236,0.20800853473177996,24.848467289290188,31.73141641044336,3.1303959210792036,29.707456533120357,0.019201514996958383,0.6863358992311177,1.3156717301560088,0.3553665798887715,1.2339935224306218,-0.003461658519880706,1.0965076142902141,2.081437227876641,0.4789710971874484,1.9155032166475465,-0.005265766113487751,train
anom_7_25.csv,anom,scenario_7,anom_scenario_7,0,21.927333333333333,35.92,7.871976009372413,33.9965,0.045380911223607906,46.55211111111111,58.88,7.1868518360516145,56.5205,0.25361377947894803,24.764333333333333,32.03,3.020101214912276,29.603499999999997,0.016935177182368193,0.6993333333333334,1.35,0.3804840205417836,1.2555,-0.001242293287237108,1.0178888888888888,2.08,0.5876490859260848,1.9129999999999998,-0.0027357286907848713,train
anom_7_26.csv,anom,scenario_7,anom_scenario_7,0,21.938444444444446,39.47,7.972463128768643,34.2715,0.04846787669259587,51.27411111111111,68.58,11.169999939086887,67.2755,0.40664139605712635,24.764333333333333,32.03,3.020101214912276,29.603499999999997,0.016935177182368193,0.8398888888888889,1.55,0.44887999057941064,1.4555,-0.0013100382763304112,1.2177777777777776,2.19,0.6930745339521456,2.0774999999999997,-0.004131044984977569,train
anom_7_27.csv,anom,scenario_7,anom_scenario_7,0,22.003777777777778,37.35,7.818386076994333,34.448499999999996,0.04930123060460135,48.20122222222222,69.09,8.691731939456359,63.8565,0.2294228094003375,24.644000000000002,32.84,3.0005025047313127,29.514,0.01505650903403713,0.7833333333333333,1.62,0.49052826374031683,1.5284999999999997,-0.0026770383174877523,0.6611111111111111,1.61,0.43473986654153224,1.2955,-0.001785570235008437,train
anom_7_28.csv,anom,scenario_7,anom_scenario_7,0,29.972111111111108,49.86,11.61685926094653,46.753,0.06665588344240024,50.733444444444444,64.93,7.674092291396994,63.71,0.21016215993744083,28.009777777777778,34.74,4.517079691440752,34.3705,0.01500069967485698,0.9863333333333333,1.78,0.575117867743433,1.74,-0.0032264888669383015,0.9136666666666667,1.48,0.4322568160899025,1.46,-0.002680577849117176,train
anom_7_29.csv,anom,scenario_7,anom_scenario_7,0,18.166762685920823,31.820288479717604,5.372778902470194,29.08532754306948,0.0073494238862914455,42.554525626506354,55.29698467323318,4.401483757343089,52.44987966359817,0.02485654017505762,24.97019666149579,36.55819447196416,3.2287857679973575,30.116754756771517,-0.009337925683873103,0.6867922052299674,1.1133033374656267,0.31521578152841023,1.0078543943723215,-0.000407016216755006,1.0222669825018047,1.7379605866435346,0.46480011476598154,1.6396628917701688,-0.001455511532661308,train
anom_7_3.csv,anom,scenario_7,anom_scenario_7,0,17.382555555555555,38.03,6.176513063248097,30.98849999999999,-0.013984360209079304,52.96322222222222,71.86,11.349846192867455,69.1395,0.4096388031444212,24.356444444444442,31.48,3.199639133834711,29.743,-0.006238465654195995,1.078111111111111,2.33,0.751539086642578,2.16,-0.007260567148207596,0.9702222222222223,2.42,0.5286977381992745,1.9004999999999996,-0.006748816726344813,train
anom_7_30.csv,anom,scenario_7,anom_scenario_7,0,16.914692354232862,40.0102057526815,6.510364081357699,34.847411756529986,0.006630951678433177,50.96172309757216,63.11971337896783,9.702572477436258,61.938232781384094,0.3432232557188859,25.295531902495455,31.488347757631352,2.8952543622055087,29.820389806014152,0.00986854206652582,113.09465877195453,172.5909204485257,54.099944524745155,162.60141394060275,-0.025521410708454012,148.6488694603044,229.9145189479065,72.59253105073032,218.12646742507,-0.011238220836008271,train
anom_7_4.csv,anom,scenario_7,anom_scenario_7,0,18.25144444444444,39.66,7.0103984661488585,35.4525,0.021887393505371035,52.85444444444444,71.97,12.126051545840646,70.7795,0.4410198789974071,24.71188888888889,33.07,3.240544029247734,29.4665,0.0057660616537021075,1.2663333333333333,2.38,0.7456924238660576,2.2475,-0.006197884512491263,1.1001111111111113,2.11,0.526889311968052,1.9465,-0.0013556406140675795,train
anom_7_5.csv,anom,scenario_7,anom_scenario_7,0,19.224888888888888,47.19,6.963636407078383,35.3845,0.005948059431205475,51.24077777777778,68.86,11.0480616254798,65.8415,0.3938370169156685,24.642999999999997,31.17,2.989306578493533,29.2755,0.01804198049141868,0.6124444444444445,1.18,0.32902413118398055,1.001,-0.0021517059719306916,0.8711111111111112,1.49,0.4024208888530371,1.3319999999999999,-0.003001358192369425,train
anom_7_6.csv,anom,scenario_7,anom_scenario_7,0,20.921444444444447,37.63,7.795340233165677,34.062,0.061208132691278706,45.51188888888888,58.2,5.954275188570262,56.6395,0.15921035518788332,25.392777777777777,30.23,2.15356251896622,29.238,0.01708729472774415,0.657,1.08,0.3074010300217404,1.031,-0.003351771823681934,0.973,1.49,0.32396577014357414,1.4109999999999998,-0.0034462690867185252,train
anom_7_7.csv,anom,scenario_7,anom_scenario_7,0,22.804333333333332,39.09,5.313566070166296,34.4075,-0.015957772564514132,48.92655555555556,68.19,9.01236007214051,64.987,0.17735317117339586,25.01688888888889,29.97,2.759148885396594,29.221999999999998,0.024305387496398732,0.8126666666666666,1.49,0.41163636183168095,1.4255,-0.0028212536527143306,1.0754444444444444,2.0,0.58594044470754,1.9355,-0.0050632588385397395,train
anom_7_8.csv,anom,scenario_7,anom_scenario_7,0,26.98588888888889,44.45,9.62811273401887,42.8795,-0.0071812157879573395,57.73311111111111,77.4,10.792032292332692,74.6215,0.30592221261884184,25.057000000000002,31.78,3.2457032789953093,30.3565,-0.0033703749434086526,1.4325555555555556,2.48,0.7827932714757231,2.4410000000000003,-0.000751450796394617,1.1624444444444444,2.0,0.5732821159946915,1.8964999999999999,-0.0008702308927028018,train
anom_7_9.csv,anom,scenario_7,anom_scenario_7,0,23.260444444444445,40.8,9.69702501710046,37.687,0.07650162571510885,49.30133333333333,62.61,8.189762477520473,61.0025,0.2897533028768983,24.55188888888889,29.37,2.3750287494153235,28.6175,-0.0032984319051734736,0.9251111111111112,1.49,0.41511943440289123,1.4555,-0.0016566654319463295,1.1356666666666666,1.78,0.519275748876054,1.77,-0.00401555747623163,train
anom_8_1.csv,anom,scenario_8,anom_scenario_8,0,30.403222222222222,92.91,29.381737920151853,88.50649999999999,0.46089632464913344,40.004999999999995,43.22,1.4172621572849222,42.6325,-0.0007911264765197521,24.802333333333333,31.33,2.9170926152322787,28.8695,-0.012100506235337689,1.0023333333333333,1.5,0.1871912439131511,1.2455,-0.00047372103551878873,111.79888888888888,250.0,114.72926144824355,250.0,4.018801827386096,train
anom_8_10.csv,anom,scenario_8,anom_scenario_8,0,63.46982779186048,94.99510770932804,34.71589833429129,94.15516896072002,1.0698236495386126,42.619691659714015,44.98664226033287,1.422420840384203,44.89953817575168,-0.011819816187718267,24.835158700757837,29.91425373191712,3.144141321663411,29.21299300592607,-0.011720598752370215,0.9736707295596272,1.4935467015530546,0.2878913823318805,1.4456032217181893,0.00044006202880245913,55.848842625113825,101.49536043181058,39.64339824456512,100.87364565579405,1.4327824840717611,train
anom_8_11.csv,anom,scenario_8,anom_scenario_8,0,32.636705122156066,99.43878548050488,34.20293172447909,97.86907757845883,0.4139213223136278,40.07749560094891,44.99249613212746,3.1452518465256776,44.852591226753695,-0.005673092394080499,24.5935077254665,29.954272187027627,2.9725604391477187,29.59612904121286,0.0012576906615405729,9.834004135799027,14.921986759600236,3.209816206594413,14.630820834223021,0.0038860438283752886,734.0867358137625,959.381886389226,304.92191362492844,957.4880554961175,10.110300974748393,train
anom_8_12.csv,anom,scenario_8,anom_scenario_8,0,41.4724853764666,94.92353754108704,36.46449069210769,92.37145439007259,1.1525386255937409,39.621058553928385,44.42567538429624,1.9192179471655264,42.58104809831294,-0.00742320826952137,24.769265557285948,30.0,2.6173206621426988,29.36422189894748,0.007818714353413744,0.859566138249765,1.1880677604264491,0.16399300104410636,1.102749175721465,-0.00026828212836559415,66.93670772525483,100.0,33.40222636059813,100.0,1.2275912516170138,train
anom_8_13.csv,anom,scenario_8,anom_scenario_8,0,38.40589258326534,93.72749242040877,33.076434793214574,89.60582037423771,0.6912834413096409,40.128808451649235,43.01431215747276,1.4428974428936685,42.296584971132184,-0.0006223066320936914,24.82272508195037,32.06156149996555,2.8847521826666527,30.096257911283598,-0.005021604441864689,0.7870373999750375,1.352571774629491,0.20854094001710016,1.109382435254675,-0.0015355698797487204,48.16726794965514,120.7980155518239,51.232661848422936,120.35436157473265,1.8205259338363997,train
anom_8_14.csv,anom,scenario_8,anom_scenario_8,0,68.03777777777778,97.92,34.33838765749427,96.8315,1.0990688562373951,42.66844444444444,44.95,1.488723086898021,44.832,0.012523686051775932,24.953,29.67,2.9844953086227184,29.205,-0.004676873688109645,1.0086666666666666,1.46,0.28413163589585366,1.4264999999999999,0.001094291476313948,90.919,125.91,30.88838143991246,125.565,1.1219394163888539,train
anom_8_15.csv,anom,scenario_8,anom_scenario_8,0,50.855461337084385,94.68205118918198,36.37623702131407,93.19149633447007,1.235118193260235,37.549983553198444,39.91485156748735,1.4756731025263103,39.7294674342954,-0.010417277860545736,25.18088802103887,29.97887147083926,2.7723478508635977,29.374448979414623,0.0028609645609161904,0.9921576063716717,1.4957837926510664,0.2899575211408378,1.4256610796042497,-8.037505034655818e-05,53.37900785981988,99.998356770575,42.03286421331263,99.80653586515099,1.4372265099770534,train
anom_8_16.csv,anom,scenario_8,anom_scenario_8,0,26.226764727854718,94.69573318148672,24.244536226916217,90.51949684901759,0.07250458509753942,39.68865668163997,44.77425032800865,3.0686567100416657,44.39624670715177,-0.004507809500228349,24.927951970073607,29.88861531407025,2.9467167513900674,29.49871730920552,-0.005643748979559167,1.047468204311272,1.4957837926510664,0.28526836828113683,1.4393293398786084,9.800912215833377e-05,76.88003768301347,100.998356770575,31.981262893189694,100.6915104692187,1.0682737022830469,train
anom_8_17.csv,anom,scenario_8,anom_scenario_8,0,38.718111111111114,94.83,33.69759508287704,91.7175,1.044210972548051,45.17322222222222,49.19,1.7858009425023267,47.981,-0.0004305881384533003,30.257444444444445,36.03,2.8856995573138144,34.594500000000004,-0.001227558957896052,0.4935555555555556,0.74,0.09651583221246872,0.6665,-0.00015689179734123556,67.67611111111111,100.87,32.11914248419624,100.431,1.186102399473186,train
anom_8_18.csv,anom,scenario_8,anom_scenario_8,0,30.997444444444444,92.57,30.402514183479205,91.1325,0.6998581717907559,40.37611111111111,44.96,2.7883810672645963,44.2015,0.005960653578631114,24.768333333333334,29.83,2.818191407443569,29.108,0.0015352512655883467,2.9515555555555553,4.96,1.2309162670260974,4.824999999999999,0.005024323990616127,68.97244444444445,99.95,30.055490601649932,99.6905,1.106570358480471,train
anom_8_19.csv,anom,scenario_8,anom_scenario_8,0,40.73122222222222,95.0,30.9627560552082,95.0,0.4556719759641109,42.56144444444445,45.99,1.8009432990912961,45.6445,-0.020178869819319264,25.380444444444443,29.84,2.641569550076268,29.5275,0.003980079845248388,0.9963333333333334,1.5,0.2975044140924541,1.4709999999999999,0.0004822817631806397,57.165333333333336,100.0,39.41182039650404,99.68249999999999,1.352550520640408,train
anom_8_2.csv,anom,scenario_8,anom_scenario_8,0,30.831888888888887,95.92,29.34665706109766,88.7225,0.3476925546363749,39.815333333333335,42.5,1.3454728085887453,41.8275,-0.0016408610116475234,24.875,33.3,3.0916619471581335,30.244,-0.0010891056509034118,0.9952222222222221,1.39,0.20928034945776336,1.3074999999999999,-0.00010132938222825816,122.46266666666666,246.86,114.79269765758457,246.86,4.032505412190805,train
anom_8_20.csv,anom,scenario_8,anom_scenario_8,0,61.69730683786566,99.20629045780836,32.12366428661495,97.00111759003505,1.1177928222186453,39.96333987651588,44.69336652323202,3.2020367531134966,44.45249110114743,-0.01308719090531946,25.298792292266445,29.89894007966345,2.7684582172146373,29.58080435312754,0.005288159497779697,0.9832734850156886,1.4864491622068696,0.2724451053407083,1.430546848236361,-0.00010725893280878317,148.03816239466508,199.88149324148853,49.86531786322697,199.09442576234463,1.8350815195613788,train
anom_8_21.csv,anom,scenario_8,anom_scenario_8,0,38.578096628491,95.07226179133238,33.55056609516521,90.02117505864938,1.0412364839405246,44.897240864047845,49.25917062639684,1.9262959420491905,48.135246707660606,0.004230807659646745,25.280225714372904,32.11227064023976,2.5807413100620504,28.862502371825226,0.0071911997670887,51.29264742282801,62.72816531381088,4.850959293502016,58.50413553448499,0.0501761956162777,523.2226884157101,1009.7339701752376,387.8852809468117,1005.0092713899235,13.575372054321868,train
anom_8_22.csv,anom,scenario_8,anom_scenario_8,0,49.32075595016723,94.52159741019786,33.087277457234336,92.55893967747599,0.43442459481874746,39.85647059615797,45.17703660915525,2.1629130359163242,43.218974981720585,0.006866951375160445,25.1053582462735,31.784445840253724,2.9464929201162815,29.696504323384968,-0.014566052365011576,0.7829969531722537,1.2305309093315444,0.19122625762431242,1.0988627619609888,0.0006003925878025933,60.28234383092111,122.82544352953802,52.5332519928312,121.26451999725518,1.9001270259883365,train
anom_8_23.csv,anom,scenario_8,anom_scenario_8,0,61.61411111111111,94.91,33.7037063908689,90.873,1.0356467876692597,39.85666666666667,45.18,2.163066903025954,43.2215,0.00687986171132238,25.17522222222222,36.31,4.910499923696592,32.8295,-0.024260690620241183,0.7828888888888889,1.23,0.1909599901882176,1.0955000000000001,0.0006063299995884267,50.18588888888888,100.0,43.569868309209944,100.0,1.5738518335596978,train
anom_8_24.csv,anom,scenario_8,anom_scenario_8,0,39.82747229067061,94.78997108533449,28.69873902145208,93.40419860118809,0.9321441757273902,39.90840415656819,44.85643371905969,3.046392177623005,44.425275247234715,-0.01173383957263808,24.760443229305505,29.864491622068694,2.8549575283089954,29.639407558263276,-0.0027126984292562624,0.9916190364267687,1.4898940079663454,0.3083289717267177,1.433429558128301,0.001034626100466039,33.61542055978049,99.84767232666668,42.044937467124406,99.32093947508014,1.4085921990171133,train
anom_8_25.csv,anom,scenario_8,anom_scenario_8,0,33.404555555555554,94.49,25.946311515529985,84.9475,0.6442950981602665,39.849,42.22,1.3402851029924088,42.027499999999996,0.0035605218751286055,24.80022222222222,28.63,1.7531736729686853,27.7255,0.004127917026793433,0.9686666666666668,1.44,0.19422678740024565,1.2984999999999998,0.0006165370210314024,51.54866666666667,100.0,43.15083472573956,100.0,1.5607475820060088,train
anom_8_26.csv,anom,scenario_8,anom_scenario_8,0,63.05200000000001,94.34,32.151038573400925,90.725,0.9912609787216528,42.05677777777778,47.86,1.9726813029722075,45.407,-0.008943737910030053,24.45377777777778,30.88,3.1243985768330447,29.572,0.0020493064987446978,1.0113333333333332,1.5,0.19083612594656216,1.3675,4.3626785199818975e-05,50.56633333333333,100.0,43.81351816557241,99.96,1.5817227641272582,train
anom_8_27.csv,anom,scenario_8,anom_scenario_8,0,47.150555555555556,99.68,35.09672088018797,96.386,1.1384555294892371,42.48822222222222,46.4,1.6762917727429767,44.896499999999996,0.00010816150141992072,24.947222222222223,32.82,3.476192553522251,30.6375,-0.004135243034119429,0.9825555555555555,1.49,0.2867272168436428,1.4255,-0.001237601349960901,568.3142222222222,998.24,381.15787607837683,997.087,14.00109676091698,train
anom_8_28.csv,anom,scenario_8,anom_scenario_8,0,26.35711111111111,91.42,26.743365752748257,87.45349999999999,0.4779026217228467,39.88366666666667,44.49,1.9687853153600896,42.893,-0.00441857019385109,25.965555555555557,40.55,5.0364686021085205,34.362,0.04869226653496317,1.0543333333333333,1.69,0.20276210669183814,1.3555000000000001,-0.001141128534386961,49.45977777777778,101.37,42.61169373125986,99.3515,1.5434246203234963,train
anom_8_29.csv,anom,scenario_8,anom_scenario_8,0,46.10366666666667,94.97,34.095296734860696,92.32050000000001,1.0932512655883444,42.79244444444445,46.55,1.7889494193433169,45.4975,0.008473638720829726,24.992,32.45,3.170157972883008,29.4265,0.0167426431246656,1.0177777777777777,1.5,0.28631238450876706,1.4255,0.0006598345474749975,71.56022222222222,100.0,30.05378324921028,99.9685,1.0875555006790956,train
anom_8_3.csv,anom,scenario_8,anom_scenario_8,0,30.10388888888889,91.25,28.659604688243558,85.096,0.3766154669300737,39.94188888888889,44.1,1.5597117959392401,42.5105,-0.004680330905050007,24.730555555555554,31.77,2.7140385601291044,28.7275,0.005590566736634147,0.9808888888888889,1.43,0.20557206803467953,1.3455000000000001,0.0002546816479400749,121.02177777777777,246.7,113.23549390518001,246.7,4.010942256245627,train
anom_8_30.csv,anom,scenario_8,anom_scenario_8,0,47.54822222222222,99.33,35.379683517419416,97.325,1.2319400749063665,40.23455555555556,45.0,1.8876959150417798,43.46,0.002995019961312105,25.191444444444446,35.0,5.235795671825213,33.422,0.0007741696505741407,0.8136666666666668,1.21,0.17965291130211566,1.1019999999999999,0.0004096802074330162,60.50922222222222,120.0,52.952412815506065,120.0,1.9114223978268925,train
anom_8_4.csv,anom,scenario_8,anom_scenario_8,0,30.217777777777776,92.55,28.43290611355831,86.16449999999999,0.4055379676503272,40.03377777777778,44.35,1.6380144034829116,42.732,-0.011391694447874218,24.562333333333335,31.98,2.857492831294398,28.787,-0.00023550232538996872,1.0042222222222221,1.5,0.2163745077187049,1.4094999999999998,-9.97654031361896e-05,122.50966666666667,257.61,118.14859921045726,257.61,4.167581100547394,train
anom_8_5.csv,anom,scenario_8,anom_scenario_8,0,66.38454379883248,97.76631856611304,32.884686389388335,94.81656458857275,1.0338811067725822,42.64034196259027,44.98943573541963,1.3753061166321905,44.68722448970731,0.002811362277594896,24.869482092673117,29.957837926510663,2.969799795716347,29.2566107960425,-0.003329412797345048,1.0079305948398227,1.48297031349747,0.29052282045810823,1.439624670715177,-0.0009762714708367972,51.17719388464897,101.99671354115,43.008699737530065,101.49866309702333,1.5609827630450221,train
anom_8_6.csv,anom,scenario_8,anom_scenario_8,0,37.7037551083156,100.088571167033,35.228935319185936,96.55673478386876,0.6970074417678376,39.88735142612892,43.73616369221691,1.6941127288963287,42.3883661494482,0.011277273948644539,25.085842141003937,33.7906266261554,2.958483708732841,30.10966502197939,-0.013413029080494493,0.9635887270350321,1.392134667928996,0.20835535102403827,1.3048956834349978,0.000136033991665551,81.78943830267977,125.02075408385753,38.93934898360128,121.24855317555605,1.4298305340550217,train
anom_8_7.csv,anom,scenario_8,anom_scenario_8,0,36.87112449167058,101.7358469461917,31.242005449489575,86.4348244312873,0.9483484308722624,39.66549657224114,44.11504429340486,2.1733255069410955,43.132662731475754,-0.005268745209092327,24.831027139193377,30.60424553832537,2.541169093344494,28.582549224172304,0.01691591092296679,0.48179436351751603,0.6960673339644979,0.10417767551201915,0.6524478417174989,6.801699583277561e-05,50.42326335598952,100.86720671171808,43.722926481499556,100.45215820020508,1.5811174765339489,train
anom_8_8.csv,anom,scenario_8,anom_scenario_8,0,41.49977777777778,100.0,38.46183998174715,97.923,1.2157520681565623,44.809222222222225,49.87,1.8700593199614766,48.1095,-0.008704860682388769,29.730666666666668,41.7,5.477709026570804,37.87,0.030665843519776123,1.0067777777777778,1.67,0.2024669637514639,1.3764999999999998,0.00022052105198172643,681.1483333333333,1020.58,320.51302224329055,1010.8090000000001,11.782797629336955,train
anom_8_9.csv,anom,scenario_8,anom_scenario_8,0,42.87211365822214,89.93546701553055,32.105401011350516,88.41439054840544,1.0942435567488096,39.93381978614493,41.89356322313234,1.2019110417277725,41.684872854465475,-0.00306415137219819,25.00724344735655,29.91425373191712,2.9348015618214345,29.043972077322866,0.013154500584644372,0.4941480937620398,0.6998695389154144,0.11482701228022736,0.6808208013622963,-1.8232201118656425e-05,50.28236265339903,100.98181126118068,43.63205615832066,100.47875639174597,1.5787661729566727,train
anom_9_1.csv,anom,scenario_9,anom_scenario_9,0,14.802111111111111,18.7,1.8702691595298893,18.0095,0.004634563937934721,40.163666666666664,48.16,2.8929505369067003,45.632999999999996,0.017168127752397403,24.950333333333337,44.26,5.380987848408421,33.528499999999994,-0.015584887023089274,0.45155555555555554,1.23,0.4078827522408009,1.0074999999999998,-0.003238095238095237,0.6745555555555556,1.86,0.6345628613217046,1.6555,-0.006407457710828504,train
anom_9_10.csv,anom,scenario_9,anom_scenario_9,0,20.043333333333333,24.69,2.9082861086708163,24.3875,0.008234432234432237,40.18988888888889,44.77,2.8447987209636647,44.132,-0.0027907149030744517,29.077444444444442,39.69,5.640967834942548,37.742,0.005731324854920367,0.7635555555555555,1.47,0.532121704232083,1.43,-0.0003169115528666073,0.6555555555555556,1.29,0.4543525115415012,1.251,0.0005976046425484634,train
anom_9_11.csv,anom,scenario_9,anom_scenario_9,0,14.846333333333334,19.66,1.9384045623117514,17.8275,0.0031064740502942762,40.45333333333333,47.28,3.0197953647463964,45.3465,-0.00797316541136766,29.26911111111111,40.46,5.204202201040364,36.477500000000006,0.014581059390048147,0.4182222222222222,1.88,0.5860812111111205,1.4929999999999999,-0.017031732312631186,0.3457777777777778,1.35,0.46986963953027394,1.19,-0.014627978762810226,train
anom_9_12.csv,anom,scenario_9,anom_scenario_9,0,15.072111111111111,20.27,2.0525667649541286,18.3355,0.001859077252335682,45.083333333333336,52.57,3.2184580019183673,49.643,0.02514977157673786,29.511444444444447,41.83,5.112782298705623,38.000499999999995,-0.006727991110013577,0.43455555555555553,1.81,0.6022209104380127,1.5149999999999997,-0.018259949788039683,0.4558888888888889,2.07,0.6350102086137637,1.6619999999999997,-0.018812281351607184,train
anom_9_13.csv,anom,scenario_9,anom_scenario_9,0,15.149000000000001,23.94,2.7595029067088936,19.276999999999997,-0.005037082767419846,40.821777777777775,54.41,5.193336607480952,48.9595,-0.0036574062641478483,30.284111111111113,47.24,8.639308765322129,42.821999999999996,-0.004380870066263335,0.8216666666666667,2.04,0.605211913856756,1.5465,-0.002086759682265302,0.6124444444444445,1.5,0.4536947226641316,1.16,0.001250524756142733,train
anom_9_15.csv,anom,scenario_9,anom_scenario_9,0,14.921222222222223,19.91,2.136429252295152,18.4395,-0.00434794419064082,45.36622222222222,52.2,2.9810225897164058,50.2245,-0.015127958184137947,30.209888888888887,41.26,5.155770301637374,38.070499999999996,0.015090011112483028,1.0350000000000001,2.46,0.7556309217386754,1.9964999999999997,-0.000972877309955964,0.7855555555555556,1.88,0.5872256444954178,1.5139999999999998,-0.0007838004691937253,train
anom_9_16.csv,anom,scenario_9,anom_scenario_9,0,19.89966666666667,24.95,3.0494337105528593,24.3875,-0.007754455282545168,44.913777777777774,49.9,2.7866747844979685,49.2795,-5.564472980203895e-05,30.82411111111111,39.73,5.553835377758863,39.083999999999996,-0.031915792073095445,0.7985555555555556,1.5,0.5699626660572832,1.4509999999999998,0.0008403506605753791,0.6794444444444444,1.29,0.4826596751826702,1.2655,3.704161007532339e-06,train
anom_9_17.csv,anom,scenario_9,anom_scenario_9,0,20.318444444444445,24.98,2.871798133461127,24.275,-0.006114005844342916,40.087666666666664,44.92,2.9502451050336953,44.2825,-0.00622307280734247,29.14411111111111,39.53,5.566989361343649,38.4415,-0.00889171502654649,0.7902222222222223,1.49,0.5492711775315691,1.4055,-0.00030637527266740765,0.6616666666666666,1.28,0.4606035366533003,1.2209999999999999,0.0007927727703008618,train
anom_9_18.csv,anom,scenario_9,anom_scenario_9,0,15.072111111111111,20.27,2.0525667649541286,18.3355,0.001859077252335682,45.083333333333336,52.57,3.2184580019183673,49.643,0.02514977157673786,29.511444444444447,41.83,5.112782298705623,38.000499999999995,-0.006727991110013577,0.7157777777777778,1.81,0.6316395248781258,1.5865,-0.004328929497468826,0.5115555555555555,1.38,0.43769547443351015,1.1965,-0.002653660945795777,train
anom_9_19.csv,anom,scenario_9,anom_scenario_9,0,15.043333333333335,19.69,2.9082861086708163,19.3875,0.008234432234432229,40.18988888888889,44.77,2.8447987209636647,44.132,-0.0027907149030744517,29.077444444444442,39.69,5.640967834942548,37.742,0.005731324854920367,0.6545555555555556,1.46,0.49035222633089515,1.41,-0.00046516030785693666,0.6365555555555555,1.49,0.48532894233927554,1.4219999999999997,0.001032473144832695,train
anom_9_2.csv,anom,scenario_9,anom_scenario_9,0,18.521,24.77,2.573814573871661,22.971999999999998,-0.007668024859036101,44.79344444444444,54.21,4.119315193744979,51.727,0.002247108696546888,30.16611111111111,44.96,6.051338545294156,39.570499999999996,0.018080503765897017,0.5135555555555555,1.6,0.49475294279770726,1.3074999999999999,-0.008508869407745808,0.7208888888888888,1.88,0.6645073269088956,1.7455,-0.011403218504342096,train
anom_9_20.csv,anom,scenario_9,anom_scenario_9,0,19.898333333333333,24.97,2.7861238226353437,24.221999999999998,-0.0033735029015927883,45.452555555555556,49.99,2.907739985404747,49.596,-0.011512285467341643,27.264555555555553,34.58,3.999714079980967,33.291000000000004,-0.0033302053751491927,0.46544444444444444,1.5,0.592873712060111,1.43,-0.018478906860929328,0.37933333333333336,1.28,0.48858152862379023,1.2355,-0.014926122566572005,train
anom_9_21.csv,anom,scenario_9,anom_scenario_9,0,15.099777777777778,20.96,1.8395437745204732,17.8495,-0.00337901798575956,45.49311111111111,53.64,3.1159970159237864,50.3775,-0.0022020825616331117,30.17766666666667,40.78,5.400422174508337,38.01199999999999,-0.002734082397003734,0.5445555555555556,2.34,0.7577319218682996,1.811,-0.023005226982755075,0.40622222222222226,1.46,0.5533403726820862,1.3909999999999998,-0.01694727744165947,train
anom_9_22.csv,anom,scenario_9,anom_scenario_9,0,19.912222222222223,25.06,2.8374568363901203,24.28,0.007284356093344857,39.653666666666666,45.39,2.7768321009477557,43.9765,0.003571881302218385,25.16611111111111,29.95,2.946631172782655,29.487,-0.004643947812487138,0.7757777777777777,1.49,0.5554246837113969,1.4455,0.00020578672264065495,0.7057777777777778,1.3,0.5013105919616938,1.27,0.0014704696053010648,train
anom_9_23.csv,anom,scenario_9,anom_scenario_9,0,15.024222222222223,22.28,3.340537189451327,20.3915,-0.02202774005021195,44.53977777777778,55.18,4.367747723344553,51.1615,0.006383174877556892,30.000666666666667,43.42,4.665536519119313,37.146,0.02389249701609252,0.8063333333333332,1.6,0.5338738015252821,1.4955,0.0005443470387290604,0.8071111111111111,1.9,0.5556416362774155,1.6055000000000001,-0.001410379882289994,train
anom_9_24.csv,anom,scenario_9,anom_scenario_9,0,15.110555555555557,19.56,1.821538651436377,18.2855,-0.0028320368769806973,39.57633333333333,47.91,3.2809105511951735,45.153,-0.01562900769642343,29.846888888888888,39.93,4.390046618585991,37.3625,0.013575997036671186,0.816,1.71,0.5877529099426623,1.61,-0.0002932049224184053,0.527,1.14,0.36737284737547504,1.001,0.0008080833024653239,train
anom_9_25.csv,anom,scenario_9,anom_scenario_9,0,15.079777777777778,20.46,1.939489668645214,17.859499999999997,-0.007726715232333203,45.13722222222222,53.97,3.293335465662171,50.143,0.003940815738568559,24.922333333333334,35.87,4.673432453655066,32.105000000000004,-0.011653537473762202,0.965,2.38,0.7090288499859221,1.9339999999999997,-0.0008635634028892451,0.8762222222222222,2.09,0.6382517867745053,1.6709999999999998,-0.0007223937111577538,train
anom_9_26.csv,anom,scenario_9,anom_scenario_9,0,14.846333333333334,19.66,1.9384045623117514,17.8275,0.0031064740502942762,40.45333333333333,47.28,3.0197953647463964,45.3465,-0.00797316541136766,29.26911111111111,40.46,5.204202201040364,36.477500000000006,0.014581059390048147,0.8111111111111111,1.65,0.5773174003735141,1.47,0.0003338683788121984,0.6048888888888888,1.44,0.4476712388320286,1.1655,-0.00016051364365971219,train
anom_9_27.csv,anom,scenario_9,anom_scenario_9,0,20.043333333333333,24.69,2.9082861086708163,24.3875,0.008234432234432237,40.18988888888889,44.77,2.8447987209636647,44.132,-0.0027907149030744517,29.077444444444442,39.69,5.640967834942548,37.742,0.005731324854920367,0.7561111111111111,1.47,0.5419558720882046,1.43,-0.0002988846359632888,0.648,1.29,0.46414643175657355,1.251,0.000615219986006502,train
anom_9_28.csv,anom,scenario_9,anom_scenario_9,0,15.110555555555557,19.56,1.821538651436377,18.2855,-0.0028320368769806973,44.57633333333333,52.91,3.280910551195174,50.153,-0.015629007696423433,29.846888888888888,39.93,4.390046618585991,37.3625,0.013575997036671186,0.5457777777777777,1.98,0.7166008679837097,1.7719999999999998,-0.021805819648516276,0.41344444444444445,1.44,0.5254685680228884,1.3155000000000001,-0.01611845083755196,train
anom_9_3.csv,anom,scenario_9,anom_scenario_9,0,17.93311111111111,26.56,2.474653372365168,22.573999999999995,0.01040770465489566,44.205666666666666,52.26,3.6430019261191533,50.22,0.0029184673004897807,29.423111111111112,42.67,6.025181734299458,37.9625,-0.0019969543565049146,0.501,1.44,0.47440571931296727,1.2655,0.002619171091081203,0.7861111111111111,2.21,0.735444059765048,1.87,0.004906037782442279,train
anom_9_4.csv,anom,scenario_9,anom_scenario_9,0,18.00144444444444,25.27,2.467274601164827,21.843999999999998,0.005929373996789729,44.88744444444444,51.07,3.3376791913722546,50.2225,-0.012788492406469924,29.07933333333333,48.2,5.968411001903309,38.5955,0.05920796806190064,0.5106666666666667,1.46,0.48295159922192127,1.2255,-0.004065357863110672,0.7496666666666667,2.45,0.6931129097181624,1.6855,-0.007550644112441861,train
anom_9_5.csv,anom,scenario_9,anom_scenario_9,0,19.83422222222222,24.97,2.893316194567717,24.261,0.007609005226982764,45.041000000000004,49.97,2.979575058307793,49.5645,-0.005461003416059592,27.635555555555552,34.63,4.207357950524913,33.482499999999995,0.006687574597686964,0.5535555555555556,1.49,0.5749124234452672,1.371,-0.018078610528048725,0.7083333333333334,1.96,0.7361473502963346,1.8365,-0.02323241552455036,train
anom_9_6.csv,anom,scenario_9,anom_scenario_9,0,19.819950661342176,24.970739818220707,2.7565979299727688,24.42282962978462,-0.004297151359491047,44.83637933232664,49.890325610062845,2.739561402487426,49.00977676983227,0.009685247788638529,26.939916007660322,34.65314094758313,4.363318920695193,34.04519781111839,0.0054987320273179,0.4159179790883849,1.488211284772051,0.5333899470317792,1.3985774686679693,-0.016243437872384133,0.5765113725471726,1.993579159473909,0.6824430935555277,1.87510692336652,-0.02059380096684713,train
anom_9_7.csv,anom,scenario_9,anom_scenario_9,0,19.956,24.94,2.7485840276956006,24.134,0.017279005638556194,44.565,49.89,2.9637166349256185,49.589999999999996,-0.005529159978598177,25.376222222222225,29.97,2.920191842927554,29.465,0.0062886776145203065,0.6285555555555555,1.47,0.5638103934837049,1.34,-0.017974811705148783,0.8596666666666667,1.98,0.7453156333114358,1.92,-0.023256616043132897,train
anom_9_8.csv,anom,scenario_9,anom_scenario_9,0,24.923111111111112,28.19,1.444512004566189,27.349999999999998,0.0031589085072231153,40.18611111111111,44.74,1.7203760331336786,42.5745,0.0047929373996789815,22.77611111111111,29.64,2.9106166358692365,27.1005,0.03010141169691732,0.41277777777777774,1.7,0.5744054625921314,1.52,-0.01726476519734946,0.29144444444444445,1.16,0.3964889760319402,1.09,-0.011890439148866113,train
anom_9_9.csv,anom,scenario_9,anom_scenario_9,0,15.110555555555557,19.56,1.821538651436377,18.2855,-0.0028320368769806973,39.57633333333333,47.91,3.2809105511951735,45.153,-0.01562900769642343,29.846888888888888,39.93,4.390046618585991,37.3625,0.013575997036671186,0.8095555555555556,1.71,0.5961522901563631,1.61,-0.0003203687698069693,0.5832222222222222,1.24,0.425020363762707,1.101,0.0008266864221920424,train
norm_1_1.csv,norm,scenario_1,norm_scenario_1,0,41.10155555555556,99.56,35.52476758769578,95.2885,-0.29837889451372607,45.09011111111111,57.36,5.500649092330269,53.1165,0.009491624480388525,37.95366666666666,100.0,38.06506869747933,97.617,-0.30388418323249783,1.457111111111111,2.12,0.2514150713012313,1.9255,0.0019391694447874214,11.099,70.49,22.88674735751548,65.41099999999999,0.23209507346586006,train
norm_1_10.csv,norm,scenario_1,norm_scenario_1,0,48.204406280055586,117.01111876019432,38.36733441311556,99.14356098619085,0.09574589167157116,40.05822368083731,46.02217018884009,2.7279904030294335,44.476106943830274,-0.015116776833821705,128.807333766807,325.0403633404512,120.08813076156218,298.2587348847924,-0.3510553975276317,0.9918164290546012,1.3232492770281816,0.19149535230984183,1.2837469389898875,-4.88879850735923e-05,39.89992721632051,123.61493607901956,42.50187173962529,101.31716855040509,0.7611724865584621,train
norm_1_11.csv,norm,scenario_1,norm_scenario_1,0,45.29731588018523,91.3553319805398,27.036301519901585,83.8775553290447,0.14959440039020286,35.1394101766779,40.96736039914371,2.22135356309497,38.205975219848874,0.011438559773761755,64.76884130542692,100.0,28.660117018672764,100.0,0.22828778034681554,0.9976880051418272,1.550736938032816,0.20497549993651304,1.3178312782621409,-0.000680580895078302,26.789086006698284,107.25244417730374,42.04535454916631,99.08911577863734,1.1034891739218693,train
norm_1_12.csv,norm,scenario_1,norm_scenario_1,0,33.989333333333335,97.81,26.200085676161486,81.724,-0.43596147672552155,39.87544444444445,45.42,2.9191634022077313,44.1305,-0.0032641889945260825,31.634777777777778,96.83,29.84154973186714,88.67549999999999,-0.4619008931143764,1.0015555555555555,1.55,0.1924759498247089,1.321,0.0003936288430670454,16.852333333333334,79.78,25.331785826231584,66.9255,0.5350588961600197,train
norm_1_13.csv,norm,scenario_1,norm_scenario_1,0,42.76804737828455,95.36368454628324,28.603108309710947,84.77623955108145,0.2230379978009615,46.7932108555118,61.45313722051597,8.094718858002658,58.65838773031158,0.034514484518700456,74.62946582771112,245.8857666395234,65.75725866587948,194.52561567613918,-0.17774288073622282,0.9962541588418067,1.6902233939966236,0.20224367662953535,1.2781012771946867,9.980948333092397e-06,35.53980826829739,142.39174084538428,50.842388922796715,137.30780325856261,1.1703607153971334,train
norm_1_14.csv,norm,scenario_1,norm_scenario_1,0,34.0181919845567,98.82480327543207,31.505020025207532,88.13503057254398,-0.08548484238675805,39.550644718684914,48.47380549900996,3.0340610799085446,44.43473752457642,0.028080353753746214,91.58401759870412,296.4949071496408,100.52110647866567,265.85969757499026,-0.27741228539169355,1.1471320316800846,2.023945473172591,0.28914264233057513,1.5817206539559423,-0.00010859118582132734,34.831871886425226,180.786539806908,64.06657181747072,163.2370154732778,0.9989779684205145,train
norm_1_15.csv,norm,scenario_1,norm_scenario_1,0,47.278000000000006,95.0,25.988888688839673,90.5375,0.05537424373379421,39.718888888888884,44.86,2.8864637376665447,44.338499999999996,-0.004988434786187603,45.94266666666667,98.9,41.47207791685357,98.53399999999999,-0.512409597892744,0.9786666666666667,1.48,0.28212755104062376,1.4009999999999998,-0.0015037247396797954,29.910555555555554,97.77,42.220400611289534,96.0355,1.0900217310779106,train
norm_1_16.csv,norm,scenario_1,norm_scenario_1,0,36.980777777777774,98.48,38.8641574923542,95.62,-0.02084364324813776,42.37711111111111,53.61,4.9514953465888345,52.088499999999996,-0.00536625920895582,39.28911111111111,119.1,43.55818540819775,113.857,-0.9064519899576079,1.0172222222222222,1.49,0.26010381582407094,1.4409999999999998,-0.0007675844754496438,17.157777777777778,69.98,26.403914068794982,66.63799999999999,0.6528664444170061,train
norm_1_17.csv,norm,scenario_1,norm_scenario_1,0,30.414444444444445,94.52,27.66406195491171,84.22249999999998,-0.29940041980491405,34.467999999999996,42.7,2.7765762604936817,39.0085,0.011013540766349745,28.17,96.13,30.293296102670052,84.2305,-0.40945268963246495,0.9846666666666667,1.45,0.18891886374486713,1.25,0.0012534880849487586,13.945555555555554,92.24,25.88785152208393,81.25599999999999,0.4922270239124171,train
norm_1_18.csv,norm,scenario_1,norm_scenario_1,0,23.991666666666667,95.67,20.66328819944887,77.16049999999996,-0.051036835823352715,34.64611111111111,40.13,1.85112397950964,37.672,0.007351442564925715,31.752777777777776,98.19,24.530379927515686,83.0225,-0.2939068197719882,0.9846666666666667,1.45,0.18891886374486713,1.25,0.0012534880849487586,5.173888888888889,55.54,11.782216431234804,37.999,0.11120311149524628,train
norm_1_19.csv,norm,scenario_1,norm_scenario_1,0,23.88022222222222,90.28,24.84820826302465,84.8395,-0.07282150059678143,37.73755555555556,41.63,1.6003267300605568,40.31,-0.0013656006914433802,91.26233333333334,309.97,116.5364941735835,279.8805,-1.1852433633781942,0.9624444444444445,1.49,0.2820841818375258,1.4565,0.0018329834959048435,23.940888888888885,79.52,30.788802854665697,75.323,0.762775322056221,train
norm_1_2.csv,norm,scenario_1,norm_scenario_1,0,38.972029436304716,94.70212600130075,33.108729389557865,89.11884208605774,-0.004168187946391101,39.850623112805515,46.50824914852138,3.5031166336222563,44.95666821770767,-0.0038981338847141993,68.62836202772095,240.47283533603925,70.57584384452545,205.18540762766128,-0.7975803294082187,1.0017325968967927,1.552775917780428,0.19260467253424174,1.3203479435844163,0.0004053188658315609,17.61678207316687,59.4215703455696,23.205179318046028,54.241313690398805,0.5052460430727802,train
norm_1_20.csv,norm,scenario_1,norm_scenario_1,0,40.72688888888889,100.0,38.17589184684652,100.0,-0.0597043256369098,45.104222222222226,50.0,1.91488314999958,48.752,0.011108367288142556,130.45711111111112,329.15,125.69181330097196,297.11449999999996,-2.4566934189406098,1.0124444444444445,1.43,0.16300762449329273,1.2765,-0.0007553195867802611,27.927444444444443,101.75,38.61198764664891,90.61149999999999,1.005632547228053,train
norm_1_21.csv,norm,scenario_1,norm_scenario_1,0,47.072388767997566,98.34766408228964,31.065674929112102,97.09250304100513,-0.03258692444856506,40.179603849444824,45.571368587377975,2.0334572271262203,43.93504015676685,-0.005734659676660981,48.77988429305807,99.49040720878958,27.04630860053204,94.0297595985794,-0.5045282960354488,1.4801568463503256,2.01992148595134,0.24425303178735863,1.903708907090391,-0.0003254667193644147,16.685151467978887,68.3883587009154,25.532193409010386,63.60723063850783,0.610950227752189,train
norm_1_22.csv,norm,scenario_1,norm_scenario_1,0,34.89522222222222,94.25,35.24752538059487,91.458,-0.5506046837058073,39.375,44.68,2.5487720109976344,44.4175,-0.03932724204634316,39.968666666666664,96.15,34.90781047144195,94.2045,-0.6325304358562784,1.155,1.98,0.452655709133593,1.9209999999999998,-0.0014535950940445324,22.24677777777778,79.0,30.65272705678041,73.6495,0.3687759805737334,train
norm_1_23.csv,norm,scenario_1,norm_scenario_1,0,31.213,98.35,36.56198232553911,89.12799999999999,0.21191727373749863,34.82222222222222,37.57,0.9256018725493788,36.3365,0.003666790138700266,32.17955555555555,100.0,35.892622506053364,100.0,-0.06137877104169227,0.49177777777777776,0.72,0.09442407065257116,0.62,0.0006255916368275921,14.411444444444443,71.2,25.65133960893337,68.7125,0.5230585669012634,train
norm_1_24.csv,norm,scenario_1,norm_scenario_1,0,37.26957638808824,96.64081882822128,29.190731740184837,93.0268139580337,0.17654855720906884,42.177237001184764,47.77987489971269,2.190765097895101,45.75121906616146,0.01851857154104108,87.99686305129312,289.99245210769504,87.93127166531184,255.7166443930368,-1.0510879656365208,1.0294355692588366,1.5551915607007745,0.22514182863045962,1.4210351955997034,-0.0004311056739028362,18.395574035617603,100.0,33.443087453903786,88.12362056347285,0.660429556014247,train
norm_1_25.csv,norm,scenario_1,norm_scenario_1,0,23.563636894908022,80.27469981808612,23.28616406424617,75.27683313207423,0.006415244754953806,39.48493496861763,57.99803714878351,7.315478506967592,52.968381933141345,0.0036630371688024118,35.49437449766749,90.05727521966594,24.718012467011633,82.56455245363145,-0.066489224861342,0.97092964107741,1.5571368587377976,0.23001049387463737,1.3702077658734146,-0.0007925727317701981,10.943752789553342,66.14012797314864,22.76209083031197,64.30176930291415,0.18545767148588296,train
norm_1_26.csv,norm,scenario_1,norm_scenario_1,0,33.94544444444445,105.68,25.457050773212373,91.092,0.11223649010165855,39.969,48.25,2.615610462184238,44.332,-0.0015059472362843034,26.756111111111114,99.71,33.09028085335341,92.1845,-0.4675685887146561,0.9892222222222222,1.43,0.20065750224820744,1.2855,-8.91468082479317e-05,12.845666666666668,89.26,25.090292990707596,74.27449999999999,0.2724240029633285,train
norm_1_27.csv,norm,scenario_1,norm_scenario_1,0,39.131480850060974,97.49542738283304,33.48025340755007,90.86877147583427,0.2088012868087964,43.64366557163504,55.1688979397124,5.125886396806378,52.74492706532121,0.023537989962698465,28.969899812084243,96.62105407319874,38.270274477779914,93.77263588756469,-0.5759145358861055,1.470235269525488,2.2798822289270104,0.366379547681038,2.1055633606355864,-0.0004882000790466216,18.36866987144913,72.80296663184018,27.66359006058115,68.26004748491822,0.7151152709384838,train
norm_1_28.csv,norm,scenario_1,norm_scenario_1,0,19.64311111111111,66.92,22.011369413797535,62.7095,-0.3245867391035929,30.104222222222223,35.0,1.9148831499995786,33.752,0.011108367288142556,30.942444444444448,99.91,31.83494117083948,95.136,-0.47278017862287525,0.5061111111111111,0.71,0.08107001335985636,0.6355,-0.0003839980244474626,37.618,150.49,55.06926786666759,146.8455,1.154080421451208,train
norm_1_29.csv,norm,scenario_1,norm_scenario_1,0,38.77613254246196,96.17426907675552,35.78800278837243,93.110410261131,-0.4552901674176599,44.56614548040946,54.86934988354423,3.1333075493935048,49.36021407758644,-0.005321541452527415,250.2258216478285,759.3930683649672,297.3419577279664,716.6630430448283,-4.985989601127637,1.003416019581679,1.458848889050994,0.18196746168600875,1.294573796681583,0.0010184638482664307,22.391729598680833,92.57447430704444,33.39436913100659,83.1582318017997,0.38311548961156927,train
norm_1_3.csv,norm,scenario_1,norm_scenario_1,0,44.43577777777777,94.81,38.53098930768212,94.133,-0.1401845495328642,39.718888888888884,44.86,2.8864637376665447,44.338499999999996,-0.004988434786187603,46.95455555555555,97.91,37.79898949844587,97.1815,-0.3877225171831914,0.9786666666666667,1.48,0.28212755104062376,1.4009999999999998,-0.0015037247396797954,29.249666666666663,74.99,32.07184152786933,72.855,0.6143728855414249,train
norm_1_30.csv,norm,scenario_1,norm_scenario_1,0,45.26422222222222,100.0,37.19093389517136,97.90249999999999,0.3990479483063754,39.114000000000004,52.83,4.6274459186831205,46.680499999999995,0.018359303617730586,66.69711111111111,100.0,23.07048214963721,100.0,-0.5873992673992673,0.9846666666666667,1.45,0.18891886374486713,1.25,0.0012534880849487586,15.450777777777777,106.92,31.82287747594392,85.41399999999999,0.755599045149607,train
norm_1_31.csv,norm,scenario_1,norm_scenario_1,0,56.767180338643115,107.62941234503896,37.64897066068093,102.21340206017335,-0.17919311432630947,39.73230033461697,45.325100296079256,2.499983436264602,44.06317905418763,0.012851099529804086,146.97390848708616,316.9808740511339,126.63131282534663,296.89863409424646,-1.001022172952735,0.9824459226239357,1.4768760631722089,0.2799867237795777,1.4118555244295528,-0.000639814054329086,16.264074612415804,110.77989930812365,31.24801952907617,84.39325424719785,0.5426389799041863,train
norm_1_32.csv,norm,scenario_1,norm_scenario_1,0,42.08244444444445,84.71,30.270831375431367,81.825,-0.5865160307856936,46.73111111111111,67.53,8.002826108185324,59.029,-0.14325208873523482,94.98522222222222,208.3,73.30443508246313,198.018,-1.4003533769601189,0.9812222222222222,1.36,0.15629004855045991,1.2209999999999999,8.140922747664331e-05,28.858777777777778,105.93,39.14713937136784,92.223,0.852617442482611,train
norm_1_33.csv,norm,scenario_1,norm_scenario_1,0,50.22684052893329,100.0,37.181459403393,99.35684094303161,-0.5774973203039795,39.73230033461697,45.325100296079256,2.499983436264602,44.06317905418763,0.012851099529804086,149.1542913346447,364.3593241463364,127.29138236600483,312.7675380862005,-2.00015079836487,1.0124405689041742,1.764520324432243,0.2153756165926268,1.3894477327284134,-0.0003367831141764571,26.684655482343427,100.97415846693649,37.29091953151073,88.07734464097294,0.9641031054996364,train
norm_1_34.csv,norm,scenario_1,norm_scenario_1,0,32.781111111111116,94.17,30.07548004396865,92.736,-0.17971124007079067,41.87855555555556,44.96,2.0026390235578293,44.693,0.006275424949582251,37.205777777777776,109.35,35.59649007371429,105.5545,-0.7299595834876732,0.9600000000000001,1.5,0.28328728420678967,1.4655,0.0011978433551467253,19.670555555555556,68.26,26.88515694082581,64.7585,0.50029131168457,train
norm_1_35.csv,norm,scenario_1,norm_scenario_1,0,45.99607234750102,100.0,34.57298031893801,94.60433049605655,-0.09184899105591819,39.55383389102828,48.875167160132094,4.166639060441,46.77196509031272,0.021418499216340144,98.69200593238487,233.72117697417087,77.15385621984917,203.4964550104916,-0.4173910132754841,1.0124405689041742,1.764520324432243,0.2153756165926268,1.3894477327284134,-0.0003367831141764571,19.019618661595725,96.17671916789728,33.56950918536702,86.50006012002035,0.6837997805963497,train
norm_1_36.csv,norm,scenario_1,norm_scenario_1,0,29.47319791986821,82.95243000010775,26.418597614821074,78.26230286303758,-0.14342854875971583,35.17174460219898,39.01908287663034,1.9238632571915575,38.06211329484291,-0.0008297421761249698,31.21731595842083,97.86896217289734,28.127099943023197,91.793958090344,-0.3693908299962151,1.4805560999625562,2.328857661944236,0.3128114100256501,1.964073652882013,-0.002303354819623081,17.572411153818617,61.1261406069256,22.633490931671563,59.65079236645801,0.3680418014406635,train
norm_1_37.csv,norm,scenario_1,norm_scenario_1,0,43.86033333333333,96.97,26.587748528180285,87.904,0.24064987447009908,44.68255555555555,50.68,1.8979957264909173,47.582,-0.013013870025105977,115.7821111111111,274.39,85.84114877832786,251.885,-1.6732703625962053,1.4833333333333334,2.3,0.3353683200786257,2.0484999999999998,0.0008190311561098071,14.997777777777777,101.3,31.622273325729466,89.026,0.696107009095773,train
norm_1_38.csv,norm,scenario_1,norm_scenario_1,0,29.60622222222222,67.12,21.043551766783533,61.522999999999996,-0.10622397826892209,45.163666666666664,53.16,2.8929505369067003,50.632999999999996,0.0171681277523974,50.163111111111114,103.64,30.246162339702707,98.655,-0.31587521093139065,1.011111111111111,1.49,0.3054613178932623,1.44,-0.00016874511256533727,9.702,32.94,11.991686745876743,28.883,0.1878108408445486,train
norm_1_39.csv,norm,scenario_1,norm_scenario_1,0,38.54577777777778,98.76,34.21952346931377,91.44,-0.004107009095773056,43.629222222222225,55.31,5.105152107425407,52.308,0.004869490060501302,31.052111111111113,99.9,35.60861338466478,97.34,-0.45120508704778367,1.0112222222222222,1.5,0.2883888907527698,1.4409999999999998,-5.8196485162777584e-05,14.259777777777776,59.53,22.281841651124637,55.125499999999995,0.5476017615343455,train
norm_1_4.csv,norm,scenario_1,norm_scenario_1,0,32.92577777777778,94.86,33.474586569776754,93.5645,-0.1975226571181627,43.35566666666667,59.37,6.932619533445176,56.382,-0.03982755072642715,46.42922222222222,158.8,58.47640680924957,155.2405,-0.4450678684611269,0.9786666666666667,1.48,0.28212755104062376,1.4009999999999998,-0.0015037247396797954,17.332666666666668,74.99,28.63267673618119,71.449,0.47706515207638817,train
norm_1_40.csv,norm,scenario_1,norm_scenario_1,0,39.14042501668076,100.0,30.623621139000896,94.2185806744887,0.0007461706743488755,40.17174460219898,44.01908287663034,1.9238632571915575,43.06211329484291,-0.000829742176124967,49.59703061029107,103.04788554538425,26.323739614569924,98.58536500260858,-0.00969576008488052,0.9870373999750375,1.5525717746294907,0.20854094001710025,1.3093824352546755,-0.0015355698797487201,10.050374797383425,81.13088851110582,21.15854575417055,66.13322930789366,0.4017653741890236,train
norm_1_41.csv,norm,scenario_1,norm_scenario_1,0,40.58711111111111,95.0,29.288187987745047,89.32050000000001,-0.3187950775815945,40.11044444444445,43.69,1.9753468824152545,43.0325,0.0008962423344445775,149.88133333333332,422.05,140.61171397172927,385.69,-1.5542825863275296,0.9385555555555556,2.18,0.4907036019521244,1.7155,-0.0013233732559575257,26.373,153.32,48.049044196552416,137.47899999999998,1.0803276947771332,train
norm_1_42.csv,norm,scenario_1,norm_scenario_1,0,51.25305271527809,98.1347180841696,33.357439117296146,96.10795389618971,0.250736293934208,39.73230033461697,45.325100296079256,2.499983436264602,44.06317905418763,0.012851099529804086,49.850562069972256,95.82532484668498,25.440456852787452,90.94714501290353,-0.4856103607789254,0.9824459226239357,1.4768760631722089,0.2799867237795777,1.4118555244295528,-0.000639814054329086,18.537220632177,91.6893252170224,33.01370031405348,82.7138483400633,0.6738101693294503,train
norm_1_43.csv,norm,scenario_1,norm_scenario_1,0,48.34466666666666,94.42,31.160481930761335,91.602,-0.38775140963905014,45.98722222222223,59.83,8.291521597360802,58.211999999999996,-0.14192311808042146,149.90644444444445,349.19,121.29247758950368,341.0665,-1.783723916532905,0.9810000000000001,1.5,0.2617960866996219,1.41,-0.00038877227641272605,34.232,119.79,47.687507001781334,115.4155,0.9824259785158667,train
norm_1_44.csv,norm,scenario_1,norm_scenario_1,0,29.083555555555556,91.43,29.2712430230569,86.82,-0.35272041815862026,40.28022222222222,47.11,2.5805573728473483,43.86,0.007188541795283366,50.45544444444444,166.55,53.066803672799445,155.58950000000002,-0.7836864633493846,1.0115555555555555,1.47,0.19455458268297438,1.341,0.00011639297032555459,12.748777777777779,62.4,20.74257120723323,59.4935,0.3622571510886118,train
norm_1_45.csv,norm,scenario_1,norm_scenario_1,0,41.69883000977311,93.7337531292014,32.504187233406405,90.62894115972078,0.12998943142347597,40.280225714372904,47.11227064023976,2.580741310062051,43.86250237182523,0.007191199767088713,53.06848345677245,113.51553099825529,24.068142154870838,99.53346761152096,-0.49704244413398246,1.517702941816769,2.2062559295715034,0.29192156026187294,2.009563658580189,0.00016247742288839076,18.523668024120827,70.82016691851659,27.023948747723043,63.141993505014945,0.7050720604833544,train
norm_1_5.csv,norm,scenario_1,norm_scenario_1,0,36.394888888888886,94.75,28.010433579531725,91.9045,0.3572478906860929,39.96044444444445,44.86,2.7365593550333402,44.089999999999996,-0.022478989175618393,52.47566666666667,97.78,29.19647235309719,97.1715,-0.24963172408116224,0.9964444444444445,1.5,0.27011155045256796,1.4055,-0.0018300201670988184,11.525333333333332,79.58,23.954223206737517,66.86399999999999,0.5252141416635797,train
norm_1_6.csv,norm,scenario_1,norm_scenario_1,0,56.73563547725966,100.0,39.5297448221393,100.0,0.17521149810290745,49.8679608381684,65.16498530878205,6.877132072753281,60.01641677145558,0.00759529786037379,80.61652928704046,270.1740514441708,88.26276246931093,244.17462086798486,-0.7164286609447035,0.9918224282339508,1.6902233939966236,0.2152808163983563,1.348127871668821,0.00039091029696148194,40.79469539244005,184.4645954962856,66.9373871435211,158.13727982501678,0.8825158805527527,train
norm_1_7.csv,norm,scenario_1,norm_scenario_1,0,43.4081377674215,94.9191829376907,31.713142444847907,93.0064227882547,0.10974784907963567,42.594321626474446,44.98559808403872,1.3927368507441735,44.8101822759019,-0.00893129590938442,48.804874600022806,99.76026200851548,32.61573984141051,97.90777027254579,0.057977076240536496,1.263121533073763,1.49849695741073,0.13646974874619022,1.4750572043327055,-0.0003841931179078843,28.900034705363062,89.24164488779448,39.36033925442381,88.31091056331567,1.2325371027907603,train
norm_1_8.csv,norm,scenario_1,norm_scenario_1,0,20.09041439438818,62.279610706336896,17.7500499313552,57.94473577522501,-0.08650323684691315,39.54502355439426,47.83409608842262,3.129588422220208,44.43048761931233,-0.004021386614417095,21.494611758486492,85.87072315964376,27.821847495881894,82.34083686324092,-0.24185560222277894,0.49151560212391743,0.7513907285002175,0.10088032894882037,0.6614951020612639,0.00011472507357349221,6.34916565658606,30.14660681288517,10.415439136713667,29.13785741939668,0.18187907145416074,train
norm_1_9.csv,norm,scenario_1,norm_scenario_1,0,30.50309289279197,100.0,29.299853786019906,94.70546402521717,0.11975869604613792,39.865150713737215,43.79371994958485,1.900173659141159,43.000811174514595,-0.0020003204597656634,23.762881907933515,126.7005103978126,31.510447192515205,101.37914262335781,-0.2303545231245446,1.134651011446105,1.4830964556237742,0.19759100331524987,1.431949295406775,-0.0010513641763899772,11.870407935917612,78.88811140867875,21.950690597986142,68.00943955404892,0.327451124645919,train
norm_10_1.csv,norm,scenario_10,norm_scenario_10,0,29.088,87.16,23.756849240644197,83.3475,0.2372526649380582,51.205777777777776,76.74,12.085480096526805,71.896,0.2991645059060789,10.924333333333333,77.25,19.303124335224176,70.06049999999999,0.16280619006461713,1.0045555555555554,1.3,0.17744225907564318,1.2855,-3.0868008396098476e-05,0.9797777777777777,1.29,0.16487637709915676,1.2455,-0.0020774581224019422,train
norm_10_10.csv,norm,scenario_10,norm_scenario_10,0,70.07922222222223,100.0,39.00822662377882,100.0,-0.26068395275136835,51.474888888888884,87.02,22.53420362767637,83.41,-0.039696423426760545,33.276444444444444,84.77,13.325218324506181,73.5945,0.13940815738568543,1.0015555555555555,1.55,0.1924759498247089,1.321,0.0003936288430670454,0.8888888888888888,1.43,0.2002719748744189,1.21,-0.0012855908136807017,train
norm_10_11.csv,norm,scenario_10,norm_scenario_10,0,68.33364251204202,100.0,34.88961008072901,99.25319910453318,0.45319636282433917,58.36371126480497,85.94714113165625,15.074240672106587,81.08581409309357,0.36652725174822026,33.88501856782268,84.55658547712126,23.08538113067722,76.95586560055281,0.08077154924890925,1.1581414627344273,1.494435266352315,0.20394357270877445,1.4770447687385102,0.0003731662297338929,0.9963801761529056,1.2986012178421014,0.1737042885918177,1.273036175404648,0.0006011441023179448,train
norm_10_12.csv,norm,scenario_10,norm_scenario_10,0,68.73877777777777,100.0,35.71439595267809,100.0,0.6846941597728109,56.79011111111111,86.24,14.979074354807162,81.111,0.4674594394369676,14.234777777777776,90.99,17.85580805818478,52.785499999999814,0.22317314894842982,1.0136666666666667,1.46,0.20443097238899516,1.3355000000000001,-0.0006312713503724737,0.7805555555555556,1.26,0.18862221389733125,1.101,0.0008418323249783922,train
norm_10_13.csv,norm,scenario_10,norm_scenario_10,0,70.267,99.99,38.47597372153464,99.67099999999999,0.015234061818331425,55.17888888888889,87.0,15.534100108061969,81.66,0.26606198296085926,41.63655555555555,99.75,34.363288948066945,96.5285,0.011731407169609378,1.3664444444444446,1.99,0.2888306961460377,1.9109999999999998,0.0012936576532082144,0.8283333333333333,1.3,0.2124985128830978,1.2109999999999999,0.0006092110137053961,train
norm_10_14.csv,norm,scenario_10,norm_scenario_10,0,73.51977777777778,100.0,35.72479685124077,100.0,0.39056509034037146,55.669,84.52,16.79166058735404,82.197,0.4380867596822652,39.406333333333336,97.29,24.193779377389507,90.7975,-0.044105774375437314,0.9973333333333334,1.43,0.20276072132530887,1.2955,1.3993497139564685e-05,0.8643333333333334,1.37,0.2087794922986795,1.19,0.00034514549121290715,train
norm_10_15.csv,norm,scenario_10,norm_scenario_10,0,70.51077777777778,100.0,39.135986865385036,100.0,0.006007902210149492,48.36055555555556,81.86,16.07213796571613,76.1075,0.18928764868090714,14.342222222222222,86.84,16.67378665145914,50.221999999999824,0.15909404453224674,0.9893333333333334,1.43,0.20038053685565818,1.2855,-8.494875910606228e-05,3.757333333333333,25.0,6.862302132797546,20.3435,0.1630166687245339,train
norm_10_16.csv,norm,scenario_10,norm_scenario_10,0,57.632777777777775,99.19,41.41475804990395,98.74799999999999,0.17373988558258197,56.87266666666667,87.82,15.68743000700623,82.517,0.42986541548339313,52.734111111111105,197.69,35.118601201138326,122.47449999999974,0.12004667242869489,0.9691111111111111,1.5,0.2911682954575419,1.4665,-0.0005845989216775732,0.9554444444444444,1.5,0.298686868130335,1.4255,-0.0007715355805243442,train
norm_10_17.csv,norm,scenario_10,norm_scenario_10,0,60.711333333333336,99.97,41.57522634205685,99.613,0.017213483146067247,59.19333333333333,86.02,14.89638942756023,82.298,0.3672376013499608,44.678333333333335,94.01,19.181462624809562,87.091,0.007549656336173126,1.0296666666666667,1.5,0.28803655354793994,1.4455,0.00036473638720829743,0.99,1.5,0.28829214271388287,1.43,-0.0022052105198172613,train
norm_10_18.csv,norm,scenario_10,norm_scenario_10,0,64.19311111111111,100.0,39.35194376206447,100.0,0.34572054163065347,54.879333333333335,87.88,15.475451077994975,80.968,0.3059719306910316,42.699888888888886,94.93,24.724306536187854,93.0955,0.04136436597110755,1.0327777777777778,1.3,0.18188790088784978,1.28,0.0003739556323825985,0.9922222222222222,1.28,0.15925936571530083,1.2355,0.00047116928015804456,train
norm_10_19.csv,norm,scenario_10,norm_scenario_10,0,55.88433333333334,99.83,39.76782350882699,98.99549999999999,0.35256690126353035,55.50555555555555,86.23,13.787811757442753,81.55,0.2802406881508005,40.28088888888889,145.75,27.675937613683555,103.99099999999999,0.20193110260525993,1.1327777777777779,3.01,0.3625968379844957,1.4655,0.0019720130057208703,1.2905555555555557,8.73,1.3601894787959565,1.2855,0.010242992962094084,train
norm_10_2.csv,norm,scenario_10,norm_scenario_10,0,59.152434094967866,97.77727468763985,35.83318538904687,93.75558983982067,0.22732155907423357,59.29092154561201,85.71507229908721,15.101247248310582,83.43304183659743,0.4270554032196782,19.173403706550047,83.80657517664187,23.49142608479942,74.52010223340548,0.34720598818727216,1.0104823973200385,1.4940319347801747,0.2924020075146482,1.4399380586668555,-0.00040747735135742634,1.0044512429124237,1.4814401838671891,0.28782715384386254,1.4407472184890375,-0.00035167354690356984,train
norm_10_20.csv,norm,scenario_10,norm_scenario_10,0,75.7851111111111,100.0,36.71476298131356,100.0,0.002277647446186808,53.60811111111111,84.84,16.640519107506563,82.99849999999999,0.2923194633082271,26.820777777777778,94.12,31.18527682095352,87.8435,-0.11212503601267654,0.9805555555555555,1.52,0.24394400311174338,1.4064999999999999,-0.00032423756019261626,1.567,17.48,3.3329642136449955,6.861499999999971,0.041100958966127504,train
norm_10_21.csv,norm,scenario_10,norm_scenario_10,0,60.035212428934905,99.95415589096436,39.71154618304438,99.49798272571691,0.05463677932147014,55.01354032393879,85.85281767046106,14.960663700426055,80.2967989649656,0.2655255741268872,29.01948011766422,94.06946490825844,27.823084041920964,91.36167261820852,0.042800175929255425,0.9952821273517535,1.4946993938363295,0.2917330369624297,1.4661153149157446,0.00183127935292606,1.7401083877334385,26.79563150541657,2.693117882556436,1.9562325729104437,0.010880505059692435,train
norm_10_22.csv,norm,scenario_10,norm_scenario_10,0,70.17155555555556,99.75,39.51911438845056,99.37650000000001,0.7379441083261304,56.83744444444444,89.52,16.814401235291523,86.0705,0.4806258385808947,36.10788888888889,91.51,17.385153196705197,83.8005,0.13031279581841385,1.008888888888889,1.51,0.18514157622193506,1.3255000000000001,0.0011955385438531506,0.9167777777777778,1.49,0.2148468374111382,1.2965,0.0004905132320862659,train
norm_10_23.csv,norm,scenario_10,norm_scenario_10,0,73.25611111111111,99.92,33.92464198992848,99.513,0.15570309091657394,59.51288888888889,86.54,14.324166838091946,83.5335,0.25235247149853873,38.004000000000005,97.92,16.572915958599033,91.28349999999999,0.04827229699139815,1.163,1.46,0.1764789830565503,1.4355,-0.0012965386673251837,0.9980000000000001,1.29,0.17936341866461,1.26,0.00015557476231633542,train
norm_10_24.csv,norm,scenario_10,norm_scenario_10,0,71.63300000000001,94.58,27.833392298710788,93.954,-0.22098687080709556,62.91077777777778,85.37,13.436096211725205,82.7725,0.36923348561550795,18.86122222222222,94.88,19.740919336297317,87.05149999999998,-0.03659077252335678,0.8514444444444444,1.48,0.24128663131623154,1.3855,0.0019094538420381126,0.8128888888888889,1.27,0.17469231020838483,1.1175,0.0008063546939951436,train
norm_10_25.csv,norm,scenario_10,norm_scenario_10,0,59.23277777777778,100.0,41.689213543854706,99.675,0.20632678931555307,46.162111111111116,80.49,15.867328916796549,75.251,0.15264707577067127,18.53311111111111,99.5,23.749953123286417,83.71749999999999,0.068360044449932,1.0204444444444445,5.77,0.5461610889482593,1.3455000000000001,-0.0014592748075894142,0.8614444444444445,10.61,1.0556818565610377,1.0819999999999999,0.004068403506605752,train
norm_10_26.csv,norm,scenario_10,norm_scenario_10,0,58.11922222222222,100.0,40.12102456004602,98.39750000000001,0.19638054080750733,53.76433333333333,86.08,17.107156597574384,82.63999999999999,0.4910407869284273,14.705,84.55,16.306443632275684,67.82299999999998,0.1354008313783595,0.9682222222222222,1.5,0.20968986075361729,1.3219999999999998,-3.786475696588225e-06,1.0533333333333332,16.02,1.608723410420808,1.2029999999999998,0.005650574144956168,train
norm_10_27.csv,norm,scenario_10,norm_scenario_10,0,49.069,94.2,36.76177928015314,91.993,-0.021449973247726076,52.614444444444445,84.96,19.060536271215383,83.2625,0.2528387866814833,24.256555555555558,109.93,32.21394530746211,99.3765,0.2625878915092398,1.2157777777777778,15.85,1.5851402502566672,1.4555,-0.006414289830020167,1.5273333333333334,51.48,5.33277628645233,1.4665,0.02533465036835824,train
norm_10_28.csv,norm,scenario_10,norm_scenario_10,0,74.31466666666667,100.0,34.771911989000365,100.0,0.6632441865250854,58.88933333333333,86.81,15.252829010022651,83.404,0.4928664444170061,46.47311111111111,98.94,18.21231628238259,86.3945,0.08803111495246323,1.007,1.5,0.1895497325864521,1.3619999999999999,0.00021903938757871297,0.8786666666666666,1.3,0.17173405099066094,1.1855,0.0005274725274725273,train
norm_10_29.csv,norm,scenario_10,norm_scenario_10,0,75.55766666666666,99.98,36.41116358783697,99.527,0.09110219368646316,58.71344444444445,86.31,13.976950782307137,82.44,0.40816932131538847,41.937,249.66,62.186656169194514,221.88549999999998,0.03257513273243598,1.0045555555555554,1.48,0.2800849033037602,1.44,0.001833559698728239,0.9975555555555555,1.49,0.2764148937885129,1.4455,-8.725357039963756e-05,train
norm_10_3.csv,norm,scenario_10,norm_scenario_10,0,60.81188888888889,100.0,41.55861183606021,100.0,0.3462841503066228,52.79533333333333,86.45,14.814076907007797,80.91799999999999,0.27806198296085943,44.83011111111111,95.0,18.83483447963257,87.7285,-0.016838539737416138,1.0124444444444445,1.43,0.16300762449329273,1.2765,-0.0007553195867802611,1.0133333333333334,1.44,0.21196247282866004,1.361,-0.0012822982261184506,train
norm_10_30.csv,norm,scenario_10,norm_scenario_10,0,45.62977777777778,100.0,38.755292497661216,100.0,0.37504910071202224,50.20344444444445,87.04,15.503183374522479,81.8015,0.1856529612709387,32.79477777777778,96.79,14.662564288796696,63.44199999999987,0.10331505947236284,0.9715555555555555,1.48,0.23690376897657386,1.3664999999999998,0.0008168909741943449,0.9734444444444444,1.49,0.22470035533547814,1.3255000000000001,-0.0002414289830020166,train
norm_10_4.csv,norm,scenario_10,norm_scenario_10,0,61.461583254880225,97.50748227860358,33.94370749372364,94.52128188257063,0.5829011667841217,50.06508166066969,72.37638989600092,13.167048114286834,71.08078021050194,0.4338993848783035,22.713657691704018,84.7648796014002,20.149261729306833,74.9746067485301,0.3999923273728587,1.063981776393288,1.4965720906368984,0.27217842881948795,1.4480726407213018,5.75053063378155e-05,1.0059399554693331,1.4763634491190007,0.3035955845074875,1.457753359367471,-0.0016182001359941107,train
norm_10_5.csv,norm,scenario_10,norm_scenario_10,0,55.81144444444444,99.91,41.97430293499705,99.605,0.5175821706383501,56.977666666666664,87.5,15.29464891737036,82.8455,0.48022611845083774,16.861666666666665,88.56,18.61562755659456,80.436,0.19239733300407458,1.0010000000000001,1.48,0.27895088367957893,1.42,0.0009271103428406792,0.9312222222222223,1.49,0.2912345970379552,1.45,-0.0004449108943490967,train
norm_10_6.csv,norm,scenario_10,norm_scenario_10,0,71.43433333333334,102.28,40.69475882245743,101.2665,0.416875416718114,52.28733333333333,95.55,17.14008101143783,80.609,0.3830268757459768,15.835888888888888,91.13,18.614568047178025,65.32099999999996,0.2632246779437791,0.968111111111111,1.62,0.20984153702656894,1.31,0.0006105280487302959,0.821,1.23,0.19531047021417183,1.121,0.00032868255340165437,train
norm_10_7.csv,norm,scenario_10,norm_scenario_10,0,53.410666666666664,96.36,35.32541714091676,92.0365,0.14125332345557046,54.45366666666666,75.92,11.80676491001872,73.5925,0.308586821418282,20.844333333333335,119.18,25.93163380068895,97.72049999999997,0.09043116434127682,0.7292222222222222,1.58,0.3661774230050261,1.4029999999999998,0.00035848047084002164,0.6431111111111112,1.59,0.4194100844952105,1.4655,-0.0009280158044202977,train
norm_10_8.csv,norm,scenario_10,norm_scenario_10,0,66.44633333333333,100.0,40.32492491686205,99.0795,0.4219120879120877,56.03166666666667,85.6,17.969760444965257,84.478,0.5578338889574843,37.30233333333334,96.49,24.32196039417321,89.83399999999999,0.10281376301601027,0.9651111111111111,1.62,0.19713820193375234,1.3165,-0.0002158291147055191,0.9069999999999999,1.39,0.19281737298760893,1.2219999999999998,0.0011867308721241305,train
norm_10_9.csv,norm,scenario_10,norm_scenario_10,0,62.15783406174272,100.0,41.72669596423489,99.97718197284382,0.03584430487652358,50.0359798025633,75.77362145127545,11.727800748009996,72.06912590578278,0.1350224989307198,33.75844310197058,92.16183772839456,14.139901728075362,80.09915215520725,0.1039045297673046,0.9863085599816508,1.4339572843101287,0.18648775158928832,1.2829733321520536,-0.0007915439557004387,0.8549476691200948,1.3743404421467236,0.18312139826025733,1.13312030618471,-0.0007083797565454865,train
norm_11_1.csv,norm,scenario_11,norm_scenario_11,0,49.4710424065348,94.92692142973058,28.58221006302822,92.87622382115542,0.37118984253656157,52.953588121471775,93.59897473137497,20.44523801697278,84.55015970044778,0.3204295520323696,52.97998132210595,97.71197766313948,23.403215254623124,87.52935505927611,0.2878431764238426,21.171002266941386,105.5693424790098,35.027518296815195,98.88645495024446,-0.40509560349554063,21.054364802763327,106.4546751906265,34.88149546878535,96.86719662793587,0.8052173780632588,train
norm_11_10.csv,norm,scenario_11,norm_scenario_11,0,56.17955555555555,89.6,30.265724371148995,87.521,0.13197217763509878,44.77733333333333,65.39,13.669058128209114,62.455,0.05635131909289212,127.92744444444443,295.02,81.27597039136892,252.69949999999997,0.6736012676462112,24.876222222222225,94.99,35.10557619453158,90.1645,-0.516171379182615,18.581999999999997,112.13,34.15003134550358,96.4465,0.6036598757048197,train
norm_11_11.csv,norm,scenario_11,norm_scenario_11,0,49.521336998779944,84.7564267856263,30.63832381987216,84.12757615975353,0.01636782001007512,60.09052657665873,89.54953289942216,21.953629181899853,87.24895482407602,0.025484069164064135,60.09292231382538,99.99064239584824,35.6013433480046,98.63604735369101,0.033702040383041205,33.91531736210218,69.37149770349791,29.67611263915837,67.9532468390466,0.001873190662728493,28.339680487703795,59.69120658596009,24.679757563918557,57.6082221921941,-0.004815489609481904,train
norm_11_12.csv,norm,scenario_11,norm_scenario_11,0,47.464444444444446,94.62,28.233192478943263,89.1955,0.8538695312178457,58.839333333333336,95.92,18.49857351317857,86.06750000000001,0.5305219574433058,51.83266666666666,86.18,18.820510793197247,80.012,-0.029476560892291236,45.479,136.68,49.167228444578285,120.371,-0.7861379594188581,12.958555555555556,154.3,30.990006999760322,96.83499999999998,0.5641546693007367,train
norm_11_13.csv,norm,scenario_11,norm_scenario_11,0,43.207998540188,79.22127506373232,25.828996751080307,73.65723164253036,0.01182186821524691,54.868790476798544,89.64545132661871,18.74001955471337,79.01748419049065,0.0045368386518563324,100.65965863946928,207.7035216790062,55.454378436945355,169.42562771546383,-0.00781461925112965,26.928051351168268,66.67781958898212,23.957308607334372,62.11665128494685,0.029339540722973886,16.981572972050138,43.16079743220023,15.168683200088887,38.012825270212225,0.006875055483735357,train
norm_11_14.csv,norm,scenario_11,norm_scenario_11,0,61.809333333333335,150.05,37.43409522005067,111.3745,0.025929291682100668,62.504333333333335,112.68,25.556128799438373,96.9695,-0.018074247849528765,87.48944444444444,203.1,52.750701797581115,162.87699999999998,-0.05041354899781878,28.648333333333333,150.18,40.544889957741816,100.68249999999999,-0.6119778573486438,32.592666666666666,147.79,45.61078228034155,114.092,0.7178947195126968,train
norm_11_15.csv,norm,scenario_11,norm_scenario_11,0,52.87811111111111,95.88,29.8300456291087,92.6155,0.3206302835741034,69.21722222222222,95.0,22.68060256357162,95.0,0.21083648187018977,64.00144444444445,98.0,30.079965917127147,98.0,0.21835098983413567,18.687555555555555,95.0,32.676989612529006,83.6175,-0.4839927563073631,13.297888888888888,87.5,27.803603981670033,75.637,0.5189359180145697,train
norm_11_16.csv,norm,scenario_11,norm_scenario_11,0,56.32433333333333,94.8,27.327022229518242,93.30199999999999,0.4484019426266619,55.467333333333336,83.28,18.368471632456515,79.35549999999999,0.31781569741120325,43.34377777777778,83.99,20.914766439789886,74.26699999999997,0.17188953368728646,24.025555555555556,93.38,34.21297326418051,87.37049999999999,-0.5974433057579127,15.542777777777777,100.58,29.097187092425884,92.5645,0.5872768654566406,train
norm_11_17.csv,norm,scenario_11,norm_scenario_11,0,46.877111111111105,126.52,29.8616305704259,90.131,0.3200372062394534,50.34444444444444,87.4,20.99000265568451,82.55,0.14468205951352012,50.303999999999995,102.84,26.90561926187852,89.52099999999999,0.2963386426307773,12.038777777777778,71.07,22.82185857520081,61.38399999999999,-0.2661274231386591,14.761777777777777,87.44,29.33868890163492,80.10549999999999,0.5613386014734326,train
norm_11_18.csv,norm,scenario_11,norm_scenario_11,0,51.944632044600624,94.69553348203289,30.34674889290393,93.13213224244782,0.3182810313590767,52.319587923056005,84.98830299481028,22.483808630620672,82.99456664278169,0.27435798319679827,37.28223707952055,77.56652516953109,19.193195707507694,66.40606528484639,0.14117077128341685,16.561872535393277,79.41000798517494,26.98421213374821,74.09265564751254,-0.5185297540716312,14.466161712740925,88.25425464298903,26.75863644201661,81.11718182706417,0.5682755126473148,train
norm_11_19.csv,norm,scenario_11,norm_scenario_11,0,44.62144444444444,93.92,28.401915054957364,86.3735,0.008419887228876011,56.854222222222226,88.34,19.05061377865082,82.983,-0.01680388525332341,60.494666666666674,98.0,26.409063017044026,94.294,0.004622792937400015,17.211111111111112,96.66,28.712557228010624,85.04050000000001,-0.3207933489731242,18.477444444444444,103.14,32.132879222124195,92.083,0.3601811746306128,train
norm_11_2.csv,norm,scenario_11,norm_scenario_11,0,52.49133333333334,93.88,26.434296551209815,89.4265,-0.02848104704284485,52.849555555555554,84.84,17.94670618028829,80.7325,0.05957031732312632,74.63477777777778,178.25,49.83254081528821,155.934,0.49620767996048876,16.142888888888887,76.75,24.15102804448484,66.6805,-0.4328769806972054,20.284222222222223,89.96,30.216533720174155,82.83,0.6335238095238095,train
norm_11_20.csv,norm,scenario_11,norm_scenario_11,0,64.75866666666667,100.0,24.71026321823802,92.58399999999999,0.144759435321233,68.99855555555555,95.73,18.726918470966524,92.577,0.10709923035765728,70.57688888888889,100.0,22.742538059839454,98.362,0.0516923076923076,25.572666666666667,118.51,38.12057431450129,105.80799999999999,-0.9380265876445654,28.830555555555556,137.56,44.72048725793097,121.96249999999999,1.0979198254928595,train
norm_11_21.csv,norm,scenario_11,norm_scenario_11,0,56.086333333333336,99.8,29.839782601928196,96.2205,0.07757410379882282,61.290333333333336,88.53,17.850910683973265,85.69399999999999,0.059842531999835295,52.54177777777778,94.16,28.668786243389576,89.3945,0.03935745153722677,21.289444444444445,117.44,39.55859052036047,106.092,-0.6964439231180806,24.028444444444442,129.98,45.20038708969954,121.73499999999999,0.7875959995061117,train
norm_11_22.csv,norm,scenario_11,norm_scenario_11,0,51.32755555555555,84.76,23.484985799495323,83.077,0.07849446433716104,67.39288888888889,98.99,18.802224602092057,95.6335,0.0863020125941474,56.36377777777778,89.0,17.732412370836308,81.6365,0.0843473679878174,14.024666666666667,59.26,19.740103263507322,52.9835,-0.39189776515619207,17.169777777777778,70.01,24.049089215288255,66.5955,0.4564594805943121,train
norm_11_23.csv,norm,scenario_11,norm_scenario_11,0,48.09057653827215,100.0,30.802798954644675,91.95303156643035,0.024855870649601562,60.47538722246207,94.4353160554496,23.52053590392115,91.44093675537924,0.0064786297433944255,109.5831539652219,318.7193755710785,116.8327787910515,287.19373085168877,0.9929992348731315,16.167275301001354,100.29242499445282,32.024446868934696,88.3047063971832,-0.3653117875866739,16.712400396562852,113.09865597271506,33.7350575713704,92.51145791988273,0.38397756785910425,train
norm_11_24.csv,norm,scenario_11,norm_scenario_11,0,54.53388888888889,103.21,28.502041980640037,94.25949999999999,0.41062345145491197,58.876666666666665,101.74,17.411272985232642,87.435,0.2907715355805243,153.78411111111112,298.23,68.14920675829813,225.5095,0.8121418282092439,24.044444444444444,107.8,35.0555237632688,86.603,-0.6467847059307732,15.291,105.82,31.199653665968867,95.2755,0.6213134954932708,train
norm_11_25.csv,norm,scenario_11,norm_scenario_11,0,54.18533333333334,100.0,30.010873692301608,94.2605,0.3012663291764417,55.69777777777778,93.94,19.7735531454265,88.5075,0.21574301354076653,56.687222222222225,93.64,21.673246752194814,87.8535,0.10599226241922895,20.920777777777776,102.37,33.403284983708886,90.21149999999999,-0.6468697370045684,17.890777777777778,103.2,32.47183970066322,93.462,0.7149653866732519,train
norm_11_26.csv,norm,scenario_11,norm_scenario_11,0,34.04844444444445,94.16,30.623143664394377,81.5805,-0.3402423344445816,46.777,102.55,21.5146467721489,81.07449999999999,-0.2097975058649216,34.904777777777774,83.86,22.811020411135786,69.4395,-0.3485196526320122,3.227,29.2,7.099531310689505,22.018,-0.13639157097584062,6.018333333333333,37.77,11.334980385385702,30.4565,0.15419936617689428,train
norm_11_27.csv,norm,scenario_11,norm_scenario_11,0,54.25955555555555,94.99,30.879548917904923,93.8,0.2826291311684575,59.11011111111111,89.77,23.336923605272016,87.18549999999999,0.2336085113388485,58.02411111111111,89.37,28.03513653723971,87.712,0.08777585710169988,26.905555555555555,99.01,32.77323051595517,91.58500000000001,-0.4737454006667492,23.342222222222226,96.97,30.89646173617994,92.61449999999999,0.5859296209408567,train
norm_11_28.csv,norm,scenario_11,norm_scenario_11,0,52.66106124677565,84.79782451200167,21.7788486669613,82.22935532749172,0.2670551548014845,54.331240758010985,83.27880244592802,17.988898078352435,80.08821911148942,0.2675868055837954,38.869501314701424,79.32475906159345,19.48179372734494,72.34553565151042,0.18081821266725956,17.900437852057244,60.86357728247872,21.44084299384219,58.08866426025841,-0.4319068851496403,14.432662329825416,70.90909577826594,21.13504890874996,65.13652127147867,0.4535191304376093,train
norm_11_29.csv,norm,scenario_11,norm_scenario_11,0,60.84244444444444,100.0,30.854268923626847,92.08649999999999,0.38032892949746855,62.79944444444444,100.0,20.703263725832535,89.4155,0.3003403712392476,79.61644444444444,100.0,29.730893262434485,100.0,0.29347870107420676,11.305111111111112,69.76,20.038432525459754,62.1485,-0.3168450425978515,17.633666666666667,91.18,30.556091043974202,84.2935,0.716212124953698,train
norm_11_3.csv,norm,scenario_11,norm_scenario_11,0,42.05877777777778,89.92,25.541917687666785,84.8965,0.23307066716055466,47.92777777777778,79.93,15.89718572915867,76.442,0.1478105115857925,41.95522222222222,87.6,29.106707332637527,86.254,0.13598131456558432,13.18588888888889,58.17,20.29018226611111,55.543,-0.21935835699880646,12.367222222222221,68.15,21.882449487386918,63.0145,0.4130876239865004,train
norm_11_30.csv,norm,scenario_11,norm_scenario_11,0,57.65388888888889,94.76,28.370734790833055,90.3395,0.3636474461867719,54.910888888888884,79.12,16.30348226706367,77.3615,0.261695682594559,55.844222222222214,99.04,22.848416313608038,89.17849999999999,-0.023207474173766247,23.799666666666663,118.47,38.346929456790214,110.17799999999997,-0.6410920689797093,26.331555555555557,121.24,40.45566220314076,116.17999999999999,0.9058988352471498,train
norm_11_4.csv,norm,scenario_11,norm_scenario_11,0,40.715131998825136,100.0,26.304220289236465,93.7797135001242,0.3827538880075542,41.55423580243031,97.39684423029288,22.903154408870964,87.35008662107312,0.18484604362714033,59.538860007149296,111.64256843228232,33.01902712975309,106.96064762390343,0.5881028456984808,15.053161959048166,125.12030327733196,31.144035990764376,89.30416071955445,-0.24993414563080332,15.58517751387963,106.21981895353063,33.11318496205972,94.29999751278913,0.6823642268516851,train
norm_11_5.csv,norm,scenario_11,norm_scenario_11,0,48.17377777777778,88.96,27.473076363849074,86.34949999999999,0.31277178252459137,56.818888888888885,87.66,22.39232023469506,87.122,0.24263505782606934,129.94733333333335,225.45,58.91380259862043,207.43449999999999,0.42405548010042365,20.462555555555557,100.98,35.87905919755106,93.82549999999999,-0.5867014857801376,23.252888888888886,119.46,41.42097705118936,112.20949999999999,0.9972470675392021,train
norm_11_6.csv,norm,scenario_11,norm_scenario_11,0,47.83333618178442,101.99120839256813,29.00607000631132,96.7535060093985,0.41683018640823655,50.88284787275538,90.92053048624926,18.82193101795214,80.2615836413138,0.33422693594447356,47.1042309979606,79.72417252229403,19.74018876350949,70.05877702537923,0.02979002866137123,22.667968693196936,97.68640208456216,29.336044182762215,81.72175145252064,-0.5594099571153368,16.656044679194128,99.19786628233835,27.413784382167844,83.35775514647442,0.6351976999989966,train
norm_11_7.csv,norm,scenario_11,norm_scenario_11,0,53.81333333333333,96.21,28.912555338118686,90.6175,0.519462978968597,59.45166666666666,88.31,16.45916651472821,81.838,0.29710211137177417,61.47655555555556,99.54,23.751435304287032,92.73949999999999,0.09751006297073705,43.39666666666666,177.75,67.00762302768413,165.8495,-1.0371902704037534,19.881555555555554,197.68,50.94256799090633,163.643,0.9392458328188662,train
norm_11_8.csv,norm,scenario_11,norm_scenario_11,0,40.790487417825275,83.07080072655111,23.637677898962313,78.30556891209878,0.19442075228436123,46.35712381015192,74.28496685592681,15.752898326630195,69.04700900887794,0.13616498061598162,48.75900754782025,89.44849268413454,26.161241409822917,84.03708856297757,0.14565260307057265,3.0441776118721053,9.85402900580078,2.939143451135903,9.527688894145273,-0.0419861868542622,3.005187718982083,14.864845010401822,3.788464131856084,11.944837688454372,0.06786886142701384,train
norm_11_9.csv,norm,scenario_11,norm_scenario_11,0,45.15071322702114,94.65464836734112,31.140005293836154,92.437616612823,0.12871302016208339,53.71730536378901,89.81924843179858,23.8541815848565,87.11271694723177,0.1355246802964485,46.43510413712697,88.96457897355934,24.363686326636795,79.05350048927205,-0.013717035816409786,17.84694283548352,78.64700317495847,26.489728026791838,72.89353319126147,-0.41428315511791136,11.67053547605252,84.09387252991186,22.880400207515116,80.03180339129162,0.31462628918197777,train
norm_12_1.csv,norm,scenario_12,norm_scenario_12,0,54.58111111111111,98.76,36.874602460456835,90.584,-0.0772883895131087,40.91488888888889,55.65,6.250474722545367,50.085,-0.008196073589332,60.867333333333335,98.6,26.612445926713452,91.8595,-0.07210421039634524,1.239,2.28,0.3200703925385403,1.8039999999999998,-0.0020381940157221056,0.6931111111111111,1.48,0.29591087499882757,1.2209999999999999,-0.0007032967032967026,train
norm_12_10.csv,norm,scenario_12,norm_scenario_12,0,75.37566978043414,97.8347989805074,33.131657904403134,97.5673076981476,0.3078770346741875,50.87501015609979,59.97565170218825,8.997770615760903,59.06688262200299,0.06661272698224899,68.06489566858885,94.42711454700842,29.924665245853756,92.75637405031651,0.2663709814705081,1.8724755154721477,29.7995825159806,4.544437738213105,1.487428727298732,-0.04499370604389889,0.9765931428398027,1.4952499172199756,0.283529984311095,1.3879825237791417,4.988185927507768e-05,train
norm_12_11.csv,norm,scenario_12,norm_scenario_12,0,63.99922222222222,97.93,40.20841779013466,97.18799999999999,-0.4970861423220974,39.54666666666667,49.82,8.340592358992046,49.016999999999996,-0.13328559081368066,141.86955555555556,249.61,96.35031082101327,245.18349999999998,-1.0587262625015432,5.539555555555555,90.36,19.758068351151863,45.353999999999765,-0.2711972671523233,0.753,1.0,0.13845414606214493,0.96,0.0015377207062600322,train
norm_12_12.csv,norm,scenario_12,norm_scenario_12,0,39.14255555555555,79.2,27.561879983542777,76.1675,-0.170235420010701,40.090444444444444,44.88,3.012253220293912,44.5165,0.00719413919413921,52.97877777777778,93.62,27.34891337026632,91.9685,-0.13270650697616995,2.469222222222222,30.94,6.214476073766052,12.425999999999945,-0.05381314565584229,0.9752222222222222,1.49,0.2855714860729754,1.42,7.416553483969218e-05,train
norm_12_13.csv,norm,scenario_12,norm_scenario_12,0,59.785930714689655,97.9490365226348,40.276686925054236,97.30031008873088,0.4739916529523611,39.14149171812115,49.87949895453239,7.869995251552592,48.947152970263275,0.10411748058679236,131.11072253200152,246.38265175976184,95.68661729369137,241.5353477651994,1.1349543051225004,1.0156695182372046,1.4940082431782482,0.27796481017503066,1.4661088269447597,0.00028783309206442583,1.0146217841950522,1.4806921443431176,0.301165885838572,1.4561951920187728,0.0013553807980728856,train
norm_12_14.csv,norm,scenario_12,norm_scenario_12,0,73.07422222222223,100.0,36.45525568921156,99.57549999999999,-0.2102392888010866,50.45011111111111,61.65,7.722015731258761,60.074999999999996,-0.01910104128081655,112.20500000000001,208.94,64.96111841847996,176.1395,-0.36634407540025493,4.178222222222223,53.85,11.015366241446925,25.565499999999883,-0.14460468370580734,1.0045555555555554,1.4,0.19455025121980152,1.3055,-9.095773140716906e-05,train
norm_12_15.csv,norm,scenario_12,norm_scenario_12,0,25.831780895511272,61.905164198581055,20.174595971596688,55.49142863483313,-0.06380267204750847,35.08715421627824,37.77970827499421,1.0827597816740135,37.05076190564387,0.0030827064355381695,36.18867334235548,86.00975313815277,26.255073264704574,79.21397569415315,-0.10838287752619905,2.4079785343046405,26.217982472041072,4.224702374274027,2.1487475786018613,-0.023113519964267304,1.6708386129512622,17.015608863047017,3.1268212626430536,1.3955771225574862,0.012709972637227849,train
norm_12_16.csv,norm,scenario_12,norm_scenario_12,0,43.147555555555556,71.53,24.704455328111905,69.277,-0.2657970942914762,40.13833333333333,44.84,3.0037127774536305,44.4385,0.01540708729472774,74.40733333333333,129.85,47.14948934631187,125.845,-0.492901345845166,4.436555555555556,72.03,14.30004432782562,30.00749999999985,-0.18917125571058166,1.0145555555555557,1.48,0.3013570845102523,1.46,0.0013602502366547307,train
norm_12_17.csv,norm,scenario_12,norm_scenario_12,0,64.91,97.99,38.20279088575434,97.5655,-0.0830188089064496,49.57866666666666,59.9,7.612592494963986,58.918499999999995,-0.020100753179404872,59.82522222222223,94.67,36.63733842412675,92.25150000000001,-0.08326435362390405,2.9334444444444445,90.82,12.767661586387668,1.4755,-0.08982862081738484,1.0588888888888888,1.49,0.2987556381657595,1.4655,0.0017621928633164584,train
norm_12_18.csv,norm,scenario_12,norm_scenario_12,0,9.486666666666666,14.95,2.9621431658229254,14.561,-0.009501913816520558,40.13833333333333,44.84,3.0037127774536305,44.4385,0.01540708729472774,25.838,39.99,8.494030448404747,38.137,0.028087253570399647,1.0155555555555555,1.49,0.2775256283786981,1.4655,0.0002997900975429066,1.0145555555555557,1.48,0.3013570845102523,1.46,0.0013602502366547307,train
norm_12_19.csv,norm,scenario_12,norm_scenario_12,0,60.20155555555556,97.89,36.74276780969424,96.0445,-0.01614981273408251,50.400111111111116,65.0,11.537205130997137,63.7,0.013317281968967344,80.65488888888889,147.96,50.78779438975746,143.783,0.04732255010906699,6.258444444444445,108.16,21.882162501802824,46.33149999999977,-0.21253883195456227,1.0145555555555557,1.48,0.3013570845102523,1.46,0.0013602502366547307,train
norm_12_2.csv,norm,scenario_12,norm_scenario_12,0,49.89188888888889,92.53,34.991281157827984,90.518,-0.3507349055438945,47.14011111111111,62.08,8.05607377738168,58.275499999999994,-0.07815787957360992,79.3411111111111,215.92,76.84595151288129,180.79649999999998,-0.6872361196855576,3.155777777777778,50.99,8.692708035116,2.0,-0.0688896571593201,1.0323333333333333,1.44,0.21508320835633346,1.371,0.00017244927357286898,train
norm_12_20.csv,norm,scenario_12,norm_scenario_12,0,67.41188888888888,97.72,37.65800865012824,95.981,0.4845143844919124,52.07944444444444,64.66,7.854016987119234,63.369499999999995,0.07488949252994195,78.15133333333333,116.5,40.82593913270601,113.2035,0.5076666255093222,6.842666666666667,97.54,22.137788771360906,81.08149999999999,-0.25242721323620204,0.9896666666666666,1.48,0.2791739419925156,1.38,0.0005306828003457215,train
norm_12_21.csv,norm,scenario_12,norm_scenario_12,0,57.35711111111112,91.95,33.57224590240181,87.71849999999999,0.004101082438160908,45.041666666666664,58.1,7.737457011915218,54.422,0.0005835288307198303,65.23422222222221,98.0,35.30672778545691,98.0,-0.040357904268016595,4.264111111111111,58.84,11.663509974760416,24.796999999999887,-0.1334476684364324,1.0132222222222222,2.0,0.28177538180749395,1.4109999999999998,0.00067144091863193,train
norm_12_22.csv,norm,scenario_12,norm_scenario_12,0,71.40755555555556,97.8,35.60158474919596,96.7175,-0.26453570399637827,43.092666666666666,54.7,11.584102997090067,53.9065,-0.0768914680824793,156.5251111111111,249.98,85.90496617793677,245.8375,-0.5914233032884713,1.9514444444444443,69.31,8.937890000745043,1.3884999999999998,-0.07352718442606085,0.6414444444444444,1.57,0.30090336315427424,1.3234999999999995,0.001290776639091246,train
norm_12_23.csv,norm,scenario_12,norm_scenario_12,0,14.802111111111111,18.7,1.8702691595298893,18.0095,0.004634563937934721,40.163666666666664,48.16,2.8929505369067003,45.632999999999996,0.017168127752397403,24.916444444444444,40.0,5.185198968176201,33.528499999999994,-0.013750833436226696,1.011111111111111,1.49,0.3054613178932623,1.44,-0.00016874511256533727,1.0495555555555556,1.49,0.31688055067446996,1.4809999999999999,0.0011662345145491213,train
norm_12_24.csv,norm,scenario_12,norm_scenario_12,0,59.85155555555556,97.77,40.45181169568515,97.434,-0.1921300572087089,40.733111111111114,54.66,8.787873749872341,52.91949999999999,-0.030354693995143386,55.28088888888889,94.99,35.3110564740473,92.667,-0.17767082355846384,0.5896666666666667,1.47,0.3909264421167586,1.2965,0.0032516771617895216,0.5535555555555556,1.48,0.3772589225342594,1.333,0.0012990904226859274,train
norm_12_25.csv,norm,scenario_12,norm_scenario_12,0,56.877,94.9,33.98800007834887,90.1155,0.47076305716755135,51.84122222222222,63.5,8.37147105966875,61.232,0.16420619829608593,78.16733333333333,121.87,38.126977879805665,119.5965,0.524969667037082,5.414222222222222,85.94,17.47879896998671,37.876999999999825,-0.1370044038358645,0.9045555555555556,1.3,0.19455025121980155,1.2055,-9.09577314071694e-05,train
norm_12_26.csv,norm,scenario_12,norm_scenario_12,0,61.245333333333335,87.71,28.53926513388217,86.479,-0.1399099477301724,41.88155555555556,48.76,3.178427252628206,45.9655,-0.006837881219903691,93.93488888888888,154.14,48.49803022165719,139.322,-0.22289550150224305,4.5456666666666665,89.98,16.567029261135684,1.4855,-0.19238547968885036,0.9715555555555555,1.49,0.2924284647418252,1.4,0.00026604107502983885,train
norm_12_27.csv,norm,scenario_12,norm_scenario_12,0,51.937777777777775,94.61,38.257667595368424,93.3215,-0.005287072478083863,48.92411111111111,59.88,8.104000939256528,59.375,0.0016588879285508837,70.01566666666666,148.75,56.17176367019487,142.9265,0.052039757994814397,3.3014444444444444,118.3,15.703111518845029,1.4509999999999998,-0.08989430793925175,0.9975555555555555,1.49,0.27224126407961274,1.4164999999999999,0.000313454335926246,train
norm_12_28.csv,norm,scenario_12,norm_scenario_12,0,56.986111111111114,99.0,38.07240372180426,98.6565,0.011887805078816456,40.26188888888889,48.34,3.2480102446441506,46.152,0.009245009671975968,52.05977777777778,95.0,37.78789940606776,95.0,-0.0053496316417663775,1.5214444444444446,2.22,0.22452727424279964,1.8755,0.0016712351319092896,1.0055555555555555,1.4,0.19166984201896642,1.3055,-0.00012429518047495544,train
norm_12_29.csv,norm,scenario_12,norm_scenario_12,0,74.64586271996171,97.929536137067,33.5640458526939,97.48123594690422,0.044791271456051975,44.81316652422882,57.36755408508571,10.88897860165196,55.3716723074948,0.0042584537561681365,156.58673574535985,247.44545755596664,83.08492121823984,243.27315869946665,0.1679880096228075,5.1989081826563215,72.75585719634114,15.75509738665858,56.87878165885317,-0.23920483383737381,0.9753115241775789,1.4954547889132963,0.2994641558026545,1.4321620036529292,0.0021735908780534793,train
norm_12_3.csv,norm,scenario_12,norm_scenario_12,0,68.49655555555555,97.73,37.052103403911936,96.914,0.12485286249331157,48.06944444444444,59.77,11.129309150158432,59.147,0.058465077993167885,64.22933333333334,94.82,30.313502713173435,94.271,0.11537111577561035,1.6344444444444444,61.07,6.341083115773563,1.4355,-0.03160949911511709,0.9682222222222222,1.49,0.2794198555586191,1.4409999999999998,0.0012245133144009545,train
norm_12_30.csv,norm,scenario_12,norm_scenario_12,0,59.43022222222223,95.0,35.26084265398607,92.24399999999999,-0.21587323537885336,46.59811111111111,56.29,5.348950310642065,53.9265,-0.025921965674774675,42.52166666666666,73.26,27.023836970473706,70.5445,-0.19852006420545742,4.839333333333333,59.75,12.674490243057047,46.98699999999998,-0.1980753179404866,1.0087777777777778,1.7,0.19049803312428118,1.271,0.0004449108943490967,train
norm_12_4.csv,norm,scenario_12,norm_scenario_12,0,71.31666666666666,96.65,27.105360803163325,93.664,-0.2456652261596081,46.233666666666664,56.99,9.835113138619107,54.918,-0.09440186031197267,57.21266666666667,79.71,23.232437165076192,76.902,-0.19138938963658061,1.0897777777777777,27.69,3.9532737046364876,0.69,-0.036547886570358484,1.421,2.19,0.5803022265658674,2.0319999999999996,-0.004709634934354035,train
norm_12_5.csv,norm,scenario_12,norm_scenario_12,0,43.154444444444444,89.92,37.468598601343025,89.00099999999999,-0.6442176400378647,40.784111111111116,59.66,12.148150540742778,58.632,-0.21665876445651724,40.342777777777776,94.75,40.07613470753049,91.461,-0.6791886241099724,2.079111111111111,50.86,7.255361077819493,1.47,-0.05297987405852574,0.9855555555555556,1.49,0.28428546782412223,1.4209999999999998,0.0011435156603695929,train
norm_12_6.csv,norm,scenario_12,norm_scenario_12,0,38.84177777777778,100.0,36.83102885735932,100.0,0.3798292793348975,47.355888888888884,53.45,2.65835840806274,51.6055,0.06557723175700704,108.7691111111111,334.52,104.34269246627245,303.264,1.108434456928839,1.4965555555555556,2.35,0.2972690723457175,1.97,0.00047372103551878873,1.0173333333333334,1.76,0.2294879497950243,1.43,0.0003585627855290775,train
norm_12_7.csv,norm,scenario_12,norm_scenario_12,0,60.22244444444444,99.0,35.70532086087138,92.006,-0.008649462896653972,45.02,55.5,7.31222464189136,53.6395,-0.016361855373091358,94.953,172.72,58.84156144954197,156.304,0.03788953368728651,4.221111111111111,95.59,14.791950319588642,1.8649999999999998,-0.15422052105198175,0.9948888888888889,1.68,0.2004334877739333,1.3155000000000001,0.0008060254352389187,train
norm_12_8.csv,norm,scenario_12,norm_scenario_12,0,63.91157949629228,99.62646074804434,33.711284603210544,93.73470693059745,0.19882899982233287,50.420316618444225,62.25180571804458,7.584225716330943,59.82064647149838,0.0721542127374634,67.41588555896121,98.0,25.982748600179427,94.60553404290059,0.172278967093314,2.8758697664406414,57.07612703766322,8.971483172903838,1.7451843313475004,-0.07670085956078557,0.996394488129797,2.021474747181076,0.2899379460374341,1.4685085396256745,0.0013979612304877767,train
norm_12_9.csv,norm,scenario_12,norm_scenario_12,0,47.862193927870145,69.97767999692957,24.21808191104665,69.5717155679469,-0.11906952266454297,46.53343570949338,51.89123788365383,5.121035200513646,51.5542544126446,-0.03181418422883555,58.84713154494957,84.67315339640399,21.683401577918396,81.37052451050089,-0.11997056643667708,2.1283830192047506,53.39016930251534,7.205757620796633,1.4663753765764194,-0.05082205626536159,1.0242596205861574,1.499563281437842,0.3070241539684752,1.470012081713893,0.00088151928095653,train
norm_13_1.csv,norm,scenario_13,norm_scenario_13,0,29.87966666666667,76.06,21.790046715018683,67.8305,0.011423220973782728,40.10911111111111,45.44,1.9280394912061427,43.752,0.011430711610486876,56.08955555555556,126.36,37.95550827994553,118.725,-0.014608223237436553,1.0124444444444445,1.43,0.16300762449329273,1.2765,-0.0007553195867802611,0.8133333333333334,1.24,0.21196247282866,1.1609999999999998,-0.0012822982261184506,train
norm_13_10.csv,norm,scenario_13,norm_scenario_13,0,32.726194966728045,64.55079032879904,18.295912842836096,63.70280454332417,0.011351566547458128,43.05,43.05,0.0,43.05,0.0,49.20459725055388,153.66564692830246,54.10573519153848,140.9728808193909,0.019374263800369076,1.0193991929985435,1.0193991929985435,0.0,1.0193991929985435,0.0,1.09,1.09,0.0,1.09,0.0,train
norm_13_11.csv,norm,scenario_13,norm_scenario_13,0,22.629522008864043,78.12708770189472,18.668518671900046,69.63682192514658,-0.0332564875767551,39.71843233989859,44.856504541106005,2.886429830564218,44.33565437359362,-0.005000801149414107,47.22459669159709,158.79515306830555,39.36200766791452,152.53798864694573,-0.057394827815280186,0.9780728734944356,1.4758520794625345,0.2822728618789284,1.402784707723964,-0.001501948823414253,1.0171819910267985,1.4905051420006732,0.3141525221409845,1.450361815988518,4.211839309798886e-05,train
norm_13_12.csv,norm,scenario_13,norm_scenario_13,0,25.61911111111111,66.65,19.41761719748242,64.87049999999999,-0.009910194674239613,44.599,50.55,2.7564449706831615,48.4515,0.001601103016833356,34.04988888888889,97.69,27.4896817208041,91.692,0.017746964645841048,0.9978888888888889,1.5,0.2695501639517068,1.4355,0.00043009425031896906,0.9833333333333333,1.48,0.2604835606967519,1.37,-0.000725027781207557,train
norm_13_13.csv,norm,scenario_13,norm_scenario_13,0,43.583777777777776,95.39,32.75236927969042,86.2765,0.22051479606535782,40.10911111111111,45.44,1.9280394912061427,43.752,0.011430711610486876,55.51133333333334,104.55,34.95133220524431,98.771,0.20572613902950995,1.0124444444444445,1.43,0.16300762449329273,1.2765,-0.0007553195867802611,0.8133333333333334,1.24,0.21196247282866,1.1609999999999998,-0.0012822982261184506,train
norm_13_14.csv,norm,scenario_13,norm_scenario_13,0,35.041444444444444,90.09,28.689121594955413,81.79050000000001,-0.014196238218710109,40.11255555555556,47.61,2.6966952563958113,44.688,-0.008032349672799113,49.977777777777774,109.21,30.508523980285908,102.24549999999999,0.006277153558052376,1.210888888888889,1.65,0.17801429335646335,1.4555,0.0005455817590649049,0.9948888888888889,1.68,0.2004334877739333,1.3155000000000001,0.0008060254352389187,train
norm_13_15.csv,norm,scenario_13,norm_scenario_13,0,26.54022222222222,92.38,25.3284921049322,82.834,0.04095501502243078,45.11255555555556,52.61,2.6966952563958113,49.688,-0.008032349672799113,24.937555555555555,110.09,33.18043576496636,97.969,0.07205037658970252,1.010888888888889,1.45,0.1780142933564634,1.2555,0.0005455817590649047,0.794888888888889,1.48,0.20043348777393333,1.1155000000000002,0.0008060254352389182,train
norm_13_16.csv,norm,scenario_13,norm_scenario_13,0,36.99122222222222,93.69,31.881714276854083,91.804,0.0015745976869573001,46.473555555555556,54.97,3.685247330931444,53.309999999999995,0.0077688603531300094,50.492555555555555,99.73,29.82544285857902,96.11099999999999,0.02539120055973999,1.3872222222222221,1.99,0.33752578853709897,1.96,0.0010137053957278667,1.2142222222222223,1.8,0.2914627109257285,1.6729999999999998,0.0002643947812487139,train
norm_13_17.csv,norm,scenario_13,norm_scenario_13,0,30.246888888888886,72.08,21.493234087976372,65.7585,0.003905831995719583,45.467555555555556,53.13,2.8089829064608103,49.799,0.0016094168004280437,46.58222222222222,102.76,29.643657289176584,93.7755,0.0023632547228052904,1.187,1.92,0.3169285532500479,1.6784999999999997,-0.00133473268304729,0.9986666666666666,1.54,0.17252389510448246,1.2765,6.35469399514342e-05,train
norm_13_18.csv,norm,scenario_13,norm_scenario_13,0,30.768226611851702,95.45631575644134,29.632947585164477,89.53695609987521,-0.11614943451387895,41.36546972126192,49.81327696254332,3.34633210273127,47.04244667123688,-0.02668540317691044,42.008944799122155,111.38924535089453,30.907355016170325,104.60067981794843,-0.107055875179143,1.1755552786292816,1.5874251332958575,0.212415448619452,1.499701168872395,-0.0007747420684937128,0.985502758228658,1.3500516033314935,0.18488543048349657,1.2601382174460083,5.3575447611010676e-05,train
norm_13_19.csv,norm,scenario_13,norm_scenario_13,0,31.77778688322995,91.2154687372886,26.735266735700293,85.65500859557763,-0.0003458270427297356,40.43577108139122,53.89854137497105,5.41379890837007,50.253809528219335,0.015413532177690833,47.60182212470957,100.0,27.27136683395777,100.0,-0.0008224169112884414,1.021183481428577,1.7157976914357898,0.2239202116887554,1.3733546255542017,0.0016713626980041914,0.8045912357382127,1.204619001042627,0.19504818205273386,1.1075530417915709,-9.815257959537853e-05,train
norm_13_2.csv,norm,scenario_13,norm_scenario_13,0,17.397647643141333,27.06772863918016,4.0033557155293,25.753339388596242,0.012815906765109143,39.97952865767048,45.50305781085281,1.7438759407960809,42.88707398960598,-0.0010024142415374381,35.49941206151309,59.554944636285725,8.911283899198336,54.361110137070206,-0.0018460657349560513,1.1890814748459222,1.625857108271737,0.20027919793830656,1.4840426067939545,-0.00010219673048561726,0.878462932125918,1.2503770195318975,0.15902546316217567,1.1324174071693869,0.0001602346907308965,train
norm_13_20.csv,norm,scenario_13,norm_scenario_13,0,29.150309484208993,95.0,24.639254972993864,83.83922572156683,-0.0009358746607742735,40.16890465862459,45.0,2.132535354827641,44.101523811287734,0.006370729593179732,39.36824196416852,104.58543854615554,23.646483892245474,86.06371181456281,-0.0003116178101630682,1.0174972705819338,1.5,0.21059866429166668,1.3733546255542017,0.001554153437513435,0.907726226998113,1.304619001042627,0.18712042758139352,1.207553041791571,-0.00017881083202596893,train
norm_13_21.csv,norm,scenario_13,norm_scenario_13,0,26.663888888888888,61.19,15.997124720191387,58.169999999999995,-0.003921389471951239,40.196666666666665,50.0,4.638675954056457,49.385,0.026915915545129017,84.95555555555555,283.5,83.21444805017111,266.48449999999997,-0.05994764785776049,1.0124444444444445,1.43,0.16300762449329273,1.2765,-0.0007553195867802611,0.8137777777777777,1.24,0.21106779238853635,1.1609999999999998,-0.0012791702679343126,train
norm_13_22.csv,norm,scenario_13,norm_scenario_13,0,30.910555555555554,84.02,22.317867148764748,67.6025,0.02044342922994605,41.702333333333335,46.91,2.0759159613654123,45.1965,0.026654566407375402,58.64533333333333,150.6,45.44851669870381,131.476,0.013036835823352579,0.9832222222222222,1.38,0.19578610076671227,1.33,0.00027731818743054724,0.9087777777777778,1.6,0.19049803312428115,1.1709999999999998,0.0004449108943490967,train
norm_13_23.csv,norm,scenario_13,norm_scenario_13,0,34.64456752717893,85.55284487396604,27.959581953417516,77.12846842942471,0.0029700119812170658,40.14389287024984,44.07973577918552,1.8963117639740117,43.38535003452932,-0.002965363037594788,50.92155467576678,101.87457500965144,28.73230061958135,95.37273933103121,-0.015635772690175586,0.983515366112063,1.384756858150915,0.1954246898847552,1.3292445810575182,0.0002664397238560364,0.9083718383749797,1.601833165983081,0.1905294923158866,1.171521438863918,0.0004564057928296784,train
norm_13_24.csv,norm,scenario_13,norm_scenario_13,0,33.11711487993735,90.81204383037964,29.644178851407585,84.709347101434,0.19478754916869798,40.16465416712765,46.455882909764654,2.508085089418926,44.556665960653014,-0.008127782765007072,48.399566382600966,103.828678016997,30.32755886669128,101.91278818438292,0.16701676540057603,1.233259409552745,1.9427070096204893,0.2891896582005229,1.7803748954071736,-0.0014126262314083245,0.914441173259402,1.4863586033383775,0.19836450693860314,1.1842985399588153,-0.0008005827891103928,train
norm_13_25.csv,norm,scenario_13,norm_scenario_13,0,31.859581950408444,84.77691090776817,25.181358712450315,82.04580080496417,0.015232153956977017,45.30482955307376,49.9040743941403,3.0507584118187197,49.787194040907025,0.007707622127251201,43.709294195119305,99.120638567666,26.137013568388106,95.8407760138278,-0.028924608280702722,1.1608935526082402,1.4975120501184902,0.18516880834767632,1.4747564286970207,0.0007720591560089073,1.0273679307845616,1.2911111456262103,0.16423477051908464,1.2458634647425242,-0.0007562774381568949,train
norm_13_26.csv,norm,scenario_13,norm_scenario_13,0,28.05288888888889,90.72,24.95083098498822,77.98599999999999,0.00424677943779064,45.163666666666664,53.16,2.8929505369067003,50.632999999999996,0.0171681277523974,78.8468888888889,342.37,93.95941894344476,280.37699999999995,-0.01502440630530538,1.2176666666666667,1.84,0.2438965059568864,1.6119999999999999,-0.0011623657241634766,0.9133333333333333,1.34,0.21196247282866,1.261,-0.0012822982261184506,train
norm_13_27.csv,norm,scenario_13,norm_scenario_13,0,38.057504246027676,95.91863444185978,32.98526423271612,90.96003530747545,0.010004021867759134,40.079365266128065,42.99719271875447,1.7938684546417474,42.665028499500366,-0.002283371322615862,53.11111920589055,100.0,33.28433039475403,100.0,0.0016493976811721247,0.9891109336783752,1.1874299540699582,0.1190637550552903,1.1715307111681135,-0.00010911641303753021,0.795953608793692,0.9938241317192018,0.11173208520234944,0.9521644438438822,0.00020834347653188055,train
norm_13_28.csv,norm,scenario_13,norm_scenario_13,0,46.645,95.46,35.95104693667066,93.093,0.23742462032349676,43.108111111111114,48.34,2.1442035238196375,46.2795,0.0033632958801498177,59.07622222222222,104.48,31.657947493490862,100.34599999999999,0.2290187265917604,1.075222222222222,1.49,0.21240319819095896,1.4,-0.0007843766720171214,0.8857777777777778,1.25,0.1848168104724473,1.16,3.802938634399303e-05,train
norm_13_29.csv,norm,scenario_13,norm_scenario_13,0,37.04833333333333,90.46,31.521910455491824,86.294,0.164114005844343,40.19222222222223,43.59,1.392832194880682,42.196,-0.00988418323249784,48.254222222222225,111.39,32.41143642583613,101.0785,0.17091509239823877,1.4752222222222224,1.89,0.21240319819095896,1.8,-0.0007843766720171214,1.1857777777777778,1.55,0.18481681047244725,1.46,3.802938634399342e-05,train
norm_13_3.csv,norm,scenario_13,norm_scenario_13,0,35.4226530808908,82.72053048323268,28.698262310487593,80.6387872125735,0.014759842888590414,44.969292986505714,53.25458671627922,2.615813911194121,49.33061098440897,-0.0015036213623061802,50.54814754834328,106.99988718733547,28.529278001395447,97.80713648328866,0.0069811135386050925,1.1890814748459222,1.625857108271737,0.20027919793830656,1.4840426067939545,-0.00010219673048561726,0.9712839095012239,1.4671693593758632,0.21203395088290092,1.309889876225849,0.00021364625430786072,train
norm_13_30.csv,norm,scenario_13,norm_scenario_13,0,38.63955555555555,99.73,34.36225947467284,94.166,-0.00894365559534094,40.13833333333333,44.84,3.0037127774536305,44.4385,0.01540708729472774,46.472888888888896,94.9,26.338423090352087,90.8045,0.000926863398773593,1.0064444444444445,1.2,0.11108566500133585,1.19,0.0001359838663209449,0.9061111111111111,1.09,0.12038976443524609,1.08,0.000549285920072437,train
norm_13_4.csv,norm,scenario_13,norm_scenario_13,0,23.62822222222222,55.48,14.083012523881925,53.5665,0.001285590813680664,44.467999999999996,52.7,2.776576260493682,49.0085,0.011013540766349741,26.773777777777777,91.66,28.266312008410363,88.894,0.01726534140017275,0.9846666666666667,1.45,0.18891886374486713,1.25,0.0012534880849487586,0.8152222222222223,1.27,0.15814392376635825,1.08,-0.00011960324319874868,train
norm_13_5.csv,norm,scenario_13,norm_scenario_13,0,36.72473245637647,99.0,32.48400649561983,99.0,-0.004790069412887961,45.179603849444824,50.571368587377975,2.0334572271262203,48.93504015676685,-0.005734659676660981,51.83545677594752,100.0,31.24716745061847,100.0,0.030733570016702936,1.1801568463503254,1.7199214859513403,0.2442530317873587,1.6037089070903907,-0.00032546671936441364,0.7768463585579958,1.289243004588541,0.20871307269931458,1.0788906688302902,-0.00022527165955535044,train
norm_13_6.csv,norm,scenario_13,norm_scenario_13,0,36.62722222222222,95.39,31.20363101990643,85.231,0.010228999464954614,41.108666666666664,47.44,2.1006035515772328,45.030499999999996,0.03390492653414005,47.87422222222222,104.55,33.233707573052776,99.53099999999999,-0.011797176606165518,1.0124444444444445,1.43,0.16300762449329273,1.2765,-0.0007553195867802611,0.8133333333333334,1.24,0.21196247282866,1.1609999999999998,-0.0012822982261184506,train
norm_13_7.csv,norm,scenario_13,norm_scenario_13,0,36.83188888888889,86.77,25.709172319151588,83.457,-0.10936864633493847,54.913000000000004,59.31,2.061475118191182,58.295,-0.024974029715602763,48.05200000000001,110.0,30.228312244046897,101.09949999999999,-0.11942429106474059,1.492,1.99,0.18128257165683867,1.7655,0.0001619953080627236,0.9782222222222223,1.44,0.18960383166953745,1.3175,0.00026719348067662674,train
norm_13_8.csv,norm,scenario_13,norm_scenario_13,0,22.988222222222223,60.0,16.283961543358178,55.1385,0.009137259744001336,42.51211111111111,44.92,1.5550884179092859,44.8655,-0.001318763633370368,33.221,95.0,30.97430569997503,91.966,0.0026914433880725714,1.1557777777777778,1.5,0.19220177703686772,1.4309999999999998,0.0002640655224924889,0.8547777777777779,1.19,0.21473907751207416,1.1655,-0.000574803473679878,train
norm_13_9.csv,norm,scenario_13,norm_scenario_13,0,16.999555555555556,26.8,4.146885364609923,25.194499999999998,-0.007969543565049192,40.03977777777778,43.52,1.636094951900853,42.6185,0.00024760258468123326,28.85511111111111,44.44,6.081339711292637,41.397999999999996,-0.003490307445363606,1.0004444444444445,1.5,0.18153472513396218,1.261,-0.001733218092768654,0.8032222222222223,1.43,0.1922476620028655,1.1275,0.0009355064411244183,train
norm_14_1.csv,norm,scenario_14,norm_scenario_14,0,20.201777777777778,24.93,2.6965781803327524,24.412499999999998,-0.02195958348767338,39.41766666666667,44.88,2.9104476855523576,44.3485,0.0077580771288636545,28.940666666666665,39.84,6.073999256362493,39.43,-0.005383051405523317,1.1127777777777779,1.5,0.21300434018776812,1.4755,0.0007137506688068483,1.026111111111111,1.3,0.1636569064269011,1.27,-0.0001772235255381323,train
norm_14_10.csv,norm,scenario_14,norm_scenario_14,0,15.116667288059704,19.824453049842237,3.1065017367253995,19.583925386145314,0.006437689008604109,39.43151609788656,44.97547525318963,2.8067738211306468,44.39762861590739,-0.005441255222930306,29.876659255653642,39.89759679799889,5.591433578728518,39.42488496639448,-0.0033545763972066536,1.1675944688766196,1.491405893557078,0.19620375555230518,1.4594439441572415,0.0005072600633753504,0.9761818207129234,1.2986570350289683,0.16662473636922812,1.2555960269405309,0.0017928464672087071,train
norm_14_11.csv,norm,scenario_14,norm_scenario_14,0,49.084999999999994,94.71,35.695237344793256,93.3135,0.24638786681483366,42.40266666666666,49.32,3.6683890472859018,48.034,0.008667242869490083,58.349222222222224,99.96,31.604397405160586,99.422,0.19954142486726742,6.08688888888889,14.99,5.84761713583327,14.728499999999999,0.040573898012100235,5.5617777777777775,14.71,5.318949498753221,13.9495,0.03444079515989629,train
norm_14_12.csv,norm,scenario_14,norm_scenario_14,0,19.74,19.74,0.0,19.74,0.0,43.05,43.05,0.0,43.05,0.0,27.6,27.6,0.0,27.6,0.0,1.0193991929985435,1.0193991929985435,0.0,1.0193991929985435,0.0,1.09,1.09,0.0,1.09,0.0,train
norm_14_13.csv,norm,scenario_14,norm_scenario_14,0,12.558,14.91,1.5529509423074135,14.791,0.003227065069761697,42.215888888888884,44.99,1.4032705733828903,44.697500000000005,-0.002723710746182662,7.468777777777778,9.97,1.3978473239498148,9.8555,-0.0008263571634358137,1.0101111111111112,1.2,0.11224466098705936,1.1755,0.00028126929250524784,0.9845555555555555,1.2,0.1113468223903559,1.1709999999999998,0.001194797711651644,train
norm_14_14.csv,norm,scenario_14,norm_scenario_14,0,19.74,19.74,0.0,19.74,0.0,43.05,43.05,0.0,43.05,0.0,27.6,27.6,0.0,27.6,0.0,1.0193991929985435,1.0193991929985435,0.0,1.0193991929985435,0.0,1.09,1.09,0.0,1.09,0.0,train
norm_14_15.csv,norm,scenario_14,norm_scenario_14,0,15.116999999999999,19.82,3.1065868586138654,19.5865,0.0064186525085401435,39.43177777777778,44.98,2.8071492107893823,44.4005,-0.005427665966991817,9.93811111111111,14.95,2.7959910684641565,14.7155,-0.0016911552866609085,1.025,1.49,0.2800210666232257,1.4409999999999998,0.0007116104868913859,0.9606666666666666,1.5,0.27739478215809926,1.4264999999999999,0.0029903280240358896,train
norm_14_16.csv,norm,scenario_14,norm_scenario_14,0,19.74,19.74,0.0,19.74,0.0,43.05,43.05,0.0,43.05,0.0,27.6,27.6,0.0,27.6,0.0,1.0193991929985435,1.0193991929985435,0.0,1.0193991929985435,0.0,1.09,1.09,0.0,1.09,0.0,train
norm_14_17.csv,norm,scenario_14,norm_scenario_14,0,19.74,19.74,0.0,19.74,0.0,43.05,43.05,0.0,43.05,0.0,27.6,27.6,0.0,27.6,0.0,1.0193991929985435,1.0193991929985435,0.0,1.0193991929985435,0.0,1.09,1.09,0.0,1.09,0.0,train
norm_14_18.csv,norm,scenario_14,norm_scenario_14,0,38.45344444444444,95.12,32.90545694852545,88.341,0.0036752685516732156,38.634,49.36,4.958110776486353,45.9855,-0.0023400419804914274,103.206,296.92,103.98853603410741,266.156,0.030803144421121496,5.650111111111111,18.54,6.728583919410481,17.2885,0.0010846606576943845,0.9795555555555555,1.49,0.19631384590085463,1.3149999999999997,6.519323373255963e-05,train
norm_14_19.csv,norm,scenario_14,norm_scenario_14,0,19.74,19.74,0.0,19.74,0.0,43.05,43.05,0.0,43.05,0.0,27.6,27.6,0.0,27.6,0.0,1.0193991929985435,1.0193991929985435,0.0,1.0193991929985435,0.0,1.09,1.09,0.0,1.09,0.0,train
norm_14_2.csv,norm,scenario_14,norm_scenario_14,0,19.74,19.74,0.0,19.74,0.0,43.05,43.05,0.0,43.05,0.0,27.6,27.6,0.0,27.6,0.0,1.0193991929985435,1.0193991929985435,0.0,1.0193991929985435,0.0,1.09,1.09,0.0,1.09,0.0,train
norm_14_20.csv,norm,scenario_14,norm_scenario_14,0,15.116999999999999,19.82,3.1065868586138654,19.5865,0.0064186525085401435,39.43177777777778,44.98,2.8071492107893823,44.4005,-0.005427665966991817,29.876777777777775,39.9,5.591501944469504,39.4255,-0.003345022019179307,1.025,1.49,0.2800210666232257,1.4409999999999998,0.0007116104868913859,0.9606666666666666,1.5,0.27739478215809926,1.4264999999999999,0.0029903280240358896,train
norm_14_21.csv,norm,scenario_14,norm_scenario_14,0,37.06444444444445,94.8,32.576030655735146,91.394,0.024421451207968067,44.82655555555555,54.8,4.180075576197348,53.596000000000004,0.0009684323167469379,54.62766666666666,119.91,34.0106052214319,112.3715,-0.004193686463349493,3.5279999999999996,9.8,2.986396573528377,9.159,-0.0020937564308350838,1.8695555555555554,4.84,1.2672432356210135,4.555499999999999,0.00016989751821211736,train
norm_14_22.csv,norm,scenario_14,norm_scenario_14,0,19.74,19.74,0.0,19.74,0.0,43.05,43.05,0.0,43.05,0.0,27.6,27.6,0.0,27.6,0.0,1.0193991929985435,1.0193991929985435,0.0,1.0193991929985435,0.0,1.09,1.09,0.0,1.09,0.0,train
norm_14_23.csv,norm,scenario_14,norm_scenario_14,0,14.94992415478301,20.077664333862423,2.017682173025062,17.61970225589144,-0.007960594839438354,40.13392440286436,51.72029384675872,5.454266021904882,48.726697578642806,0.0008292423088806247,30.781270141331703,39.39806617149932,3.1201566108590946,35.978539669958096,-0.003487391034608136,1.0008476946079388,1.499305530555513,0.18139463286662263,1.2637477461662139,-0.001740246301420759,0.8025897041214379,1.272737601836892,0.14458635158778407,1.0471540051547288,0.0007025185523606305,train
norm_14_24.csv,norm,scenario_14,norm_scenario_14,0,38.536882780376736,95.3065716336808,32.21269959931708,92.52686660633454,0.02046998044340513,40.94605165351492,50.05433435977441,2.6461611952019974,44.80467916533609,0.02934479206209701,66.45890419588466,189.5920587463061,62.98833374685871,173.92711418926683,0.06733173702909609,4.554607797072688,13.230763364554267,4.29851739660556,12.102542060556376,0.004394638350737627,3.265374012612917,10.060599000356104,3.236536494961744,9.162469215198756,0.0036716893482626623,train
norm_14_25.csv,norm,scenario_14,norm_scenario_14,0,34.75430097103702,94.04122195449538,27.836597752432958,83.04967997711147,0.013355164821179131,44.45362504811544,48.743661966062376,1.9833094187684612,47.394734459789206,-0.0009422583173574585,97.9439127950965,289.3718749878573,96.8007004338882,258.05446840241325,0.024450532632001327,6.218807418435137,21.48744864246463,6.977698355675086,18.36471647163749,0.0033763120416682555,1.1692491858606475,1.9312781482539112,0.2945512434958797,1.6755800113127965,0.00011465572267814753,train
norm_14_26.csv,norm,scenario_14,norm_scenario_14,0,43.59405421063579,86.37265201301685,26.302912956151342,83.09540970453557,0.3085643027842401,44.18043757217316,50.61549294909357,2.9749641281526924,48.5921016896838,-0.001413387476036202,65.8207127809884,116.44267476221066,32.01718304423287,108.82630619453799,0.45475033515720237,14.21311517572938,31.52618265887988,11.592810426605203,30.239880145610595,0.15345810281007186,1.1692491858606475,1.9312781482539112,0.2945512434958797,1.6755800113127965,0.00011465572267814753,train
norm_14_27.csv,norm,scenario_14,norm_scenario_14,0,19.74,19.74,0.0,19.74,0.0,43.05,43.05,0.0,43.05,0.0,27.6,27.6,0.0,27.6,0.0,1.0193991929985435,1.0193991929985435,0.0,1.0193991929985435,0.0,1.09,1.09,0.0,1.09,0.0,train
norm_14_28.csv,norm,scenario_14,norm_scenario_14,0,15.116999999999999,19.82,3.1065868586138654,19.5865,0.0064186525085401435,39.43177777777778,44.98,2.8071492107893823,44.4005,-0.005427665966991817,29.876777777777775,39.9,5.591501944469504,39.4255,-0.003345022019179307,1.1676666666666666,1.49,0.19611994724623286,1.4609999999999999,0.0005114211631065567,0.976111111111111,1.3,0.16646148418734188,1.2555,0.0017998106762151704,train
norm_14_29.csv,norm,scenario_14,norm_scenario_14,0,15.025555555555554,19.73,2.780764227310567,19.352,0.001270938799028688,40.06055555555555,44.58,2.51972370569844,43.7355,-0.0038012100259291223,23.027555555555555,29.97,4.503937181769784,29.7055,0.011227558957896034,1.1568888888888889,1.5,0.19457036764380056,1.4155,0.0004033419763756844,0.9876666666666667,1.29,0.17254896715835688,1.28,-0.0009913158003045635,train
norm_14_3.csv,norm,scenario_14,norm_scenario_14,0,19.74,19.74,0.0,19.74,0.0,43.05,43.05,0.0,43.05,0.0,27.6,27.6,0.0,27.6,0.0,1.0193991929985435,1.0193991929985435,0.0,1.0193991929985435,0.0,1.09,1.09,0.0,1.09,0.0,train
norm_14_30.csv,norm,scenario_14,norm_scenario_14,0,39.434888888888885,94.26,34.57650560532623,92.182,0.002281433921883191,46.88388888888889,54.89,3.9270086664237582,53.038000000000004,-0.00040260114417417395,62.611111111111114,145.83,47.0088126675678,142.0615,-0.013678561139235238,5.204444444444444,14.96,5.353002960874027,14.062,-0.002793925175947657,4.246888888888889,11.92,3.9607673312988423,11.235999999999999,-0.001617648269333682,train
norm_14_4.csv,norm,scenario_14,norm_scenario_14,0,19.74,19.74,0.0,19.74,0.0,43.05,43.05,0.0,43.05,0.0,27.6,27.6,0.0,27.6,0.0,1.0193991929985435,1.0193991929985435,0.0,1.0193991929985435,0.0,1.09,1.09,0.0,1.09,0.0,train
norm_14_5.csv,norm,scenario_14,norm_scenario_14,0,15.425816670020351,19.79232899376081,2.874390594125603,19.52292553919366,0.0021501154851273864,39.778916238634174,44.68985048023643,2.928695137849717,44.1000617895386,0.007954824535202352,30.422527058143256,39.87886781602808,5.971340178597424,39.21530325328605,0.037665022197456176,1.0045365116722187,1.4844980089980455,0.2799518113305916,1.4391929323371495,0.0018198205677610133,0.9974956881790779,1.489831408111988,0.2761329358818575,1.4436875181994044,-8.904862440675835e-05,train
norm_14_6.csv,norm,scenario_14,norm_scenario_14,0,15.131771779020514,21.690314789805885,2.1995808653281963,18.447278345582,0.0006987827412747988,40.2570054533161,48.61338077236972,2.881676115776128,44.931226025783836,-0.012515452449730964,29.965341279308728,40.0,5.324777316420153,38.61306936044508,-0.006680976370269028,0.9659234552137312,1.3265200224835774,0.17818937362762052,1.2196177977810534,0.0003188100006196889,0.9162681805418174,1.5,0.2016460517008264,1.2486462277626975,0.00015137881628409912,train
norm_14_7.csv,norm,scenario_14,norm_scenario_14,0,15.534666666666665,19.98,2.555155704484034,19.281,-0.007808371403877017,39.79388888888889,44.84,2.8513831433555605,44.6475,-0.0038400625591636884,30.440888888888885,39.94,5.504073393415087,38.583999999999996,0.026853191752068153,1.209,1.5,0.20335417711056394,1.49,-2.3130427624809766e-05,0.9917777777777779,1.28,0.17483589594777202,1.25,-0.00014059348890809562,train
norm_14_8.csv,norm,scenario_14,norm_scenario_14,0,15.116999999999999,19.82,3.1065868586138654,19.5865,0.0064186525085401435,39.43177777777778,44.98,2.8071492107893823,44.4005,-0.005427665966991817,29.876777777777775,39.9,5.591501944469504,39.4255,-0.003345022019179307,1.1676666666666666,1.49,0.19611994724623286,1.4609999999999999,0.0005114211631065567,0.976111111111111,1.3,0.16646148418734188,1.2555,0.0017998106762151704,train
norm_14_9.csv,norm,scenario_14,norm_scenario_14,0,15.184111111111111,19.93,1.939602006230089,18.531,0.005687039552208095,39.18033333333334,45.62,2.974953290163005,43.592,-0.0013928468535210218,25.80988888888889,38.42,5.247841609704824,35.037499999999994,0.029712886364571745,0.9623333333333334,1.38,0.18094663686639342,1.2655,0.0013011482899123346,0.8795555555555555,1.39,0.19631384590085463,1.2149999999999996,6.519323373255939e-05,train
norm_15_1.csv,norm,scenario_15,norm_scenario_15,0,19.44789022062326,31.640793616740265,3.425275421775509,26.436608362920218,0.04344746434736098,46.175798138550476,50.851957148188745,1.8301535473506787,48.905717770904616,0.022742856006297545,30.068727931413544,43.647987676379074,4.5542028505248195,38.04671483941038,-0.02292761095333974,3.532549660214329,5.507822908422451,1.3323491740537825,4.948915975717715,0.03516707199803797,2.941853425139918,4.700512697792132,1.13369246537634,4.154298233173346,0.03123017586091668,test
norm_15_10.csv,norm,scenario_15,norm_scenario_15,0,16.35511111111111,28.97,3.5319833192260237,24.11,-0.03237140387702186,45.39611111111111,50.83,2.7586361613416273,49.8525,-0.010406963822694163,29.07477777777778,49.74,5.80430046453892,37.5675,0.07132510186442768,1.197111111111111,1.6,0.18847253812681844,1.5255,0.00076569123760135,0.8906666666666666,1.16,0.14394755599316192,1.1055000000000001,-0.0005664896900851958,test
norm_15_11.csv,norm,scenario_15,norm_scenario_15,0,16.871666666666666,35.75,5.278909116538583,30.195499999999996,-0.044714573815697406,44.18033333333334,50.62,2.9749532901630045,48.592,-0.0013928468535210218,30.80988888888889,43.42,5.247841609704824,40.037499999999994,0.029712886364571745,1.9785555555555554,7.33,1.9259537611628494,5.8155,-0.021755525373502903,0.7795555555555556,1.29,0.19631384590085468,1.1149999999999998,6.519323373255937e-05,test
norm_15_12.csv,norm,scenario_15,norm_scenario_15,0,18.491,33.32,5.4220138159382,27.734,-0.07026011441741777,43.257,47.44,2.1821515256505144,46.0685,0.0710674568876816,37.708777777777776,75.55,20.630271574338554,69.12650000000001,-0.39794600156397913,2.7537777777777777,5.93,2.0420625053864345,5.4110000000000005,-0.04075696588056138,2.2287777777777777,5.49,1.6709553398625687,4.5575,-0.03256739515166481,test
norm_15_13.csv,norm,scenario_15,norm_scenario_15,0,16.044783072461183,27.043993562222823,2.6485717025434177,22.614583442565692,-0.029897866355720365,45.97482562474275,51.94678610377985,2.792644673780915,51.058468138680816,-0.023229813922215445,30.006685289037787,34.9952734253617,3.1019043342028545,34.69147397339022,-0.0018788538966810439,1.4520915084726318,3.492328053350994,0.9083337188173086,3.363595728592196,-0.010224275250436975,1.0630488235598083,2.432714118568359,0.5074506974838975,2.205438434891938,-0.004646416142066968,test
norm_15_14.csv,norm,scenario_15,norm_scenario_15,0,16.874666666666666,29.32,3.2802884910125916,22.944,0.0033553113553113547,42.467777777777776,44.98,1.5070208559189826,44.881,0.007484380787751583,24.78077777777778,29.68,2.801899928350295,29.0015,0.00595555006790962,3.4259999999999997,4.43,0.8071489566382697,4.171,0.014849899164505896,2.7993333333333332,3.68,0.7169235146392511,3.5465,0.012738362760834674,test
norm_15_15.csv,norm,scenario_15,norm_scenario_15,0,15.609240722749275,33.85643194807534,4.185534344218208,22.575971037906132,-0.0439803865058836,39.97019666149579,51.55819447196416,3.228785767997357,45.11675475677151,-0.009337925683873097,30.304154855245635,40.665166873281336,4.064361432473784,36.900828861029055,-0.019454861849108468,1.0133044012491565,1.4379605866435343,0.21210063506156965,1.3594411400638673,-0.0012721906706606,0.7755938197469874,1.2618321212682857,0.14665411391378677,1.038520711579558,-0.0006932840776230281,test
norm_15_16.csv,norm,scenario_15,norm_scenario_15,0,17.230940872350764,29.288025529318062,4.123293200761348,24.987673551772556,-0.026243365200912153,45.48569295221447,53.05433435977441,3.1488130172168223,51.02200351274424,0.017831237659410498,29.070431304558042,39.505377376596186,4.522466887337049,36.58442487906961,0.0326678146553697,1.4692491858606476,2.231278148253911,0.2945512434958797,1.9755800113127968,0.00011465572267814739,1.1990977951813617,1.5789320203861186,0.1943580053763249,1.5461870245054263,0.0007176877998155933,test
norm_15_17.csv,norm,scenario_15,norm_scenario_15,0,15.440222222222221,33.55,4.477900033956473,20.5965,-0.11076132855908133,44.82922222222222,48.99,2.332965623781841,48.3335,-0.06386409844836811,26.27011111111111,31.07,3.361186753515786,30.6955,-0.0006849405276371564,3.152,7.31,2.3764169989311608,6.9624999999999995,-0.010232703625962047,1.09,1.09,0.0,1.09,0.0,test
norm_15_18.csv,norm,scenario_15,norm_scenario_15,0,15.947000000000001,26.4,3.2781960817745164,24.949499999999997,-0.037121866897147776,40.10911111111111,45.44,1.9280394912061427,43.752,0.011430711610486876,29.970444444444446,41.56,3.228653286966672,35.12,-0.009335802774005024,1.0124444444444445,1.43,0.16300762449329273,1.2765,-0.0007553195867802611,0.8094444444444444,1.13,0.15939746879632896,1.0655000000000001,-0.0009318845948059428,test
norm_15_19.csv,norm,scenario_15,norm_scenario_15,0,16.09488888888889,35.44,4.645549578509739,28.709999999999994,-0.03575387907972178,47.66433333333333,58.16,3.440960491072746,53.617,0.07335152487961474,19.96377777777778,39.26,5.341524332739993,28.528499999999998,-0.0148378812199037,2.837,9.33,2.544010569019102,8.045,-0.031105486274025596,2.3655555555555554,8.07,2.214956367597802,7.0295000000000005,-0.027570481952504427,test
norm_15_2.csv,norm,scenario_15,norm_scenario_15,0,22.684784815498613,30.578535554446063,4.7349386944046445,28.163274472192683,0.11925759154315042,47.245808183155695,50.24576526624571,1.5588402369203316,49.077485870175614,0.038886235784793326,33.766501484284994,38.92349346173629,2.6614768948600314,37.48253466124527,0.058263259895013485,3.810261075108275,5.943160657770015,1.7876234446292045,5.557286267916084,0.05716591263413112,2.9939149687535664,5.112791578453932,1.4326994167293934,4.454084755625913,0.04521016900547894,test
norm_15_20.csv,norm,scenario_15,norm_scenario_15,0,15.93067671934731,28.932561531124485,3.4913921504987484,24.82236437296093,-0.020616536432997476,54.980131107663865,62.705462981309445,2.1525238453315723,58.41116983784769,-0.0062252837892487175,20.18249291314738,26.3991001239688,2.4386168594842696,24.14049731661743,-0.01167291710946507,1.5133044012491565,1.9379605866435343,0.21210063506156965,1.8594411400638673,-0.0012721906706606011,1.1674584263293164,1.8157761616910475,0.1955388185517157,1.5180276154394103,-0.0009243787701640379,test
norm_15_21.csv,norm,scenario_15,norm_scenario_15,0,14.671000000000001,34.5,6.13177999891191,31.65,-0.07504111618718359,39.43177777777778,44.98,2.8071492107893823,44.4005,-0.005427665966991817,24.93811111111111,29.95,2.795991068464158,29.7155,-0.001691155286660905,1.0101111111111112,1.2,0.11224466098705936,1.1755,0.00028126929250524784,0.8845555555555555,1.1,0.11134682239035591,1.071,0.0011947977116516446,test
norm_15_22.csv,norm,scenario_15,norm_scenario_15,0,20.90772928766905,32.01454565627541,6.431855000571122,30.49956450430017,-0.03491375661628796,44.18043757217316,50.61549294909357,2.9749641281526924,48.5921016896838,-0.001413387476036202,30.80948825369078,43.423890599624016,5.248021695361367,40.0366725212404,0.02971872943235084,1.0628172521823218,1.4802150950638475,0.18089867549348185,1.3633769951627845,0.0013067125862147877,0.8794994572404318,1.3875187655026076,0.19636749566391984,1.2170533408751978,7.643714845209853e-05,test
norm_15_23.csv,norm,scenario_15,norm_scenario_15,0,17.828444444444443,33.01,4.507585345054082,26.889999999999993,-0.00023591389883523254,41.18811111111111,47.7,2.3654640110379184,45.2525,0.022049388813433768,27.6,27.6,0.0,27.6,0.0,1.9072222222222224,4.11,1.085528947624078,3.8819999999999997,0.007317364283656414,1.5542222222222222,3.52,0.9400071452965078,3.1584999999999996,0.0067929373996789754,test
norm_15_24.csv,norm,scenario_15,norm_scenario_15,0,15.859,33.11,3.9723358113020635,19.65,-0.05926287195950116,45.21044444444445,49.9,2.6134642346639576,49.28,-0.02572399884759435,28.510666666666665,34.98,3.646885326449087,34.71,0.08231304276248096,3.739888888888889,6.87,2.3726160096165234,6.7955,-0.03334823229205252,3.1555555555555554,6.0,2.073391679996005,5.8285,-0.02714359797505865,test
norm_15_25.csv,norm,scenario_15,norm_scenario_15,0,16.296111111111113,38.1,3.767882513985937,21.1375,-0.042280693089681846,40.48544444444445,48.05,3.148535297459885,46.0225,0.017837346174424815,29.070999999999998,39.51,4.522440936316572,36.586,0.03266732518417911,1.0628888888888888,1.99,0.298905285229414,1.7,-0.003330287689838251,0.8656666666666666,1.44,0.2313421999617581,1.2874999999999999,-0.001995390377412849,test
norm_15_26.csv,norm,scenario_15,norm_scenario_15,0,15.913333333333334,26.84,3.1031712666419753,22.022,0.0032201506358809787,47.66433333333333,58.16,3.440960491072746,53.617,0.07335152487961474,29.95033333333333,49.26,5.380987848408421,38.528499999999994,-0.015584887023089274,2.0306666666666664,4.4,1.0197552030547838,4.142,-0.004522204387372926,1.09,1.09,0.0,1.09,0.0,test
norm_15_27.csv,norm,scenario_15,norm_scenario_15,0,18.075888888888887,28.63,4.922875266182561,27.309499999999996,-0.02563271185743097,44.953111111111106,55.0,3.1693779364994548,50.12,-0.008937728937728944,30.304333333333332,40.67,4.0649565830980166,36.903999999999996,-0.019477877927316124,1.5205555555555554,2.16,0.3184172977879605,2.041,-0.0019175206815656256,1.1671111111111112,1.82,0.19564496877696685,1.5165,-0.0009192904473803346,test
norm_15_28.csv,norm,scenario_15,norm_scenario_15,0,15.839644660758449,28.506582235954863,3.3342415327174457,23.058737827327626,-0.01613104257327913,54.180437572173155,60.61549294909357,2.9749641281526924,58.5921016896838,-0.0014133874760362028,25.80948825369078,38.423890599624016,5.248021695361368,35.036672521240405,0.029718729432350842,2.1018702144471373,6.912628606715871,1.4197385451119213,5.500053712397693,-0.01510317108753681,0.9794994572404317,1.4875187655026074,0.1963674956639199,1.317053340875198,7.643714845209782e-05,test
norm_15_29.csv,norm,scenario_15,norm_scenario_15,0,18.322222222222223,31.48,4.574722384351056,25.251,-0.044812281351607204,45.78133333333333,54.4,3.12056109907076,50.9785,-0.003491789109766631,30.020999999999997,42.48,4.534793839695397,36.589999999999996,-0.04347260978721652,1.807,3.34,0.7668386144907918,3.0739999999999994,-0.002694571346256739,1.453,3.23,0.5762791341437221,2.4204999999999997,-0.0029120467547433804,test
norm_15_3.csv,norm,scenario_15,norm_scenario_15,0,19.242,29.84,3.762509083941403,24.11249999999999,0.04838095238095234,40.88388888888889,42.96,1.2550918265742879,42.741,0.011298431905173486,27.350333333333335,34.79,3.274314560743459,32.2705,0.009624645017903456,2.6731111111111114,3.44,0.7693637301779683,3.4055,0.017357204593159654,2.231888888888889,2.99,0.6600355701079603,2.9255,0.015000617360167933,test
norm_15_30.csv,norm,scenario_15,norm_scenario_15,0,16.209666666666667,29.15,4.0601487353062575,26.75,-0.040126517677079476,45.01377777777778,53.24,3.300759047119479,50.211999999999996,-0.01839469893402478,29.134666666666664,40.86,5.269136807545351,38.7005,0.03501469317199655,2.882111111111111,6.49,2.005305599980551,6.3105,-0.020630777462238136,1.873777777777778,4.12,1.243821203396002,3.911,-0.01219442729555089,test
norm_15_4.csv,norm,scenario_15,norm_scenario_15,0,17.256305486187575,33.38313291597039,3.5032524985746454,21.694903685007745,-0.0007649367061180172,44.46854368716168,52.69656579832797,2.7765697109496235,49.00826095387016,0.011026626929020743,29.53267156350093,43.94633888611516,5.494104921221644,38.26950703467312,0.011759436204143402,1.1766594623732969,1.873729579873714,0.28369420827187963,1.5723801991867898,0.0018929369374980328,1.0201186665328654,1.6287737718466768,0.21032228822177756,1.3740919960993996,-0.00016032386439625035,test
norm_15_5.csv,norm,scenario_15,norm_scenario_15,0,17.862555555555556,34.08,6.678167945149362,33.342999999999996,-0.02992772770300861,44.844,47.98,1.653506182821587,47.5245,0.007363378194838855,30.263666666666666,34.99,2.654748321721928,34.3775,-0.0142930402930403,2.820222222222222,5.26,1.816150378480106,5.1754999999999995,0.011820718607235442,1.885,3.67,1.2631859578244777,3.582,0.008251965263201221,test
norm_15_6.csv,norm,scenario_15,norm_scenario_15,0,18.751503636806547,44.85478223513429,6.377411112588741,32.80543402591768,0.008415652594324639,40.97952865767048,45.9524960131,1.831668238957649,44.23416953059739,0.021469495870822104,36.88959652494569,51.001526864613766,7.795560647046448,49.79670379851095,0.04570875349369895,3.2147266699915105,7.060156341900788,2.553013677905579,6.590244329636077,0.016103742769382777,2.9004028857795725,6.7547030588176185,2.2942727999243524,5.98819430785725,0.015440618788444724,test
norm_15_7.csv,norm,scenario_15,norm_scenario_15,0,16.7296698520245,32.23955518013689,4.277810789342512,26.862720811973645,-0.04573088394705175,44.78077388472348,52.31278148253911,3.030528369648225,50.55666587865266,0.00724049418523844,29.811350940931778,39.30615484746157,4.84787972083281,37.993278298130726,0.023906329629435178,4.293380303901503,5.9505377376596185,1.4653839567179952,5.606941802297148,0.03783403841710224,2.6251375928554728,4.12924810759935,0.9300911347581942,3.5465444436578717,0.021488244952858573,test
norm_15_8.csv,norm,scenario_15,norm_scenario_15,0,17.39211111111111,41.92,5.8346650047669995,33.2725,-0.0562741902292464,40.86955555555556,44.26,1.3545810008597237,42.9545,0.030193686463349377,10.416111111111112,15.0,1.9398996235149275,13.518999999999998,0.0032014652014651984,2.9077777777777776,11.15,3.268093206824034,9.192499999999999,-0.027518623698398983,2.501777777777778,9.16,2.6104137076990916,7.821499999999999,-0.022001234720335845,test
norm_15_9.csv,norm,scenario_15,norm_scenario_15,0,18.258222222222223,29.38,5.145330506146145,28.1355,-0.03985759558793265,44.18033333333334,50.62,2.9749532901630045,48.592,-0.0013928468535210218,30.80988888888889,43.42,5.247841609704824,40.037499999999994,0.029712886364571745,0.9623333333333334,1.38,0.18094663686639342,1.2655,0.0013011482899123346,0.9795555555555555,1.49,0.19631384590085463,1.3149999999999997,6.519323373255963e-05,test
norm_16_1.csv,norm,scenario_16,norm_scenario_16,0,39.14728133609781,94.47258072093082,33.266078869630824,90.15064792853755,-0.015765640603409216,41.7331942969297,50.66085062164007,3.018439375755614,46.740667214225866,0.01025356769859277,85.24074401212147,263.740900059114,81.02186247006135,220.83995789317268,-0.025037921434919286,0.9791328398096504,1.494683070797695,0.28212917267482224,1.4082343633170225,0.0011674203164505378,0.9957382239334147,1.4982107181612785,0.28216370372101507,1.4485515038265069,-0.0007737806889454431,val
norm_16_10.csv,norm,scenario_16,norm_scenario_16,0,37.06277777777778,89.92,33.92010818656487,88.8595,-0.010554965633617502,40.089222222222226,44.92,2.9674781135767105,44.403999999999996,0.02346454294768902,59.31666666666667,148.04,53.52032275981346,144.826,0.04195415071819581,1.0202222222222221,1.48,0.30207513678664316,1.4555,-0.002447051076264557,0.9478888888888889,1.49,0.2609468258909691,1.381,0.00016504095155780546,val
norm_16_11.csv,norm,scenario_16,norm_scenario_16,0,42.33857050430906,94.89482535070434,33.70427391428112,92.774734728084,-0.11364606148161853,45.08923049649624,49.9228081295109,2.9672005387870666,49.40196262487862,0.023480654662596787,101.51445339650903,248.855344485274,90.07142246674073,240.08320484557476,-0.2802091127044613,1.1640893732753523,1.4894953607413952,0.211715908778227,1.4682440789778008,-0.0017032259714169842,0.9689095752528513,1.2926188343437135,0.1565250307902566,1.2304326755222958,0.00010645809288427087,val
norm_16_12.csv,norm,scenario_16,norm_scenario_16,0,44.61855555555556,84.73,30.61720745385117,83.1365,0.17278997407087285,48.602444444444444,54.79,4.203828728674018,54.528,0.013390624356916491,55.440666666666665,97.8,34.21512497534755,97.098,0.15724624439231197,1.0095555555555555,1.39,0.18199833997953355,1.3365,-9.877762686749448e-07,1.0037777777777779,1.55,0.19369603070174923,1.3419999999999999,-0.0006137383216034902,val
norm_16_13.csv,norm,scenario_16,norm_scenario_16,0,30.403333333333336,65.4,19.019438193949977,59.271499999999996,-0.06817779972836162,39.90555555555556,44.73,2.0151221063797795,43.369499999999995,-0.014626003210272881,42.596444444444444,115.01,39.944994576421735,104.92899999999999,-0.17173939169444766,0.966,1.5,0.21412376973153852,1.321,-0.0005678067251100959,0.7824444444444445,1.2,0.19660781192608306,1.131,-0.0009339424620323497,val
norm_16_14.csv,norm,scenario_16,norm_scenario_16,0,34.248000000000005,94.15,29.251400780825005,88.36149999999999,-0.017707206651026937,42.48733333333333,53.95,4.823401242957274,51.781,-0.0024279540684035155,67.90133333333333,245.1,90.41836520719434,232.0135,-0.04231485368564001,0.9725555555555556,1.47,0.2718292636275474,1.351,-0.0020059266576120506,1.0003333333333333,1.5,0.28572969862119213,1.45,-0.0008658682141828205,val
norm_16_15.csv,norm,scenario_16,norm_scenario_16,0,37.34977777777778,89.86,31.609818591866933,88.7405,0.22861439683911589,42.465444444444444,54.63,4.902288197926618,52.247,0.0216684364324814,86.86444444444444,248.62,90.01468684298523,240.6535,0.6438027740050212,0.9786666666666667,1.48,0.28212755104062376,1.4009999999999998,-0.0015037247396797954,1.017,1.49,0.31469782188811474,1.45,2.8398567724410487e-05,val
norm_16_16.csv,norm,scenario_16,norm_scenario_16,0,39.232717867927136,86.79525513969365,30.269780202522092,82.85225751038439,-0.5285685074822871,40.188413073225334,44.779018499192574,1.9449811468817546,43.491877774991266,0.0010757447465484374,88.97479912043501,219.25059873626435,74.17486414260301,201.10584460868424,-1.2853659558793522,1.012027899234231,1.4388697463805136,0.18852036815936105,1.3499171205567395,-7.635908333385423e-05,0.8021200472918778,1.331159941545465,0.20261508454528301,1.1142935264369216,0.00033940874225977456,val
norm_16_17.csv,norm,scenario_16,norm_scenario_16,0,42.8661009485511,94.9368952104226,35.83254784405701,93.6648408368504,0.08925926240616928,44.06941255508966,54.43612423331287,5.178397126939147,52.744831557370254,0.03413233432816043,147.26112383674604,398.283016727911,152.19021019117625,385.12480726836213,0.4709993892005548,1.020127676107646,1.4849933724877074,0.3024512982546099,1.4546343985397157,-0.002433179959167119,0.9481826254214188,1.4876980572395229,0.2608750513170943,1.3840544592038262,0.00017743015480711766,val
norm_16_18.csv,norm,scenario_16,norm_scenario_16,0,35.22488088898686,84.58149512804839,29.074164532318694,79.72973941444336,0.01378753554870261,40.471032683063335,51.94754624798144,4.862452867204386,48.72969443747815,0.002689361866371036,84.3894246919295,245.58748550471535,79.55754600228143,219.71011218421384,0.017767756371498265,1.012027899234231,1.4388697463805136,0.18852036815936105,1.3499171205567395,-7.635908333385423e-05,0.8021200472918778,1.331159941545465,0.20261508454528301,1.1142935264369216,0.00033940874225977456,val
norm_16_19.csv,norm,scenario_16,norm_scenario_16,0,49.88589668274544,100.3944040422762,34.44108340849728,91.27794778620023,0.26905005171079605,40.10905125301271,45.44033833317924,1.9284441590989678,43.75400155136187,0.011436749938953297,137.51745959641286,288.1883328094026,106.35343851622483,265.0717875944294,0.7158930742925425,1.0121661942098255,1.4266066749312534,0.16257445729895129,1.2760331544411623,-0.0007781944739643392,0.8133044012491565,1.2379605866435346,0.21210063506156962,1.1594411400638673,-0.0012721906706605996,val
norm_16_2.csv,norm,scenario_16,norm_scenario_16,0,37.10777777777778,94.99,34.34615202684554,89.1565,0.015842614314524345,39.85044444444444,44.83,2.9576717654533264,44.482,0.007092233609087542,88.47588888888889,244.61,82.80643423264036,231.262,0.010539984360208927,0.9043333333333333,1.5,0.2785720006579301,1.3855,0.00028538502695806065,0.9584444444444445,1.49,0.2886501366243976,1.4255,0.0015774787010742065,val
norm_16_20.csv,norm,scenario_16,norm_scenario_16,0,35.20575520223832,86.94675024327213,29.436825151258358,81.8765677466691,-0.007372304607750771,40.070980306345525,44.70203605998984,1.2992496577187704,41.59578611105343,0.003153373604347713,115.29566695186158,330.3353001618949,120.60119725356847,300.36977304861443,-0.07890202258281721,1.0077130224669408,1.4046445642753709,0.1801659540816853,1.2865389889067258,9.812003188191513e-05,0.9079240386197124,1.413694464156095,0.19370378858543233,1.177901513206553,-0.0005320853493673678,val
norm_16_21.csv,norm,scenario_16,norm_scenario_16,0,52.91233333333333,111.06,42.87486637185584,107.7325,0.28763279417212,40.282333333333334,47.17,2.91747892167655,45.2385,0.001623327982878532,141.29177777777778,342.41,127.18912817097963,324.216,0.8735815944355262,1.0122222222222221,1.44,0.18839820234463925,1.3529999999999998,-8.363172408116219e-05,0.8019999999999999,1.33,0.20270197307288465,1.1164999999999998,0.00033436226694653654,val
norm_16_22.csv,norm,scenario_16,norm_scenario_16,0,9.723869542297372,14.868869366005171,3.0096548856245193,14.498913602894538,0.005048395542053948,39.71843233989859,44.856504541106005,2.886429830564218,44.33565437359362,-0.005000801149414107,20.762354913477562,29.801077002085265,5.902260874143784,28.95734160620469,0.014264227145989877,0.9780728734944356,1.4758520794625345,0.2822728618789284,1.402784707723964,-0.001501948823414253,1.0171819910267985,1.4905051420006732,0.3141525221409845,1.450361815988518,4.211839309798886e-05,val
norm_16_23.csv,norm,scenario_16,norm_scenario_16,0,48.806888888888885,94.36,36.62843472852304,93.2045,-0.020144379964604546,41.85033333333334,49.62,3.625856411815164,48.204499999999996,0.009217351936453066,130.66533333333334,299.48,111.66966691234737,292.2205,0.006397003745318352,0.9930000000000001,1.5,0.2922652712246957,1.4455,-0.0004572580977075358,1.0054444444444444,1.49,0.2887328422301005,1.4409999999999998,0.0018712598263160062,val
norm_16_24.csv,norm,scenario_16,norm_scenario_16,0,40.373555555555555,90.4,31.20325254261889,84.27149999999999,-0.11233041116187198,39.95333333333333,42.37,1.008114270319827,41.6875,-0.007301806807424781,44.32844444444444,108.34,41.84095096109,102.9635,-0.16696398732353784,1.1498888888888887,2.0,0.32237006595792644,1.6819999999999997,-0.000879038564431823,0.8821111111111111,1.4,0.20678651230897252,1.2309999999999999,-0.000870971724904309,val
norm_16_25.csv,norm,scenario_16,norm_scenario_16,0,42.39912891351731,95.0,33.60450359423476,89.27469890344445,-0.12155302471795788,43.0228040967619,51.34960363846426,4.422908168342293,50.223907515968214,-0.02490417315575572,138.3708226770185,383.357573439407,135.06155966905425,349.7588820644097,-0.5905073798421228,0.9656517549449971,1.5,0.2139151669057668,1.3196373370027095,-0.0005781177439705161,0.8825971634530417,1.4,0.20651084646096346,1.2305639412983722,-0.0008738485973688517,val
norm_16_26.csv,norm,scenario_16,norm_scenario_16,0,38.91072176761879,94.9368952104226,34.62191365214073,93.6648408368504,0.20012467776038134,43.57418974288837,54.87847100917288,4.607608402400251,52.38704123126213,0.06687892851182023,82.19727533038827,246.08156132670237,88.57460549948681,239.02752099428145,0.5681154605451749,1.1640893732753523,1.4894953607413952,0.211715908778227,1.4682440789778008,-0.0017032259714169842,0.9689095752528513,1.2926188343437135,0.1565250307902566,1.2304326755222958,0.00010645809288427087,val
norm_16_27.csv,norm,scenario_16,norm_scenario_16,0,28.7742639131563,94.82362566458195,28.26037075684142,86.86758271682606,-0.11663678400457707,40.272628132531764,53.600845832948096,4.821110397747418,49.38500387840465,0.028591874847383274,73.11864607772425,342.3664242536571,89.30862200526998,263.7150669767579,-0.40528434976868344,1.0121661942098255,1.4266066749312534,0.16257445729895129,1.2760331544411623,-0.0007781944739643392,0.8133044012491565,1.2379605866435346,0.21210063506156962,1.1594411400638673,-0.0012721906706605996,val
norm_16_28.csv,norm,scenario_16,norm_scenario_16,0,38.45511111111111,94.37,34.20531820942088,92.7285,0.20209671975964133,41.30111111111111,45.0,1.3564613948083786,44.7555,0.003425608099765402,92.39044444444444,249.84,92.32286715543583,243.3085,0.5724346215582168,1.305111111111111,1.79,0.26152639433016284,1.7465,0.0005235214223978265,1.0001111111111112,1.39,0.2148555534863367,1.32,-7.186072354611662e-05,val
norm_16_29.csv,norm,scenario_16,norm_scenario_16,0,25.315391711408928,89.68852020968897,24.8714879858207,84.65667957946043,-0.1170056248710744,40.10259926794527,44.88999716224706,2.6967822610312937,43.966989081697335,-0.012684529266098348,65.30414141586601,284.102127036445,80.77106833615855,254.75353862343158,-0.4202303195029522,0.9768840329681076,1.496232723418096,0.28396905557916957,1.4304052007886254,0.0004096704426577054,0.9706626946302666,1.4708310571488497,0.29157243071921823,1.4447727680360067,-0.0004138299467589041,val
norm_16_3.csv,norm,scenario_16,norm_scenario_16,0,38.16433333333333,90.98,32.91280899008739,88.89450000000001,0.00242326213112732,39.39733333333333,51.36,4.963659804185353,47.482499999999995,0.02081870189735357,103.63288888888889,290.97,105.11122553340142,274.107,-0.013602008478412272,1.1834444444444445,1.86,0.27036039663736366,1.62,0.0024316582294110385,0.8526666666666666,1.5,0.2336558498727889,1.2219999999999998,0.0011204675474338398,val
norm_16_30.csv,norm,scenario_16,norm_scenario_16,0,44.49488888888889,97.01,36.091248783487124,95.24549999999999,-0.13026480635469392,42.50555555555555,54.67,5.131108058948788,53.056,-0.013520846195003504,157.54744444444444,442.32,159.19714663865724,414.15799999999996,-0.3912452566160437,1.1677777777777778,1.79,0.2973621020327629,1.7019999999999997,-4.922418405564432e-05,1.080888888888889,1.67,0.3012320932976092,1.6,0.0024314112853438693,val
norm_16_31.csv,norm,scenario_16,norm_scenario_16,0,36.00922222222222,89.69,31.049551236250334,86.222,0.002434127670082661,40.102777777777774,44.89,2.696660868129857,43.9675,-0.012670453142363236,49.425222222222224,117.19,38.565743174211946,112.206,-0.0064741326089639995,0.977111111111111,1.5,0.2840171083802596,1.43,0.00038144626908671804,0.9707777777777779,1.47,0.2916525090196862,1.4465,-0.00041659464131374213,val
norm_16_32.csv,norm,scenario_16,norm_scenario_16,0,40.032222222222224,97.77,36.64015068469633,95.9965,0.01767115281722034,42.83211111111111,54.73,5.493120006266563,53.652,-0.010734576285138086,112.23066666666666,344.38,118.71268303832285,317.9765,0.01628283327159795,1.0192222222222223,1.49,0.19318284857556653,1.4,-5.5562415112976587e-05,0.93,1.44,0.20841833471935953,1.24,-0.0011840144873852736,val
norm_16_33.csv,norm,scenario_16,norm_scenario_16,0,40.33388888888889,97.9,36.66135597308518,96.219,-0.005495575585463366,44.016888888888886,47.89,1.5622863139775156,46.924,-0.001757089352594971,117.98866666666666,348.74,126.50254497773042,332.018,0.015461003416059696,1.1733333333333333,1.58,0.21091027966274123,1.5355,-0.0003875375560768823,1.0305555555555554,1.39,0.22344775983053267,1.3655000000000002,-0.0010387290612009707,val
norm_16_34.csv,norm,scenario_16,norm_scenario_16,0,38.95055555555555,89.58,31.530414970742388,84.732,0.025904021072560374,40.18866666666667,44.78,1.9445892665882785,43.4905,0.0011053216446474858,59.315000000000005,147.35,45.38171931243692,133.9925,0.036219039387578617,1.0135555555555555,1.44,0.18425258134646025,1.3529999999999998,-0.0001261061036341934,0.9032222222222223,1.43,0.20006082096426042,1.2165,0.000328188665267317,val
norm_16_35.csv,norm,scenario_16,norm_scenario_16,0,43.72511111111111,104.36,40.938933016193396,102.444,-0.14279705313413174,39.778666666666666,44.69,2.9285116056999163,44.0965,0.007948635634028901,195.50533333333334,601.5,214.37768093622873,552.683,-0.698499567847882,1.0045555555555554,1.48,0.2800849033037602,1.44,0.001833559698728239,0.9975555555555555,1.49,0.2764148937885129,1.4455,-8.725357039963756e-05,val
norm_16_36.csv,norm,scenario_16,norm_scenario_16,0,48.96322222222222,94.64,37.00825136744378,91.062,0.15946569535333577,42.88755555555556,49.72,3.89320794652128,49.256,0.0012401531053216448,114.84077777777777,247.08,92.06243233644695,236.3875,0.47254319463308236,0.97,1.49,0.3036815304066289,1.4155,0.0005472280528460303,1.0146666666666666,1.47,0.27603207760180437,1.43,0.002156480223895953,val
norm_16_37.csv,norm,scenario_16,norm_scenario_16,0,44.833000000000006,95.0,37.88000268292529,95.0,-0.1312195744330576,40.102777777777774,44.89,2.696660868129857,43.9675,-0.012670453142363236,56.93866666666666,100.0,33.12213158070354,100.0,-0.15035650491830274,0.977111111111111,1.5,0.2840171083802596,1.43,0.00038144626908671804,0.9707777777777779,1.47,0.2916525090196862,1.4465,-0.00041659464131374213,val
norm_16_38.csv,norm,scenario_16,norm_scenario_16,0,37.46857029141869,99.0,31.823148747730365,90.92423382529492,-0.007586210568528353,39.85823905369269,47.09964069136751,3.0227424374375147,45.05574596002001,-0.021915694249367113,104.80907023988372,300.01454406364417,105.88952024763137,279.8553292386458,-0.028066076964636255,0.9656517549449971,1.5,0.2139151669057668,1.3196373370027095,-0.0005781177439705161,0.8850433856666405,1.4030930816021123,0.20145094575336028,1.2305639412983722,-0.0009813333375752475,val
norm_16_39.csv,norm,scenario_16,norm_scenario_16,0,14.081888888888887,22.73,3.3285796459489627,20.3025,0.010475778902745182,42.359,44.93,1.4434774257506373,44.6665,-0.0025182532822982232,33.754222222222225,47.7,6.220215317957073,45.45899999999999,0.02091089434909659,0.9913333333333333,1.19,0.11300989317336858,1.1655,-0.0005977692719265754,0.9069999999999999,1.1,0.125424671873626,1.08,8.972301107132481e-06,val
norm_16_4.csv,norm,scenario_16,norm_scenario_16,0,38.97011111111111,85.46,29.912946860434122,81.6325,-0.10125538132279703,39.85044444444444,44.83,2.9576717654533264,44.482,0.007092233609087542,56.590111111111106,115.12,36.56095822430877,109.1195,-0.1319697905091164,1.0828888888888888,1.5,0.19489117934187894,1.42,0.0002219204016956822,0.9754444444444443,1.3,0.1736919726794632,1.2555,0.0009450549450549452,val
norm_16_40.csv,norm,scenario_16,norm_scenario_16,0,38.50677777777778,94.69,33.49861636679026,92.78750000000001,-0.006985800716137874,41.79322222222222,49.9,3.592528397541358,48.912,0.0050933860147343146,103.44922222222223,299.39,105.8867122752752,276.355,0.006807507099642067,1.2904444444444445,1.93,0.3571041805346247,1.8664999999999998,-0.00225328229822612,1.2884444444444443,2.18,0.4411041078447954,2.062,0.0004254023130427624,val
norm_16_41.csv,norm,scenario_16,norm_scenario_16,0,33.641444444444446,79.92,26.500386453027442,78.224,0.0010140346544841603,40.089222222222226,44.92,2.9674781135767105,44.403999999999996,0.02346454294768902,60.00922222222222,149.2,45.63663852424671,142.7575,0.03269251347903024,1.0202222222222221,1.48,0.30207513678664316,1.4555,-0.002447051076264557,0.9478888888888889,1.49,0.2609468258909691,1.381,0.00016504095155780546,val
norm_16_42.csv,norm,scenario_16,norm_scenario_16,0,33.379777777777775,94.4,31.408005491256947,92.61749999999999,0.0889632464913364,39.718888888888884,44.86,2.8864637376665447,44.338499999999996,-0.004988434786187603,110.61366666666666,398.94,134.58582196936104,370.40899999999993,0.33628917150265525,1.1348888888888888,1.48,0.19763912434197245,1.4309999999999998,-0.0010779931678808084,1.1615555555555557,1.49,0.21969289653744772,1.47,3.2431987488167295e-05,val
norm_16_43.csv,norm,scenario_16,norm_scenario_16,0,46.394555555555556,94.58,35.22432264756875,90.7845,0.2263575750092603,40.00955555555556,45.4,2.048933902625544,43.5665,0.009295139317611221,53.880333333333326,106.15,33.18629774944182,102.21499999999999,0.2313735029015929,1.2189999999999999,1.68,0.19457270961222362,1.5465,9.754290653167039e-05,0.902888888888889,1.32,0.18891318048986555,1.2309999999999999,0.0005385026958060666,val
norm_16_44.csv,norm,scenario_16,norm_scenario_16,0,40.034666666666666,94.44,36.261102296748795,89.6185,-0.12185208050376593,43.25977777777778,53.94,4.85032466833558,52.282,0.00642383833395071,94.37477777777778,249.67,91.70742127748328,234.531,-0.19306490513232158,1.008,1.5,0.301778250308982,1.4655,-2.9468658682141565e-05,1.0461111111111112,1.49,0.2981881407616446,1.4609999999999999,0.0016811128945960403,val
norm_16_45.csv,norm,scenario_16,norm_scenario_16,0,47.032000000000004,97.59,36.412054683746355,95.14750000000001,0.022943902539408173,42.819,47.86,2.6642620455186146,47.445,-0.008571510886117618,69.66222222222223,158.23,60.19925879154316,153.304,0.023045314236325474,1.1537777777777778,1.49,0.192456490210696,1.4655,0.00010651520763880295,0.9825555555555556,1.36,0.1902426665072803,1.3055,-0.0013752315100629704,val
norm_16_46.csv,norm,scenario_16,norm_scenario_16,0,14.72388888888889,19.87,3.0095308135742163,19.501,0.0050527225583405335,42.359,44.93,1.4434774257506373,44.6665,-0.0025182532822982232,28.453333333333337,39.75,7.377618598150442,38.696999999999996,0.017821459439436978,0.9786666666666667,1.48,0.28212755104062376,1.4009999999999998,-0.0015037247396797954,1.017,1.49,0.31469782188811474,1.45,2.8398567724410487e-05,val
norm_16_47.csv,norm,scenario_16,norm_scenario_16,0,48.64181818181819,97.99,36.98889580331065,96.0325,-0.2126237187841214,43.059090909090905,47.87,2.2949227499901053,47.1785,-0.0002849494558134619,117.1684090909091,247.97,97.38454871525772,242.838,-0.531103870945018,1.2856818181818181,1.99,0.32676328194006504,1.87,-0.00035838822161952797,1.1857954545454545,1.99,0.3566598611153566,1.87,-0.001408985241801979,val
norm_16_48.csv,norm,scenario_16,norm_scenario_16,0,19.56888888888889,91.3,22.258681651524647,83.94,-0.22675721282462852,35.69555555555556,40.5,1.5585870229521563,39.41,-0.03690332139770343,39.69444444444444,255.8,67.39836353348102,233.04,-0.7133893073218918,1.1977777777777778,1.4,0.1289349437714358,1.4,-7.408322015063596e-05,0.898888888888889,1.1,0.12586281496042742,1.1,0.00022965798246697125,val
norm_16_49.csv,norm,scenario_16,norm_scenario_16,0,18.988444444444443,91.34,19.781124353765286,80.91799999999998,-0.1866900440383587,43.27777777777778,44.9,0.8642497269376858,44.6575,0.031101123595505615,24.374333333333333,98.67,21.803303741519166,90.463,-0.20645865744742153,1.1385555555555555,1.36,0.11926329206406118,1.32,0.0013220562209326258,0.9722222222222222,1.17,0.10235186915050327,1.1355,0.0007069185496151787,val
norm_16_5.csv,norm,scenario_16,norm_scenario_16,0,42.36,94.64,34.51113173286477,91.9185,-0.1039599950611186,41.66122222222222,47.71,2.532611934049391,46.567,-0.006266370333786049,121.3591111111111,298.23,114.86632848413726,293.0475,-0.41602238959542365,1.0010000000000001,1.46,0.24991256898129685,1.3855,0.00015516318887105347,1.113,1.64,0.24907672208206458,1.5555,-0.002044943820224719,val
norm_16_50.csv,norm,scenario_16,norm_scenario_16,0,43.593333333333334,83.5,32.15983187948678,83.0,-0.032621311272996764,40.964444444444446,42.8,1.1911953312129857,42.6,-0.014131785817179075,80.45222222222222,161.8,65.96021992825501,160.60999999999999,-0.014014075811828805,1.23,1.5,0.1126294511148259,1.4,-0.0003745318352059923,0.8522222222222222,1.0,0.05241960731406996,0.9,-3.704161007531787e-05,val
norm_16_6.csv,norm,scenario_16,norm_scenario_16,0,38.63192008721004,82.94686611617193,25.814396240244726,77.5541293896743,0.20437670640602618,42.89020116517265,46.8819504550596,3.2820838977593327,46.729710318087676,0.01687686071097366,41.10417760444181,99.50509891595792,33.97781748623392,95.81923250662446,0.2402437549137049,1.3314071409920238,1.964620343995893,0.25009402808076303,1.864273769668039,-0.0009353775919836203,0.8217778275292396,1.4422308216066668,0.2455492624665167,1.3111560211875415,-0.002473209624645401,val
norm_16_7.csv,norm,scenario_16,norm_scenario_16,0,33.56955555555555,94.08,31.180286588008816,88.2205,0.0918631929867886,40.028555555555556,44.22,1.892413334136065,43.287,0.005505782606906198,44.19188888888889,100.0,31.722757113213227,100.0,0.09305058237642508,1.0122222222222221,1.44,0.18839820234463925,1.3529999999999998,-8.363172408116219e-05,1.002,1.53,0.20270197307288462,1.3165,0.0003343622669465363,val
norm_16_8.csv,norm,scenario_16,norm_scenario_16,0,53.02888888888889,100.0,35.54938614000719,99.91,0.2900223072807342,40.163666666666664,48.16,2.8929505369067003,45.632999999999996,0.017168127752397403,147.09855555555558,307.28,109.00925859617561,273.9855,0.8353585216281841,1.0124444444444445,1.43,0.16300762449329273,1.2765,-0.0007553195867802611,1.0133333333333334,1.44,0.21196247282866004,1.361,-0.0012822982261184506,val
norm_16_9.csv,norm,scenario_16,norm_scenario_16,0,42.196555555555555,93.93,34.233606333678,92.003,-0.14027912911058985,41.517,49.62,3.694496803248514,48.204499999999996,0.0003273655183767645,58.34888888888889,148.68,50.0508734098481,142.2205,-0.1807204181586203,1.1729999999999998,1.79,0.3198856888524153,1.7019999999999997,7.614108737704186e-05,1.1254444444444445,1.67,0.29917550037556356,1.6,0.002226859283039058,val
norm_2_1.csv,norm,scenario_2,norm_scenario_2,0,17.410622022287846,86.99774813436215,12.597318131068496,20.238730212498595,-0.030130942981212265,39.90041540853701,44.33883276568092,2.3354110890815045,43.304445478471784,-0.0025987559231427774,26.97855702415137,96.42931121960912,12.458439718084588,34.60384272077678,0.02622679395240232,1.2017325968967927,1.752775917780428,0.19260467253424174,1.5203479435844163,0.00040531886583155993,0.888115828330727,1.4259808467093495,0.20052889553364373,1.206558387178915,-0.0012784393990137384,val
norm_2_10.csv,norm,scenario_2,norm_scenario_2,0,17.555777777777777,98.82,14.72353340421784,22.345499999999998,-0.0053305346339054096,39.70033333333333,45.65,2.0225184267434635,42.955,0.01870807095526195,32.95622222222222,93.21,12.155912380103729,42.381,-0.019103428406799176,0.965,1.55,0.1925713059237241,1.253,-8.256163312343108e-05,0.8997777777777778,1.35,0.17452972302655304,1.1555,-0.0007309544388196074,val
norm_2_11.csv,norm,scenario_2,norm_scenario_2,0,16.758888888888887,92.22,11.902164890835582,19.7175,-0.006608223237436719,40.73877777777778,47.16,2.9830358669936037,44.81,0.01153055932831214,31.85511111111111,98.0,11.108922139933785,44.48749999999998,-0.029190435033131668,1.0124444444444445,1.43,0.16300762449329273,1.2765,-0.0007553195867802611,0.9137777777777777,1.34,0.21106779238853637,1.261,-0.0012791702679343128,val
norm_2_12.csv,norm,scenario_2,norm_scenario_2,0,17.7670862368793,95.37395425857544,14.063645017322381,20.694802592354943,-0.018582537731799503,40.02607732222162,45.440036345212064,2.994657637103557,44.15069222412222,-0.014763050485511143,29.990823820263167,99.18427633655384,12.968460417863398,35.497088757132694,-0.005419813892007703,1.152691930337847,3.540928092192077,0.8847076876942153,2.6995877139745286,0.004959256670903257,1.0778820111645142,3.083202895545416,0.8406038192517921,2.664803147405779,-0.0055646066421023346,val
norm_2_13.csv,norm,scenario_2,norm_scenario_2,0,17.452333333333335,95.55,13.834164764057897,19.857499999999998,-0.02066930073671646,39.96044444444445,44.86,2.7365593550333402,44.089999999999996,-0.022478989175618393,31.80411111111111,92.12,11.99935278165147,39.1025,-0.017548750874593573,0.9964444444444445,1.5,0.27011155045256796,1.4055,-0.0018300201670988184,0.9984444444444445,1.5,0.2935061629087509,1.4364999999999999,-0.00012709387990286855,val
norm_2_14.csv,norm,scenario_2,norm_scenario_2,0,18.518816587435975,85.23420260106526,15.336324448213773,50.55427460400312,-0.0019585284001998626,45.03881578722488,49.0147801258934,1.8186602686862892,47.98407129588686,-0.010077851222547783,23.216433290457896,78.05413819196978,12.675912504644694,47.90126041120135,-0.02351197826515156,1.1918164290546012,1.5232492770281816,0.19149535230984185,1.4837469389898874,-4.8887985073590625e-05,0.9867455717764465,1.4229712657975797,0.20272933767505014,1.3145400527044562,0.0003032325504646665,val
norm_2_15.csv,norm,scenario_2,norm_scenario_2,0,18.67850784332593,84.41576819812023,14.720182252869341,65.20699675329368,-0.007777667346544236,40.163666666666664,48.16,2.8929505369067003,45.632999999999996,0.017168127752397403,40.669585032928474,208.4789384016363,40.78342861499223,180.38829346480026,-0.04698035356899866,1.0124444444444445,1.43,0.16300762449329273,1.2765,-0.0007553195867802611,0.8133333333333334,1.24,0.21196247282866,1.1609999999999998,-0.0012822982261184506,val
norm_2_16.csv,norm,scenario_2,norm_scenario_2,0,16.092222222222222,74.65,8.430244345530163,19.7175,0.0031872247602584506,40.10911111111111,45.44,1.9280394912061427,43.752,0.011430711610486876,33.50588888888888,183.43,21.128181983315557,41.1875,-0.02513339095361569,1.0124444444444445,1.43,0.16300762449329273,1.2765,-0.0007553195867802611,0.8188888888888889,1.24,0.20217049454339306,1.1609999999999998,-0.001174465983454747,val
norm_2_17.csv,norm,scenario_2,norm_scenario_2,0,16.964574571479336,90.021065398747,10.55348161538036,19.626047757665724,0.004370797905273204,39.778916238634174,44.68985048023643,2.928695137849717,44.1000617895386,0.007954824535202352,31.714372699973588,95.22922329504355,10.454747809951721,39.56932011935144,0.039516007799108764,1.0045365116722187,1.4844980089980455,0.2799518113305916,1.4391929323371495,0.0018198205677610133,0.9974956881790779,1.489831408111988,0.2761329358818575,1.4436875181994044,-8.904862440675835e-05,val
norm_2_18.csv,norm,scenario_2,norm_scenario_2,0,17.403777777777776,90.87,11.44467096220807,19.501999999999995,0.008077046548956631,44.98488888888889,49.13,1.3082171111812881,47.1655,-0.000756471992427049,32.51533333333334,99.63,11.519978464399344,38.73999999999999,-0.0074470099189200435,1.1692222222222222,1.5,0.20918368777455204,1.4555,0.00070337901798576,1.0002222222222221,1.29,0.15625517719263138,1.2555,0.0004818701897353585,val
norm_2_19.csv,norm,scenario_2,norm_scenario_2,0,15.826072201576121,96.60592753519543,16.54414267174193,14.825818436710748,0.08020254590419007,42.4408931439758,44.96494630301056,1.4640763871924,44.74927954420552,-0.002568554012721154,27.187931042842912,98.7349321874326,14.891822549763011,29.81561945201631,0.0638636500715955,1.0067884876254483,1.1963223002972536,0.10402051420380459,1.177474464454115,-0.0003042430830690936,0.906010956383794,1.0898569860609202,0.11809383734934834,1.0823658908831875,-4.068860536249447e-05,val
norm_2_2.csv,norm,scenario_2,norm_scenario_2,0,18.965608646678653,94.6405732177623,16.71948569004259,53.45151802171484,-0.0037282196965158034,40.3864279840273,45.53741882462975,2.8079251871999107,44.825166104045614,-0.009801355795344852,32.88355867151185,92.47030701904052,14.980849346049016,66.3404876494883,0.018961272083180554,0.9934028501313699,1.49895603106088,0.3066674004002462,1.4431060965667686,-0.0014875067449573905,0.9889296337335001,1.5636623039862036,0.2984344289329394,1.4626665599275674,0.0005811165553564941,val
norm_2_20.csv,norm,scenario_2,norm_scenario_2,0,19.10622643997905,87.77946937115577,14.641782016778548,56.44400307369991,0.0035791855305320457,40.26940577416723,48.35705288106696,3.050185840689331,45.90256023515028,-0.008601989514991507,34.882939216688264,99.46679030146436,16.573210739451724,88.06514790662287,0.012815814322099096,0.9801568463503254,1.51992148595134,0.24425303178735866,1.4037089070903908,-0.00032546671936441353,0.9768463585579956,1.489243004588541,0.2087130726993146,1.27889066883029,-0.0002252716595553491,val
norm_2_21.csv,norm,scenario_2,norm_scenario_2,0,17.33948633043653,84.5428221111282,11.790206605571921,18.967036521565717,0.010978140309110136,40.26940577416723,48.35705288106696,3.050185840689331,45.90256023515028,-0.008601989514991507,33.056277283742446,106.04833224292716,12.811673153410103,41.15191251868252,0.029978800390522625,0.9801568463503254,1.51992148595134,0.24425303178735866,1.4037089070903908,-0.00032546671936441353,0.7768463585579958,1.289243004588541,0.20871307269931458,1.0788906688302902,-0.00022527165955535044,val
norm_2_22.csv,norm,scenario_2,norm_scenario_2,0,18.543777777777777,94.49,15.687545018711738,22.528999999999993,0.018676215170597185,40.618,52.64,2.978296096839506,44.918499999999995,-0.004292217146149706,33.79188888888889,97.92,14.158004516796423,42.855999999999995,0.034246779437790704,0.9805555555555555,1.52,0.24394400311174338,1.4064999999999999,-0.00032423756019261626,0.8768888888888889,1.39,0.20920203902826331,1.1809999999999998,-0.0002474379553031238,val
norm_2_23.csv,norm,scenario_2,norm_scenario_2,0,17.18492252019115,89.2675439955106,12.055863891270654,19.84325985339156,0.00708833093508499,39.92557481394255,41.84489921255482,0.9039860514904077,41.66280824720236,-0.021976549926197558,29.325202414476507,91.29835447241982,11.459790953790673,34.64983754151855,0.013250198142750191,1.022938210080564,1.4964389235440017,0.3042495648543079,1.4459555873451115,-0.0002984130745775104,1.0156045440940042,1.4986343876255313,0.2704441898183765,1.4563250204740987,-0.00025825456820043866,val
norm_2_24.csv,norm,scenario_2,norm_scenario_2,0,14.588777777777779,96.62,13.09211717780029,17.951499999999996,-0.01709371527349056,40.17377777777778,45.0,2.0173341947811245,43.937,-0.005522657118162708,27.86077777777778,96.81,11.935212488308435,36.152499999999996,0.0011829443964275562,0.9822222222222223,1.5,0.23911248717517056,1.4064999999999999,-0.0003559287154792771,0.8776666666666666,1.39,0.20770035676966758,1.1809999999999998,-0.0002369839897929785,val
norm_2_25.csv,norm,scenario_2,norm_scenario_2,0,17.695666666666668,85.22,12.140484233165095,21.7535,-0.004953615672716803,39.97988888888889,45.5,1.7439278245324628,42.891,-0.0009870354364736398,32.66788888888889,100.73,12.002973835112364,39.748,-0.025566530847429738,1.1692222222222222,1.5,0.20918368777455204,1.4555,0.00070337901798576,1.0002222222222221,1.29,0.15625517719263138,1.2555,0.0004818701897353585,val
norm_2_26.csv,norm,scenario_2,norm_scenario_2,0,17.759888888888888,92.86,14.974555835129996,19.654999999999998,-0.03255685887146562,39.882222222222225,44.93,2.9279216764320806,44.501,-0.005133144009548484,12.317555555555554,97.47,16.902151402926215,14.815,-0.03242770712433633,1.1617777777777778,1.49,0.18207035174286418,1.4609999999999999,-0.000537514919537391,1.0090000000000001,1.28,0.17674999801344496,1.27,-5.7208708894102e-05,val
norm_2_27.csv,norm,scenario_2,norm_scenario_2,0,18.658324379357023,92.62938154718402,16.656645482817666,54.08423376229888,-0.03719985489753786,39.84078441266695,44.8378230407768,2.8258679981090387,44.001878640178006,-0.017872209174887313,30.770347541843496,106.83806254620475,15.98218522433119,62.3197440500911,-0.02779982215026457,1.022938210080564,1.4964389235440017,0.3042495648543079,1.4459555873451115,-0.0002984130745775104,1.0156045440940042,1.4986343876255313,0.2704441898183765,1.4563250204740987,-0.00025825456820043866,val
norm_2_28.csv,norm,scenario_2,norm_scenario_2,0,19.660888888888888,97.69,18.560988607221415,67.85799999999989,0.022634070049800448,41.303555555555555,44.9,2.0205046155288247,44.5375,-0.0035039716837469595,36.83388888888889,94.93,14.652179244628737,76.56049999999992,0.023686298720006587,1.0396666666666667,1.29,0.1411306670023894,1.2555,-0.0007478289500761401,0.9588888888888889,1.2,0.15700457621931835,1.18,2.930402930402937e-05,val
norm_2_29.csv,norm,scenario_2,norm_scenario_2,0,18.568984711159658,94.49040720878958,15.688560205354145,22.525836977796995,0.014090924542058555,40.179603849444824,45.571368587377975,2.0334572271262203,43.93504015676685,-0.005734659676660981,33.76972179939567,99.87274621531414,14.27863473571937,42.853905960481804,0.029767608185196078,0.9801568463503254,1.51992148595134,0.24425303178735866,1.4037089070903908,-0.00032546671936441353,0.7768463585579958,1.289243004588541,0.20871307269931458,1.0788906688302902,-0.00022527165955535044,val
norm_2_3.csv,norm,scenario_2,norm_scenario_2,0,18.918444444444447,95.0,17.2119471122751,53.210499999999826,-0.04683952751368483,39.550333333333334,48.47,3.033927794982694,44.432,0.028074494793595917,34.104,93.21,14.584043442957354,68.06799999999988,-0.055022101494011606,0.9644444444444444,1.5,0.19092978361732826,1.253,-4.757789027451993e-05,0.8007777777777777,1.2,0.1691168585924383,1.0555,-0.0007338354529365764,val
norm_2_30.csv,norm,scenario_2,norm_scenario_2,0,13.134222222222222,92.8,14.701142428876311,33.139999999999986,-0.05486702061982963,40.141888888888886,47.97,3.211903735402594,44.858000000000004,-0.007672963740379447,21.514333333333333,95.3,15.215576292408787,47.18999999999999,-0.07327892332386715,1.0172222222222222,1.49,0.26010381582407094,1.4409999999999998,-0.0007675844754496438,1.015111111111111,1.47,0.29566624230954774,1.4555,-9.367411614602666e-05,val
norm_2_31.csv,norm,scenario_2,norm_scenario_2,0,16.763444444444445,87.64,10.464052984213597,21.861,0.016209161624891937,39.821777777777775,43.55,1.6665105694691267,42.7085,0.008570111536403672,31.628666666666668,91.01,10.089881815768694,38.331,0.026020660986953124,1.0085555555555554,1.5,0.20335700113989003,1.3909999999999998,-0.000428612585915957,0.9149999999999999,1.5,0.19451610949721512,1.1955,-6.823887722764112e-05,val
norm_2_32.csv,norm,scenario_2,norm_scenario_2,0,18.300969261369925,90.7681489218129,14.93594122711433,19.768283889231334,0.0046343280076444155,39.691906348936186,44.898940079663454,2.9278113199235105,44.63940755826328,-0.015233362049390988,32.405221317070904,89.68755639445442,13.204567207124812,39.754549515512295,0.0009941604374959613,0.9788345209531514,1.4812317419054573,0.30067920282134647,1.4402246256649374,0.0010903625013763737,1.0248039929874702,1.4762986482977056,0.28937843168582306,1.4585853849407169,0.001843206817239318,val
norm_2_33.csv,norm,scenario_2,norm_scenario_2,0,18.96911111111111,94.06,17.842191106213992,57.57549999999982,-0.02947244515783842,41.303555555555555,44.9,2.0205046155288247,44.5375,-0.0035039716837469595,26.61411111111111,89.85,14.800243385065619,57.558999999999855,0.007418775980573711,1.1348888888888888,1.48,0.19763912434197245,1.4309999999999998,-0.0010779931678808084,1.0097777777777777,1.29,0.18864971271477146,1.27,1.5145902786352385e-05,val
norm_2_34.csv,norm,scenario_2,norm_scenario_2,0,17.521105476908286,94.33239573223784,13.791469667720483,19.62506770981344,-0.01313440398273851,41.28433444425533,44.92925805576442,2.049467923946459,44.74758529078429,-0.01066335343457367,34.54650638285074,94.60383309939968,11.700608266472235,39.791298348571964,-0.012260007186217047,1.135184164667206,1.48686221933382,0.21047544197494253,1.4581572379654562,0.0007632537509634623,1.0148823957924822,1.2857791889786232,0.1736270590114939,1.2751512309644304,0.001105924090343591,val
norm_2_35.csv,norm,scenario_2,norm_scenario_2,0,19.302777777777777,92.62,15.868685793929721,53.57399999999984,-0.017539696258797376,40.05133333333333,45.45,1.927720432898851,42.7815,-0.00656393793472445,34.666444444444444,94.06,16.03868219467618,83.79799999999999,-0.0314741737663086,1.0072222222222222,1.45,0.20500494802347416,1.3119999999999998,0.00038202247191011226,0.9458888888888889,1.47,0.20702762364913466,1.311,0.0006742396180598427,val
norm_2_36.csv,norm,scenario_2,norm_scenario_2,0,17.830000000000002,89.78,14.957478006489152,20.190999999999995,0.01607161377947895,45.10911111111111,50.44,1.9280394912061427,48.752,0.011430711610486876,32.54311111111111,89.57,13.056599230682606,45.79949999999998,-0.0076592171873070955,1.2124444444444444,1.63,0.1630076244932927,1.4765,-0.0007553195867802612,1.0133333333333334,1.44,0.21196247282866004,1.361,-0.0012822982261184506,val
norm_2_37.csv,norm,scenario_2,norm_scenario_2,0,17.380333333333333,91.82,13.308311794100286,19.7385,-0.04621105486274025,41.63322222222222,44.99,1.9444573072519085,44.564,0.0039304440877474785,28.932000000000002,94.72,10.787820348206054,34.3125,-0.02442359138988352,1.1486666666666667,1.49,0.20291803847139528,1.46,-0.0005016257151088609,0.9858888888888889,1.3,0.18254071083216236,1.2655,0.0007970531341317856,val
norm_2_38.csv,norm,scenario_2,norm_scenario_2,0,18.813111111111112,96.38,15.761759059165984,43.77849999999994,-0.020190146931719992,39.565,44.89,2.9637166349256185,44.589999999999996,-0.005529159978598177,33.36877777777778,88.49,12.452410156837402,48.10199999999996,-0.01386022965798247,1.0023333333333333,1.48,0.27596633079116206,1.4255,0.0011187389389636581,0.99,1.49,0.28767569131017395,1.4155,0.001682841503066222,val
norm_2_39.csv,norm,scenario_2,norm_scenario_2,0,19.87747837129606,97.6889613913263,19.793422525533348,88.96705360973046,0.027595916377871482,39.71843233989859,44.856504541106005,2.886429830564218,44.33565437359362,-0.005000801149414107,35.504026396877464,128.9526181269638,19.677398124536552,92.16455650622093,0.03605998348327843,0.9780728734944356,1.4758520794625345,0.2822728618789284,1.402784707723964,-0.001501948823414253,1.0171819910267985,1.4905051420006732,0.3141525221409845,1.450361815988518,4.211839309798886e-05,val
norm_2_4.csv,norm,scenario_2,norm_scenario_2,0,16.689,90.02,10.653197552373072,19.005999999999997,0.015592953862616755,40.05777777777777,46.02,2.728022610938692,44.474,-0.015103428406799202,32.82988888888889,111.31,12.712715698738558,40.894999999999996,-0.015464049059554693,0.9917777777777779,1.32,0.19117365350057802,1.28,-4.165123266246855e-05,0.7868888888888889,1.22,0.20236602972711504,1.1155000000000002,0.00028546734164711714,val
norm_2_40.csv,norm,scenario_2,norm_scenario_2,0,19.565444444444445,98.23,18.30294064671313,57.782499999999814,-0.006478906860929351,39.55377777777778,48.88,4.166464720199747,46.769,0.021398197308309667,38.821333333333335,192.2,35.8322530376309,112.94999999999963,-0.00781495657900155,1.0126666666666666,1.76,0.21521768441601924,1.3909999999999998,-0.0003366670782401123,0.8153333333333332,1.43,0.19555280329467156,1.0955000000000001,-8.132691278758708e-05,val
norm_2_41.csv,norm,scenario_2,norm_scenario_2,0,19.25396195770539,95.2457317532206,17.399049416007323,55.96342322034478,-0.016623174004941163,39.51897388201157,44.73925782084154,3.076659890220954,44.5215537547974,-0.02280426868949882,34.1275032547587,117.8601939979476,18.93265108972886,71.95960817371825,-0.004811001945370804,0.9928120921560948,1.4951137450042975,0.30578045752912514,1.47263240298278,0.0012411511891748106,0.9616189520032481,1.4744374624989425,0.25046701747336897,1.3829352797112804,0.0007154631149531277,val
norm_2_42.csv,norm,scenario_2,norm_scenario_2,0,18.11362568656295,89.30364154291695,14.595495970707539,19.742033331695836,-9.496373401148902e-05,40.37572111359993,44.95783792651066,2.7884337951903793,44.199845267407504,0.005957707840014453,32.241351790288235,96.41344771399392,13.515540475208573,39.53883331181023,0.011069236737996415,1.1204804550531793,1.4922030719849175,0.2264521581272454,1.4765582634587915,-0.0001407813570251213,1.0653025618978504,1.3994248697012497,0.18822354470293154,1.3403427669792671,-0.0005698649247575188,val
norm_2_43.csv,norm,scenario_2,norm_scenario_2,0,18.92825470675482,93.13552659831409,16.799600454065253,54.71692715559519,-0.020929225261419212,39.99088389402031,54.09251562779758,3.5536466376773594,44.84670518686185,-0.0096875877308059,31.693424038943714,95.95494213956472,15.52784152082595,65.52930472264995,-0.025389495101227136,1.151744416559483,1.483813244220546,0.1931078837447157,1.4487719562899521,0.0007762421236986872,0.9942309241052801,1.2968840821731118,0.17271064209229148,1.2496433798976032,0.0010170584816034237,val
norm_2_44.csv,norm,scenario_2,norm_scenario_2,0,18.949666666666666,90.98,16.347519514276865,53.20399999999983,-0.03769543565049183,39.51888888888889,44.74,3.076730149766454,44.522999999999996,-0.022801498127340825,35.26144444444445,146.43,23.841390152568522,80.35499999999979,-0.04176984812939871,0.9926666666666667,1.5,0.30590738115105465,1.4755,0.0012380129234061822,0.9623333333333334,1.47,0.2506846804030195,1.3855,0.0007242869490060502,val
norm_2_45.csv,norm,scenario_2,norm_scenario_2,0,19.636,93.6,18.676711978747186,84.24949999999998,0.004685022842326175,39.718888888888884,44.86,2.8864637376665447,44.338499999999996,-0.004988434786187603,14.770222222222221,82.98,16.410514577980408,70.725,0.007215376383915708,0.9786666666666667,1.48,0.28212755104062376,1.4009999999999998,-0.0015037247396797954,1.017,1.49,0.31469782188811474,1.45,2.8398567724410487e-05,val
norm_2_5.csv,norm,scenario_2,norm_scenario_2,0,16.830570811798143,85.0,11.118731867200397,21.01011868542781,-0.005466125911490172,45.03881578722488,49.0147801258934,1.8186602686862892,47.98407129588686,-0.010077851222547783,33.00682149047959,95.0,12.321000326110227,41.945008431337484,-0.0454758408507755,1.1918164290546012,1.5232492770281816,0.19149535230984185,1.4837469389898874,-4.8887985073590625e-05,0.8867455717764465,1.3229712657975796,0.2027293376750501,1.214540052704456,0.00030323255046466605,val
norm_2_6.csv,norm,scenario_2,norm_scenario_2,0,19.67822222222222,93.04,17.35205259870615,77.8595,-0.015151664814586152,39.900777777777776,44.34,2.335498035464369,43.307500000000005,-0.0026023788945137368,33.888444444444445,90.35,15.227894563397712,85.58099999999999,0.04038704366794247,1.0015555555555555,1.55,0.1924759498247089,1.321,0.0003936288430670454,0.7888888888888889,1.33,0.2002719748744189,1.11,-0.0012855908136807015,val
norm_2_7.csv,norm,scenario_2,norm_scenario_2,0,19.137172456459005,88.11424966173749,16.345369230639953,62.38421533927926,0.006232926758726793,40.10415860486627,45.0,1.9152798520774699,43.75400155136187,0.011114157753474001,33.86181475112291,99.11551067247,15.375805524327802,72.83808977882589,-0.013586921917334538,1.1089414780336309,1.4924041136005386,0.24409267118271893,1.4527274027746557,-0.00012050848291401412,0.9398465348948227,1.2943718368954404,0.2533641562066761,1.2846225988418831,0.000933415392227631,val
norm_2_8.csv,norm,scenario_2,norm_scenario_2,0,18.18651810874305,80.68192575778434,14.126711745346665,47.55277583917034,-0.0127432196156655,39.696682369596175,45.22273072561508,2.0863922814801397,42.95365841287489,-0.0026809244096114115,33.65523342638461,98.63425229458372,14.574594120489738,62.05598536888857,0.0029945956453413178,0.9830312042478349,1.502781457000435,0.20176065789764072,1.3229902041225279,0.000229450147146985,0.9047763116385485,1.4432890764334134,0.18911699122782744,1.214432207668035,-0.0012221652920578593,val
norm_2_9.csv,norm,scenario_2,norm_scenario_2,0,16.91747391372503,63.42589948819366,9.593705052772949,19.546547648109375,-0.009614907971305726,40.05822368083731,46.02217018884009,2.7279904030294335,44.476106943830274,-0.015116776833821705,33.20410535801471,91.72257917928935,13.006112291089687,41.945008431337484,-0.047025888743475984,0.9918164290546012,1.3232492770281816,0.19149535230984183,1.2837469389898875,-4.88879850735923e-05,0.8867455717764465,1.3229712657975796,0.2027293376750501,1.214540052704456,0.00030323255046466605,val
norm_3_1.csv,norm,scenario_3,norm_scenario_3,0,53.93511111111111,96.78,30.54910867764805,94.213,-0.007755031485368598,56.419333333333334,64.79,6.6323842544650855,63.2175,0.01889566613162121,152.88177777777778,294.3,97.5756706480769,282.79749999999996,-0.023738733176935006,1.4649999999999999,2.05,0.19257130592372412,1.753,-8.256163312343118e-05,0.9997777777777779,1.45,0.17452972302655312,1.2555,-0.000730954438819607,train
norm_3_10.csv,norm,scenario_3,norm_scenario_3,0,54.00944444444445,94.95,36.583756644851114,93.36149999999999,0.17588533563814476,40.328,44.8,2.791864666241317,44.2875,-0.006538091122360797,147.47244444444445,295.24,113.8700046456594,292.1305,0.502326707000864,0.9796666666666667,1.48,0.2861462264670781,1.46,0.0011821212495369796,0.9918888888888888,1.48,0.2892411398017366,1.4055,-0.0004618677202946866,train
norm_3_11.csv,norm,scenario_3,norm_scenario_3,0,61.68444444444445,93.54,33.328697966090076,92.633,-1.0452536527143268,49.81333333333333,63.56,7.789593605530762,59.2305,-0.2141813392599909,62.748,104.39,38.073440983375896,95.027,-1.160054821582911,1.0121111111111112,1.5,0.30403464632717586,1.4555,-0.0011840968020743292,0.963111111111111,1.5,0.3131236050028606,1.4355,0.0001093139070667156,train
norm_3_12.csv,norm,scenario_3,norm_scenario_3,0,68.59144444444445,97.74,34.23564725303084,96.963,0.08637239165329054,39.87566666666667,44.97,2.804246398797462,44.7695,-0.007185002263653947,214.28755555555557,347.01,122.11888811484893,333.958,0.23758241758241794,0.9751111111111112,1.5,0.3028154198960836,1.4455,-0.0015536074412478894,0.9777777777777777,1.49,0.2736058749031591,1.4319999999999997,0.0012533234555706467,train
norm_3_13.csv,norm,scenario_3,norm_scenario_3,0,69.30122222222222,94.52,29.62003345095099,92.699,-0.560276824299296,55.443777777777775,64.8,8.924529078663202,64.079,-0.16833008190311555,269.90866666666665,445.83,138.22737599551957,426.7495,-2.5317054780425576,1.1603333333333334,1.49,0.18514767868204102,1.46,-0.0014386138206362923,0.9905555555555556,1.29,0.1693036704680603,1.2655,-0.00032061571387414096,train
norm_3_14.csv,norm,scenario_3,norm_scenario_3,0,58.41677777777778,94.95,36.81418659218813,94.3055,0.37359468247108696,44.712555555555554,54.93,6.3606998344930075,54.113,0.06399053381075853,52.41488888888889,89.01,34.8827232999228,87.8455,0.37687945013787694,1.0045555555555554,1.49,0.27564902415816894,1.4609999999999999,-0.0001958266452648478,1.0183333333333333,1.5,0.27875022043625075,1.4609999999999999,-0.001784829402806931,train
norm_3_15.csv,norm,scenario_3,norm_scenario_3,0,43.830444444444446,95.11,33.904152869858315,87.9455,0.1451734782071861,45.717,60.02,8.06284995059704,57.6235,0.06005375149195375,54.724111111111114,94.53,29.443477288169884,92.72,0.10730304152776043,0.965,1.55,0.1925713059237241,1.253,-8.256163312343108e-05,0.7997777777777778,1.25,0.17452972302655312,1.0555,-0.0007309544388196071,train
norm_3_16.csv,norm,scenario_3,norm_scenario_3,0,55.05,96.68,37.998670999823254,94.95649999999999,0.19532123307404234,46.464444444444446,59.85,7.32748329821658,58.0565,0.03452557928962427,56.590555555555554,92.21,26.377204380370664,87.5815,0.12105272255834044,1.1631111111111112,1.49,0.20601976802961472,1.4509999999999998,-7.457710828497322e-05,1.0054444444444444,1.29,0.18180840088321099,1.26,0.0009304029304029305,train
norm_3_17.csv,norm,scenario_3,norm_scenario_3,0,69.91088888888888,100.0,34.15310059277012,100.0,-0.2168172202329506,54.60777777777778,63.86,7.165336153820936,61.6955,-0.04315331110836727,105.38822222222223,175.05,51.63645562597208,170.9455,-0.30531143762604424,0.9857777777777778,1.49,0.2650502508123326,1.4009999999999998,0.001411203029180557,1.053111111111111,1.5,0.2852227375009146,1.47,0.0004841750010289335,train
norm_3_18.csv,norm,scenario_3,norm_scenario_3,0,59.64655555555555,92.87,33.681464384118996,91.7515,-0.8632957978351238,51.11011111111111,64.76,9.4062814888876,63.128,-0.24012454212454212,55.63744444444444,109.68,42.61802344794088,105.8155,-0.9677342058690372,1.1655555555555557,1.5,0.21246076233174618,1.4655,-0.00020479894637198025,1.009111111111111,1.3,0.1623953038317818,1.2755,-0.0001537638391570976,train
norm_3_19.csv,norm,scenario_3,norm_scenario_3,0,71.48022222222222,99.44,34.16088692431273,97.4445,-0.488777050664691,47.08033333333333,54.96,4.912035997470841,53.955,-0.05063728032267358,74.34366666666666,99.77,28.154383515246714,98.6625,-0.43390385644318213,1.9608888888888887,2.98,0.7150133878599593,2.851,-0.008032925875622505,1.494,2.44,0.5235269328680253,2.352,-0.0023094209161624887,train
norm_3_2.csv,norm,scenario_3,norm_scenario_3,0,63.75033333333333,94.96,34.274887405055225,93.9145,0.6321749187142449,43.56188888888889,49.88,3.8204482043207473,49.0135,0.05027180310326378,177.15133333333335,291.3,106.34006779397392,286.351,1.9670736304893615,0.9708888888888888,1.5,0.28977187635206125,1.4755,-0.0003002839856772441,0.9904444444444445,1.5,0.2778768262859761,1.4409999999999998,0.0015965757089352595,train
norm_3_20.csv,norm,scenario_3,norm_scenario_3,0,54.11233333333333,94.94,36.28482584537528,92.9715,0.17143737910030046,46.55211111111111,57.97,7.00146702034322,56.5355,0.038748569782277725,63.19111111111111,104.74,33.410442370997096,102.522,0.19225830349425843,1.1534444444444445,1.49,0.19554108801891346,1.46,0.0012626250154340042,0.9982222222222222,1.29,0.16597399131417867,1.2655,-5.548010042392077e-05,train
norm_3_21.csv,norm,scenario_3,norm_scenario_3,0,53.26766666666667,95.98,35.12209228398124,91.286,-0.47118138041733537,50.632555555555555,60.8,5.583066001761483,59.111,-0.07179956373214796,53.87166666666666,100.0,40.288814246274185,100.0,-0.5368204305058236,0.9824444444444445,1.52,0.23960787775269116,1.4064999999999999,-0.0003702514713750667,0.7851111111111111,1.29,0.1955990191173014,1.081,-1.92616372391656e-05,train
norm_3_22.csv,norm,scenario_3,norm_scenario_3,0,65.8814149353625,94.4671596188823,29.328652491878245,93.36148446941431,0.09415904263455499,50.33451309317747,59.879393747394495,7.08913252610237,59.23183505071268,0.01276512817037165,95.43568379068705,148.7056711713817,41.330052727714715,143.79561199958178,0.08381720515071733,1.0425723834072227,1.498638306940116,0.26452723253665344,1.4493160346467824,0.0012347057041537945,0.9848677661654404,1.4540056071522347,0.3039507859394108,1.4124318943382856,0.0018033847848121676,train
norm_3_23.csv,norm,scenario_3,norm_scenario_3,0,44.190888888888885,94.94,36.59398733826855,92.49199999999999,-0.12550520640408255,42.73255555555556,54.73,4.843733948545753,51.0575,-0.0058985883030826785,98.93633333333334,248.94,83.96410325084823,231.0065,-0.3129040622299049,1.0911111111111111,1.77,0.34189966477613337,1.642,-0.0001685804831872246,1.0582222222222222,1.76,0.3235948978701464,1.6075,0.0003890192204798946,train
norm_3_24.csv,norm,scenario_3,norm_scenario_3,0,75.45077777777777,100.0,32.671108125220314,100.0,-0.4403398773511133,54.01566666666667,64.64,8.255950941899803,62.95,-0.10866106926781084,78.24133333333333,100.0,30.720345971834583,100.0,-0.4400609128699016,0.9732222222222222,1.5,0.290043885783513,1.4355,0.0005198172613902952,1.389888888888889,2.0,0.33840503105553166,1.9255,-0.0005947236284314935,train
norm_3_25.csv,norm,scenario_3,norm_scenario_3,0,56.67211111111111,93.81,29.2297698982069,89.942,-0.15684265547186876,50.724,67.74,9.780943728736974,64.786,-0.04938420381117004,86.13022222222223,174.31,56.46431174709967,159.629,-0.29065958760340793,1.1305555555555555,1.49,0.1718789821919795,1.43,-1.4898958719183642e-05,1.0067777777777778,1.29,0.1838283748792242,1.261,0.0008913857677902622,train
norm_3_26.csv,norm,scenario_3,norm_scenario_3,0,39.949666666666666,98.71,35.01006010958,94.92399999999999,-0.1261450384821172,46.736222222222224,59.8,7.252932545657663,58.717999999999996,-0.019795201053627996,50.025444444444446,98.23,31.04511929148802,97.6555,-0.08554265958760363,0.8875555555555555,1.2,0.18408175462147072,1.15,0.0009706548133514412,0.7668888888888888,1.1,0.18513065197887232,1.05,0.00039132403177346913,train
norm_3_27.csv,norm,scenario_3,norm_scenario_3,0,62.35533333333334,95.58,33.26951900511128,92.961,-0.1863797176606165,50.314,66.33,8.157618593903216,61.969500000000004,-0.046337243281063555,60.02733333333333,96.76,35.73916788201533,93.917,-0.23505436885212164,0.9892222222222222,1.43,0.20065750224820744,1.2855,-8.91468082479317e-05,0.7707777777777778,1.27,0.21179398394537952,1.1065,0.00021080791867308723,train
norm_3_28.csv,norm,scenario_3,norm_scenario_3,0,71.16976692250688,95.97596540140238,28.10494334215045,91.61287813406732,-0.2454154597608211,59.76851402895049,73.11298713261772,10.150851028364176,68.49452902729648,-0.0972430504520221,78.39707480077003,100.0,24.48880443530038,99.03951538928253,-0.2062132742638298,0.9801568463503254,1.51992148595134,0.24425303178735866,1.4037089070903908,-0.00032546671936441353,0.8768463585579956,1.389243004588541,0.20871307269931458,1.17889066883029,-0.00022527165955535012,train
norm_3_29.csv,norm,scenario_3,norm_scenario_3,0,43.92611111111111,94.94,35.958637495729924,91.85249999999999,-0.11750314853685648,43.747,54.84,5.492590197589082,53.2215,-0.0032240194262666425,117.11144444444446,298.94,107.6752632495861,282.877,-0.41150849899164527,1.3884444444444444,1.98,0.332558725442087,1.9309999999999998,0.001016257151088612,0.9672222222222222,1.47,0.27180225701114874,1.4019999999999997,0.0018628637280322675,train
norm_3_3.csv,norm,scenario_3,norm_scenario_3,0,63.29777777777778,94.64,34.83249818542597,93.2715,0.6470453142363247,49.88822222222222,59.8,7.76646675089509,59.046,0.1263565049183027,59.48811111111112,94.93,35.721107627002205,92.252,0.6603803761781285,1.2463333333333333,1.76,0.2944141010912152,1.7265,0.001981561509651397,1.1414444444444445,1.68,0.3210291075434396,1.6255,0.0016169074371321557,train
norm_3_30.csv,norm,scenario_3,norm_scenario_3,0,44.92022222222222,94.77,35.83905659302644,93.3445,-0.11793521833971263,51.29322222222223,64.9,7.41161187760259,63.912,-0.017748940198378416,99.33933333333333,249.39,85.3066156634704,231.373,-0.2324733094620735,1.003,1.44,0.19252578989652508,1.341,-0.0007221467670905873,0.8594444444444443,1.2,0.22501116632022736,1.16,0.0006694653660945792,train
norm_3_31.csv,norm,scenario_3,norm_scenario_3,0,69.65466666666667,94.64,30.1325293709661,93.491,-0.032482528707247875,53.931111111111115,64.58,7.94848589135338,63.573,0.007584146190887859,72.06822222222223,99.92,34.08075731664286,98.5125,-0.006768407622340048,1.9923333333333333,2.97,0.7002809227635126,2.9055,-0.0010836728814256882,1.5288888888888887,2.45,0.4910764247358407,2.3529999999999998,0.0018771041692390005,train
norm_3_32.csv,norm,scenario_3,norm_scenario_3,0,69.21222222222222,94.94,29.869771867403617,93.6,-0.007194633082273524,53.41288888888889,64.84,8.335782115114432,63.078,0.010071202206033674,73.55222222222223,97.58,27.932565094510224,96.713,0.006351730666337508,1.3274444444444444,1.98,0.4191713631802178,1.9355,-0.00077515742684282,1.2396666666666667,1.78,0.30542087373386834,1.7255,0.0016213524303411934,train
norm_3_33.csv,norm,scenario_3,norm_scenario_3,0,56.47344444444444,94.32,34.63865562176736,93.0155,-0.7328852944807999,44.144444444444446,54.04,5.125051956132604,52.05,-0.10422241428983002,57.765888888888895,89.74,27.7714655471979,88.686,-0.565353500432152,0.9926666666666667,1.5,0.30590738115105465,1.4755,0.0012380129234061822,0.9623333333333334,1.47,0.2506846804030195,1.3855,0.0007242869490060502,train
norm_3_34.csv,norm,scenario_3,norm_scenario_3,0,41.96877777777778,94.77,33.29315625688812,91.67649999999999,-0.11126715232333219,46.79988888888889,54.55,3.729543302596522,53.201,-0.006344898547145744,57.29311111111111,119.72,36.066930997252165,115.58099999999999,-0.14433633781948393,1.1225555555555555,1.77,0.3124012153478465,1.7365,-0.0010281927810017694,1.034888888888889,1.69,0.31170514893911533,1.5184999999999997,-0.00041601843849034835,train
norm_3_35.csv,norm,scenario_3,norm_scenario_3,0,37.68377777777778,90.54,25.75974285314539,83.11,-0.07110935506441132,45.294444444444444,62.49,5.658238720505462,55.32699999999999,-0.0016757624398073788,47.83422222222222,95.98,23.193174798923785,88.90350000000001,-0.06997110754414139,1.0203333333333333,1.49,0.30300535835362913,1.4355,0.0022948512161995306,1.0456666666666667,1.5,0.28242548982584914,1.4655,0.001487014857801374,train
norm_3_36.csv,norm,scenario_3,norm_scenario_3,0,53.70355555555555,94.86,36.221464314734995,93.213,0.17312902827509555,47.46655555555555,54.89,3.834143228236487,53.856,0.01439840309503231,60.312888888888885,98.9,33.68825822333869,97.4565,0.14605045890439164,1.5314444444444446,2.5,0.5519781812800563,2.4610000000000003,0.002426390089311437,1.1843333333333335,1.99,0.37510163416740305,1.892,0.0016997160143227548,train
norm_3_37.csv,norm,scenario_3,norm_scenario_3,0,64.18977777777778,97.93,34.15588070108743,94.89,-0.1772533234555706,51.86011111111111,64.81,9.392152891780023,64.1715,-0.05099765403136184,80.23677777777779,148.28,51.33989468366522,139.878,-0.23873622257891922,1.1286666666666667,2.0,0.3574698855863575,1.773,-0.0013626373626373623,0.6829999999999999,1.5,0.35562715610215057,1.3664999999999998,0.0028937728937728936,train
norm_3_38.csv,norm,scenario_3,norm_scenario_3,0,87.23033333333333,94.96,4.1353212583924295,94.1345,-0.0064309997118985876,62.254666666666665,69.84,4.109734456552004,68.518,0.014520805037658966,86.79077777777778,108.44,11.023852609435457,106.4665,-0.0014689056262090156,1.010888888888889,1.49,0.31214964879996676,1.4555,-0.0006160431328970658,1.4516666666666667,1.99,0.3260841898596197,1.93,0.0018279622998724125,train
norm_3_39.csv,norm,scenario_3,norm_scenario_3,0,39.73385692429141,100.0,33.22301262347813,100.0,-0.10968988494669396,48.57135519884722,64.02214153547243,5.837491216629703,59.36581257381331,0.004966960008340551,33.63552682480002,99.77119013655812,33.383446597059994,98.14181511968455,-0.09447635277198971,1.537729906561459,2.20095089743572,0.28405850275413225,1.9555867699547154,0.0013377848589525062,1.2046218024855195,1.77707297005928,0.20796721688560266,1.517729787739408,0.0007372274425518196,train
norm_3_4.csv,norm,scenario_3,norm_scenario_3,0,38.102777777777774,94.52,32.90081895185698,91.30649999999999,0.0008768983825164519,44.888222222222225,59.8,7.41513977802108,57.5325,-0.006993291352841931,91.50955555555556,246.45,89.99803679395755,237.9415,-0.004703296703296393,0.909,1.47,0.24760901582757666,1.381,-0.0003458040087253572,0.8213333333333334,1.19,0.17562856617995537,1.1155000000000002,-0.00010783224266370285,train
norm_3_40.csv,norm,scenario_3,norm_scenario_3,0,43.385222222222225,99.0,35.470713959920054,93.62349999999999,-0.1284500144050706,46.604222222222226,60.47,5.982037339951937,56.2985,0.051617072066510276,42.19755555555556,98.0,39.75181506169405,95.9205,-0.16204074577108277,0.9633333333333334,1.39,0.2086715606514676,1.3055,0.00014569699962958411,0.8132222222222222,1.47,0.1964849982996259,1.1674999999999998,9.26040251882947e-05,train
norm_3_41.csv,norm,scenario_3,norm_scenario_3,0,49.01688888888889,92.79,35.32567407197208,91.2175,0.04196287607523577,47.20922222222222,65.05,8.359255279417356,61.8765,-0.009332592501131796,56.11644444444444,108.83,33.47966383622701,98.409,0.02882117133802535,1.2333333333333334,1.89,0.31948343137218926,1.6855,-0.0003718977651561916,1.0058888888888888,1.75,0.2859476436890779,1.4665,-0.00017640037864757074,train
norm_3_42.csv,norm,scenario_3,norm_scenario_3,0,49.744666666666674,94.66,36.87029324598524,93.438,0.0023291764415360886,50.53366666666666,64.72,9.378892204773656,63.13,0.011567600938387488,117.00777777777779,249.7,92.33292345938581,240.321,0.043762110548627664,1.5711111111111111,2.48,0.5384881967855966,2.431,-0.0005898670617771759,1.2052222222222222,1.95,0.32264088562,1.8355000000000001,0.0010741243774951665,train
norm_3_43.csv,norm,scenario_3,norm_scenario_3,0,56.17066666666666,99.16,31.2528492471873,91.6665,0.24876075235625786,40.81333333333333,49.19,4.471624393785902,48.1585,-0.0024289418446721916,80.24333333333333,216.94,58.722846787527764,184.5205,0.2585937358521624,0.9921111111111112,1.49,0.31830836029659443,1.4455,0.0015013376136971646,1.4093333333333333,2.0,0.3322575148582426,1.9455,-0.0007869284273778654,train
norm_3_44.csv,norm,scenario_3,norm_scenario_3,0,55.527931662725365,100.0,37.90989850683626,97.59728854611308,0.17032445511588376,48.17174460219897,59.01908287663034,7.909475414864607,57.858639581681295,0.034730203496180286,64.02748639669372,100.0,33.26623565018103,98.07388272720489,0.15424880789905582,0.9870373999750375,1.5525717746294907,0.20854094001710025,1.3093824352546755,-0.0015355698797487201,0.8292484468018684,1.2866748658408391,0.2062418071556567,1.1189869992870607,0.00037057199715026816,train
norm_3_45.csv,norm,scenario_3,norm_scenario_3,0,62.86355555555556,94.49,34.435444514357194,93.5155,-0.2162206033666708,50.07522222222223,59.97,7.792415821302461,58.9985,-0.07327266740749887,69.74755555555555,97.83,31.311979303297605,97.3335,-0.1816691772646827,0.9926666666666667,1.5,0.30590738115105465,1.4755,0.0012380129234061822,0.9623333333333334,1.47,0.2506846804030195,1.3855,0.0007242869490060502,train
norm_3_5.csv,norm,scenario_3,norm_scenario_3,0,44.59155555555556,92.43,27.61057755749916,85.567,-0.3732437749516399,49.652111111111104,60.75,7.198300594459074,58.0325,-0.09931538873111903,70.17111111111112,135.08,39.01633744363513,129.166,-0.5197658970243242,0.9867777777777778,1.5,0.28568399206264417,1.4055,0.0013339095361567274,1.0123333333333333,1.5,0.2975444447964261,1.4755,0.00034234679178499395,train
norm_3_6.csv,norm,scenario_3,norm_scenario_3,0,72.57644444444445,99.0,33.86483504144853,98.84949999999999,-0.21388879285508472,43.38188888888889,46.8,2.3995195654169983,46.31,-0.012118615466930086,71.16466666666666,99.8,35.6079316754322,98.8225,-0.23529653866732514,1.0213333333333334,1.3,0.1275983868025248,1.1855,-0.00013433757253982,0.8041111111111111,1.09,0.13687437399739416,0.99,-0.00029690908342593715,train
norm_3_7.csv,norm,scenario_3,norm_scenario_3,0,53.629666666666665,94.64,36.779760691402736,93.2715,0.1742127011565214,45.221555555555554,54.8,5.574933044614534,53.5445,0.016713339095361587,62.28888888888889,97.34,31.38878553207382,95.761,0.14979791743836704,1.3319999999999999,1.99,0.30452099058663445,1.881,-0.0016813598386632067,1.178,1.78,0.3029599298605734,1.7655,-0.0009273572869078487,train
norm_3_8.csv,norm,scenario_3,norm_scenario_3,0,38.29966666666667,98.82,33.4927528786939,88.758,-0.006610774992797577,45.01822222222222,61.11,7.874567165244707,59.006499999999996,0.021935382969090894,133.93533333333335,412.43,155.88276092390214,382.83599999999996,-0.013114211631066162,0.965,1.55,0.1925713059237241,1.253,-8.256163312343108e-05,0.7997777777777778,1.25,0.17452972302655312,1.0555,-0.0007309544388196071,train
norm_3_9.csv,norm,scenario_3,norm_scenario_3,0,58.75011111111111,89.21,30.915112609013168,87.14649999999999,-0.5826486397497633,49.983444444444444,59.81,7.660760393084336,59.0785,-0.154311643412767,80.42244444444445,149.01,51.471306816693776,147.3045,-0.9208809318022803,0.9964444444444445,1.5,0.27011155045256796,1.4055,-0.0018300201670988184,0.9984444444444445,1.5,0.2935061629087509,1.4364999999999999,-0.00012709387990286855,train
norm_4_1.csv,norm,scenario_4,norm_scenario_4,0,34.15522222222222,79.29,26.72820322623411,77.1185,-0.004169156686010492,39.795,44.8,2.8667541250485953,44.5985,0.01187282380540808,49.69333333333333,94.67,27.84140845429881,92.741,-0.004366958883812789,1.0074444444444444,1.46,0.2801306320918952,1.44,0.0010313207391859076,0.9951111111111112,1.5,0.29647079339427385,1.4574999999999998,-0.0003325513437872989,test
norm_4_10.csv,norm,scenario_4,norm_scenario_4,0,31.43611111111111,74.52,23.51910992996181,71.30649999999999,0.000876898382516241,41.77722222222222,44.85,1.7541828199457346,44.5665,-0.003494670123883606,48.102444444444444,117.97,38.379471698945224,113.10849999999999,-0.0020101247067539803,1.426,1.99,0.3143739989820327,1.94,-0.000667736757624398,1.2434444444444444,1.78,0.311780537590906,1.7655,-5.062353376960046e-05,test
norm_4_11.csv,norm,scenario_4,norm_scenario_4,0,43.65031434096994,97.4455410998946,33.63499979191664,89.78301865745166,-0.15669586929251908,39.90041540853701,44.33883276568092,2.3354110890815045,43.304445478471784,-0.0025987559231427774,73.57115005465063,175.2093662907003,57.33875707962013,161.63627049963574,-0.19237092178758836,1.2017325968967927,1.752775917780428,0.19260467253424174,1.5203479435844163,0.00040531886583155993,0.888115828330727,1.4259808467093495,0.20052889553364373,1.206558387178915,-0.0012784393990137384,test
norm_4_12.csv,norm,scenario_4,norm_scenario_4,0,25.347333333333335,65.73,17.21281315268406,61.982,-0.035220644524015327,44.900777777777776,49.34,2.335498035464369,48.307500000000005,-0.0026023788945137368,45.81911111111111,117.84,27.502424311707937,111.038,0.021826727579536603,1.0015555555555555,1.55,0.1924759498247089,1.321,0.0003936288430670454,0.7888888888888889,1.33,0.2002719748744189,1.11,-0.0012855908136807015,test
norm_4_13.csv,norm,scenario_4,norm_scenario_4,0,19.674555555555557,81.98,16.430775533483207,69.97149999999999,-0.08042680166275672,41.632333333333335,44.98,1.9496326649114906,44.7305,-0.01250187265917604,38.66866666666667,157.73,30.928082152276716,134.92499999999995,-0.09948042968267685,1.1685555555555556,1.5,0.190779366132249,1.4655,-0.0005315059472362844,0.9874444444444445,1.3,0.19665495426305626,1.28,-0.0008444663950281922,test
norm_4_14.csv,norm,scenario_4,norm_scenario_4,0,20.549111111111113,81.5,23.331435352448704,75.527,-0.11982351730666334,39.795,44.8,2.8667541250485953,44.5985,0.01187282380540808,34.882777777777775,163.75,45.52350646107854,147.80149999999998,-0.22826958060665928,1.0074444444444444,1.46,0.2801306320918952,1.44,0.0010313207391859076,0.9951111111111112,1.5,0.29647079339427385,1.4574999999999998,-0.0003325513437872989,test
norm_4_15.csv,norm,scenario_4,norm_scenario_4,0,26.189444444444447,74.75,24.25072543157324,72.798,-0.12280026340700496,41.434,46.59,2.2059326545487496,44.81,-0.004393464213688925,41.282000000000004,94.66,32.01795571378485,92.66199999999999,-0.17838827838827842,0.9781111111111112,1.63,0.2839128464327355,1.381,-0.0015299831254887424,1.0007777777777778,1.49,0.3169844847079554,1.46,-9.968308844713285e-05,test
norm_4_16.csv,norm,scenario_4,norm_scenario_4,0,37.06666666666667,88.93,28.774721857518077,81.52649999999998,-0.10537103346092104,40.437444444444445,45.98,3.041761967620973,45.0475,-0.005752397415318755,53.25833333333333,108.56,29.23166123468397,96.6555,-0.11995382145943934,1.0851111111111111,1.84,0.31607936865744085,1.583,-0.000668889163271186,0.8881111111111111,1.34,0.21387224184127362,1.2029999999999998,0.00024933119315141786,test
norm_4_17.csv,norm,scenario_4,norm_scenario_4,0,29.906111111111112,93.47,24.23494712671572,85.1775,0.023003909947730213,40.06766666666667,47.42,2.124496001038121,43.575,0.008983742848911387,75.96044444444443,261.05,76.95108269472328,236.1135,0.009371691978433572,1.0053333333333334,1.49,0.2963606973290289,1.45,0.001104333868378812,0.9872222222222221,1.49,0.2984266901405849,1.4655,0.0009193727620693911,test
norm_4_18.csv,norm,scenario_4,norm_scenario_4,0,31.87966666666667,90.0,27.83838548891105,79.067,-0.10050977486932543,39.644666666666666,45.0,1.8468425530429866,42.672,0.007350372473967984,43.26588888888889,100.0,35.83460755525587,96.9215,-0.12091953739144769,0.9846666666666667,1.45,0.18891886374486713,1.25,0.0012534880849487586,0.8251111111111111,1.43,0.20087585995114274,1.1755,-2.2883483557640775e-05,test
norm_4_19.csv,norm,scenario_4,norm_scenario_4,0,28.68588888888889,79.4,23.925412135012685,76.2675,-0.04968901510474541,40.138444444444445,46.05,3.1668833830830336,45.009,-0.004972794995266888,46.39255555555555,99.44,27.356567215209026,94.9245,-0.05425402313042767,1.1348888888888888,1.48,0.19763912434197245,1.4309999999999998,-0.0010779931678808084,1.0097777777777777,1.29,0.18864971271477146,1.27,1.5145902786352385e-05,test
norm_4_2.csv,norm,scenario_4,norm_scenario_4,0,24.603444444444445,74.41,16.795053656607934,63.6975,0.05422389595423301,42.657666666666664,54.05,3.352355217696655,49.6235,0.0031841791167633773,32.315555555555555,96.22,23.0687780690266,84.083,0.06819179322550097,1.1348888888888888,1.48,0.19763912434197245,1.4309999999999998,-0.0010779931678808084,1.0615555555555556,1.39,0.21969289653744775,1.37,3.243198748816716e-05,test
norm_4_20.csv,norm,scenario_4,norm_scenario_4,0,47.66011111111111,100.0,37.055507179730604,100.0,-0.003185496151788321,39.64611111111111,45.13,1.8511239795096404,42.672,0.007351442564925711,141.51244444444444,325.93,127.48873091693824,311.107,0.014517018561962147,0.9846666666666667,1.45,0.18891886374486713,1.25,0.0012534880849487586,0.8202222222222222,1.43,0.21046218682911633,1.1755,-0.00015606865045067285,test
norm_4_21.csv,norm,scenario_4,norm_scenario_4,0,34.257,92.72,31.362994348345982,89.7925,0.10461760711198928,39.97988888888889,45.5,1.7439278245324628,42.891,-0.0009870354364736398,75.183,225.37,74.78010329093057,210.944,0.20016191299337355,0.9892222222222222,1.43,0.20065750224820744,1.2855,-8.91468082479317e-05,0.7707777777777778,1.27,0.21179398394537952,1.1065,0.00021080791867308723,test
norm_4_22.csv,norm,scenario_4,norm_scenario_4,0,32.522111111111116,83.54,25.37417432074245,75.792,0.0004697699304440754,38.658,44.87,2.425083897540941,43.4375,-0.0021907231345433664,47.61955555555556,97.88,29.847717617788813,95.1615,0.014474544182409314,1.1433333333333333,1.49,0.213757186619446,1.4555,-3.0621064328929435e-05,1.0236666666666667,1.39,0.21720621382880076,1.3555000000000001,-0.0007942544347038727,test
norm_4_23.csv,norm,scenario_4,norm_scenario_4,0,38.303,84.59,29.36503793112873,79.68350000000001,-0.10658789150923989,42.455,47.81,2.3483392410406196,47.163,0.010023212742313853,48.82355555555556,97.87,33.04455532541151,95.0125,-0.11687401736839939,1.2965555555555555,1.87,0.2761621454630714,1.7855,8.832366135736804e-05,1.3096666666666668,1.99,0.3252844908691466,1.9155,0.0017571716672840267,test
norm_4_24.csv,norm,scenario_4,norm_scenario_4,0,24.746555555555556,69.33,22.1012439611826,65.3925,-0.012018026916903353,39.882222222222225,44.93,2.9279216764320806,44.501,-0.005133144009548484,48.21055555555555,143.32,45.52778545023355,129.8765,-0.03832003951105079,1.0172222222222222,1.49,0.26010381582407094,1.4409999999999998,-0.0007675844754496438,1.015111111111111,1.47,0.29566624230954774,1.4555,-9.367411614602666e-05,test
norm_4_25.csv,norm,scenario_4,norm_scenario_4,0,29.61333333333333,89.56,24.650839263694333,82.0705,0.024596122978145517,42.12211111111112,53.2,4.549032615878302,49.923,0.013530806272379299,59.64333333333333,178.56,50.795581733015965,163.30499999999998,0.0382796229987241,1.014111111111111,1.47,0.29829438157196864,1.4409999999999998,0.001765897024323991,0.9396666666666668,1.49,0.25793235765137246,1.351,-5.934889080956512e-05,test
norm_4_26.csv,norm,scenario_4,norm_scenario_4,0,22.104222222222223,84.49,19.596326127692194,77.32249999999999,-0.09268864468864467,45.44866666666667,58.93,5.084023267479178,54.838,-0.01433164588220767,28.649666666666665,102.69,23.14517468336749,92.6985,-0.09697040786928425,0.9822222222222223,1.5,0.23911248717517056,1.4064999999999999,-0.0003559287154792771,0.7766666666666667,1.2,0.20540997645432485,1.081,-0.00022290817796435786,test
norm_4_27.csv,norm,scenario_4,norm_scenario_4,0,33.2843436510267,85.0,26.80833297209664,78.36464196411659,0.015104075108016915,40.10415860486627,45.0,1.9152798520774699,43.75400155136187,0.011114157753474001,47.83980365965293,94.54708320235063,26.22313244981357,89.53067770884829,-0.009942952954373127,1.2116652594312882,1.6,0.1613241626538193,1.476033154441162,-0.000767420383060311,1.0120884035540274,1.3,0.1903249577913739,1.3,-0.0010578114177936088,test
norm_4_28.csv,norm,scenario_4,norm_scenario_4,0,26.525983798971307,94.5786371373368,26.58634062396018,87.38371054828079,-0.11442820757679789,41.1011792030688,49.62938974946255,3.9109095864770467,47.82068254841133,0.0010118084216517267,40.63523805793578,100.0,24.58337768189593,95.33361673891085,-0.13337066607357595,1.0721141988033078,1.9367803331669096,0.2784227304237514,1.5777927292384957,0.0003553026053381417,0.9012416436106071,1.843160657770015,0.27632271309853257,1.4206903661787538,-0.0006662911542243387,test
norm_4_29.csv,norm,scenario_4,norm_scenario_4,0,53.45322222222222,99.0,41.04694609691014,99.0,-0.0005318352059923695,40.18011111111111,45.57,2.0334862378807577,43.937,-0.0057337942955920235,124.56222222222223,270.12,102.34107959433653,255.243,0.0028535210108244237,0.9824444444444445,1.52,0.23960787775269116,1.4064999999999999,-0.0003702514713750667,0.8776666666666666,1.39,0.20770035676966758,1.1809999999999998,-0.0002369839897929785,test
norm_4_3.csv,norm,scenario_4,norm_scenario_4,0,28.326666666666668,83.38,26.00025553029142,81.134,-0.09513898835247146,42.76277777777778,44.98,1.3031026309989366,44.7955,-0.004177882043050581,40.87411111111111,129.97,36.95372407969598,119.69249999999997,-0.13235699880643703,1.0045555555555554,1.49,0.27564902415816894,1.4609999999999999,-0.0001958266452648478,1.4224444444444446,2.0,0.3338145589998281,1.9509999999999998,-0.0021355722928756643,test
norm_4_30.csv,norm,scenario_4,norm_scenario_4,0,38.36711111111111,99.0,33.178654138420896,89.469,-0.005759723422644624,39.64611111111111,45.13,1.8511239795096404,42.672,0.007351442564925711,51.30544444444444,117.88,31.936304379822953,101.146,0.017944684528954057,1.1846666666666668,1.65,0.18891886374486722,1.45,0.0012534880849487586,0.9218888888888889,1.53,0.2067452128133164,1.2755,-9.754290653167042e-05,test
norm_4_31.csv,norm,scenario_4,norm_scenario_4,0,34.06111111111111,94.23,30.908513115664803,89.17049999999999,-0.0504577519858418,41.096,47.32,3.0467554302381075,45.895,-0.000542947689015099,78.22222222222223,247.41,79.6290660158513,229.8605,-0.13662526237807152,1.166222222222222,1.5,0.19841267729623574,1.4655,-0.0017723998847594352,0.9906666666666666,1.3,0.1802607350042423,1.26,0.00015261143351030963,test
norm_4_32.csv,norm,scenario_4,norm_scenario_4,0,18.830777777777776,72.12,12.157559374729061,48.62849999999993,-0.05351417870518993,40.419222222222224,49.96,2.760278127892343,45.646499999999996,0.012763304111618705,14.817444444444444,96.49,18.328028119360518,57.67949999999992,-0.053256862987200046,1.0254444444444446,1.47,0.18986193156785447,1.3065,0.0008829896695065237,0.9046666666666667,1.4,0.20595734258892573,1.2209999999999999,0.0007225583405358688,test
norm_4_33.csv,norm,scenario_4,norm_scenario_4,0,31.85076136840127,79.09301235731452,27.640462950935454,77.19956481834402,0.006003462889763555,39.565060266084956,44.890325610062845,2.9637325615898322,44.59310791774689,-0.005532134885062463,47.000234046344616,99.9827570902937,30.818056269145575,98.40270511242959,0.0026314130120564244,1.0009968094625616,1.1907504252688836,0.11034736213983753,1.170726832165687,0.0004435669278278212,0.8961539494035201,1.0979227214487413,0.11514042806152766,1.0664289199317354,0.0006780389877356158,test
norm_4_34.csv,norm,scenario_4,norm_scenario_4,0,17.881888888888888,58.48,10.421213120787035,49.410499999999985,0.007185990039922665,39.821777777777775,43.55,1.6665105694691267,42.7085,0.008570111536403672,29.265333333333334,93.93,15.728310280181494,73.47849999999994,0.011279417212001455,1.0126666666666666,1.76,0.21521768441601924,1.3909999999999998,-0.0003366670782401123,0.8153333333333332,1.43,0.19555280329467156,1.0955000000000001,-8.132691278758708e-05,test
norm_4_35.csv,norm,scenario_4,norm_scenario_4,0,26.366484529086765,97.72142791758252,26.970677662236582,87.580422485719,-0.14077576494331925,39.88735142612892,43.73616369221691,1.6941127288963287,42.3883661494482,0.011277273948644539,49.96614322187194,185.8603996415692,45.703536941974754,156.7880192842174,-0.24880436440189393,0.9635887270350321,1.392134667928996,0.20835535102403827,1.3048956834349978,0.000136033991665551,0.8134441091583218,1.4694338778476683,0.19623308525262032,1.1685882482363141,9.147322156910795e-05,test
norm_4_36.csv,norm,scenario_4,norm_scenario_4,0,38.13433333333334,94.94,33.47909990500697,91.02799999999999,-0.0023002839856769847,43.461555555555556,54.89,4.562140220965954,52.445499999999996,0.005055274313701294,52.672222222222224,108.29,30.29811143955996,105.1155,0.004010042392064997,1.3471111111111111,1.99,0.31506105862463046,1.9119999999999997,-0.0007250277812075567,1.2384444444444445,1.79,0.2858809020157315,1.7309999999999999,0.0014413302053751487,test
norm_4_37.csv,norm,scenario_4,norm_scenario_4,0,42.169666666666664,99.0,39.19476319210761,99.0,0.33181652055809374,40.18611111111111,44.74,1.7203760331336786,42.5745,0.0047929373996789815,84.53655555555555,231.41,77.16117371095346,210.7165,0.6585200642054575,1.5173333333333334,2.21,0.2918626735722112,2.011,0.0001615014199283858,1.205,1.81,0.2986495823430997,1.7055,-0.0003411943861382059,test
norm_4_38.csv,norm,scenario_4,norm_scenario_4,0,22.188555555555556,62.87,14.993764963403214,57.119499999999995,-0.07818356175659542,39.86088888888889,44.65,2.0999580757957745,43.099,0.021449397044902667,19.758777777777777,80.99,22.5264575444215,74.17750000000001,-0.10028489113882372,1.0254444444444446,1.47,0.18986193156785447,1.3065,0.0008829896695065237,0.8055555555555556,1.38,0.20827871943333295,1.121,0.0007337531382475202,test
norm_4_39.csv,norm,scenario_4,norm_scenario_4,0,21.546333333333333,51.06,10.38189115395573,42.8305,0.011423220973782748,40.163666666666664,48.16,2.8929505369067003,45.632999999999996,0.017168127752397403,42.75622222222222,86.36,19.560728690832413,78.725,-0.014608223237436716,1.0124444444444445,1.43,0.16300762449329273,1.2765,-0.0007553195867802611,0.8094444444444444,1.13,0.15939746879632896,1.0655000000000001,-0.0009318845948059428,test
norm_4_4.csv,norm,scenario_4,norm_scenario_4,0,38.27055555555555,94.47,33.15248008283763,91.403,0.0047460180269168215,43.16144444444445,54.34,4.925542133193832,53.13099999999999,-0.003891920813269135,91.036,248.99,89.61658649397141,237.41649999999998,0.007498538914269402,1.2216666666666667,1.5,0.18577653605424616,1.48,-0.00031798164382434063,1.0050000000000001,1.3,0.12989407958068128,1.23,-0.0003614437996460465,test
norm_4_40.csv,norm,scenario_4,norm_scenario_4,0,29.78611111111111,86.38,24.979966431299786,82.5765,0.006938881343375689,40.10911111111111,45.44,1.9280394912061427,43.752,0.011430711610486876,62.52244444444444,205.29,62.49823613351217,192.6675,-0.014834259373585339,1.0124444444444445,1.43,0.16300762449329273,1.2765,-0.0007553195867802611,0.8133333333333334,1.24,0.21196247282866,1.1609999999999998,-0.0012822982261184506,test
norm_4_41.csv,norm,scenario_4,norm_scenario_4,0,30.51568979187026,68.42540809269484,21.601381474619092,63.81652139662671,0.019358670290130206,44.82153355641132,48.55006686405284,1.666655624176401,47.70878603612509,0.008567399686536054,70.71758457632959,208.60477779128672,57.98626650187472,166.79863527479552,0.057741143400236,1.212440568904174,1.964520324432243,0.21537561659262677,1.5894477327284133,-0.00033678311417645904,0.8158235189463057,1.429344276402112,0.19537965581671124,1.095054681700293,-9.012792904231763e-05,test
norm_4_42.csv,norm,scenario_4,norm_scenario_4,0,33.705444444444446,83.57,26.781380634251367,78.951,0.0038747993579454545,42.10655555555556,53.51,4.539072607629044,49.808,-0.015020537514919543,85.94388888888889,249.32,81.84472810398044,231.653,0.026151459027863668,0.9787777777777779,1.48,0.3006017477270871,1.44,0.0010843313989381408,1.0242222222222224,1.48,0.2896102680600133,1.46,0.0018303494258550444,test
norm_4_43.csv,norm,scenario_4,norm_scenario_4,0,43.322779864785645,99.12137914161998,35.57524938763585,93.61989458125224,-0.13131464083390942,39.88735142612892,43.73616369221691,1.6941127288963287,42.3883661494482,0.011277273948644539,54.11141456940018,100.0,30.266063374546817,99.88233048558202,-0.13883088941223184,0.9635887270350321,1.392134667928996,0.20835535102403827,1.3048956834349978,0.000136033991665551,0.9134441091583216,1.5694338778476682,0.19623308525262026,1.268588248236314,9.147322156910822e-05,test
norm_4_44.csv,norm,scenario_4,norm_scenario_4,0,19.991,74.83,18.036751871938794,60.28549999999999,0.00506539902045531,43.432,56.05,5.569985617152068,52.7635,-0.011306416430011946,115.39500000000001,325.45,121.48050031945525,310.339,0.04814429764991488,1.0041111111111112,1.5,0.2968709266098101,1.48,0.0007705478042556694,0.9584444444444445,1.5,0.3078373680915105,1.4455,4.609622587150685e-06,test
norm_4_45.csv,norm,scenario_4,norm_scenario_4,0,24.22122222222222,102.82,25.292320228368375,93.70500000000001,-0.1169931267234638,39.821777777777775,43.55,1.6665105694691267,42.7085,0.008570111536403672,23.226222222222223,149.59,37.603312177142534,128.394,-0.1784065522492489,1.0126666666666666,1.76,0.21521768441601924,1.3909999999999998,-0.0003366670782401123,0.9153333333333333,1.53,0.19555280329467153,1.1955,-8.132691278758681e-05,test
norm_4_5.csv,norm,scenario_4,norm_scenario_4,0,31.353918927833643,83.4574528736729,23.39601332450953,78.44647479519726,-0.023000301759506465,41.18791787030803,48.23972692154389,2.34906584262776,45.43046135178506,0.0051434795914344755,86.67463316953905,254.56163458356852,80.5420255203436,238.50579018839616,-0.16191082735039491,1.0769995929940268,1.705500174929136,0.25150885846249643,1.5042199799854863,0.001787272199197658,0.8685985575978339,1.4377151604169405,0.26491103885286854,1.2446369511731876,0.0012280380484733751,test
norm_4_6.csv,norm,scenario_4,norm_scenario_4,0,20.90843735083959,93.13585466094946,19.209292072516693,82.17859595047678,-0.036008474731817855,39.87566666666667,44.97,2.804246398797462,44.7695,-0.007185002263653947,33.08564150807382,109.40204258461615,19.721076321720677,92.18262188890944,-0.03459384697766933,1.1333333333333333,1.5,0.2123967032478654,1.4655,-0.0010893525949705722,0.9868888888888888,1.29,0.16344359192187555,1.261,0.0007767214059348892,test
norm_4_7.csv,norm,scenario_4,norm_scenario_4,0,27.19011111111111,75.79,20.57556495023219,70.2195,-0.010479071490307378,39.70033333333333,45.65,2.0225184267434635,42.955,0.01870807095526195,45.041444444444444,100.0,25.536972604446476,98.0685,-0.021907972177635085,0.965,1.55,0.1925713059237241,1.253,-8.256163312343108e-05,0.9013333333333334,1.35,0.1705193652714678,1.1555,-0.0007021442976499156,test
norm_4_8.csv,norm,scenario_4,norm_scenario_4,0,30.931,93.53,27.76510861300807,83.85249999999999,-0.0906244392311808,44.696333333333335,50.22,2.086360440489718,47.9505,-0.0026988517100876505,54.97566666666667,178.61,58.86007798064525,165.126,-0.15291723258015397,0.9827777777777779,1.5,0.2019568747923802,1.3255000000000001,0.0002220027163847389,0.8048888888888889,1.34,0.18878228614080644,1.1155000000000002,-0.001203111495246327,test
norm_4_9.csv,norm,scenario_4,norm_scenario_4,0,36.599888888888884,109.0,34.91660988777306,103.1025,-0.10237486109396211,44.873000000000005,48.56,1.7648773392142332,47.4995,0.0018590772523356858,85.90088888888889,326.06,105.81690695230988,298.604,-0.3551684570111535,1.0125555555555554,1.39,0.1841809144250618,1.28,-6.478166028727821e-05,0.8086666666666666,1.26,0.20992347455332222,1.1709999999999998,5.004733094620753e-05,test
norm_5_1.csv,norm,scenario_5,norm_scenario_5,0,16.970074518392664,55.74837016454537,7.99253963057765,31.74943259085098,-0.030607924233945667,44.850623112805515,51.50824914852138,3.503116633622256,49.95666821770767,-0.0038981338847141923,25.00200732183284,40.2119383749692,4.727828340514351,31.535148327717003,0.021999073781954332,1.4135403145700765,9.107832614519443,1.7265289201235012,4.697201177469508,-0.0010700974512191006,1.1067529701070515,7.272567542256772,1.3468501819175014,3.69397278299687,-0.002142742691737668,train
norm_5_10.csv,norm,scenario_5,norm_scenario_5,0,16.742555555555555,53.28,7.93631838924892,32.13099999999993,-0.01699674856978228,40.05477777777777,42.72,0.9640413853974575,41.881,0.005706136560069145,24.970444444444446,36.56,3.228653286966673,30.119999999999997,-0.009335802774005024,1.416,9.15,1.6932674350915666,4.9114999999999815,-0.005260567148207598,1.2065555555555556,7.77,1.2485084684355594,3.611499999999988,-0.0046059184261431465,train
norm_5_11.csv,norm,scenario_5,norm_scenario_5,0,15.697460872708664,38.11233409452152,4.531284628495245,18.263437658038043,-0.010420918313893352,39.54502355439426,47.83409608842262,3.129588422220208,44.43048761931233,-0.004021386614417095,30.500104410080155,41.75833624881893,4.87784287222729,39.23842316751694,0.005286074067272664,1.4544774710222461,12.072893946065388,2.2159907610745107,1.4702607338969536,0.0002443509667388064,1.1016705375148892,8.679230907355514,1.4033260074536147,1.2573875326194628,-0.0011983694700101726,train
norm_5_12.csv,norm,scenario_5,norm_scenario_5,0,16.736444444444444,53.04,6.955784644809585,28.24949999999995,-0.005008025682182996,39.87544444444445,45.42,2.9191634022077313,44.1305,-0.0032641889945260825,30.00188888888889,45.21,4.7278310333228335,36.534,0.0219894637198008,1.3646666666666667,8.63,1.5519072716419884,4.024999999999987,0.0023573280651932316,1.0925555555555555,6.91,1.2630305636618895,3.496999999999989,0.00026431246655965696,train
norm_5_13.csv,norm,scenario_5,norm_scenario_5,0,13.377666666666666,34.45,4.8889485669096215,28.685,-0.012087171255710582,39.193666666666665,44.86,4.951106209386871,44.433,-0.0051559451784170835,27.238555555555553,34.63,4.992769954916968,33.943,-0.033569000288101426,1.3985555555555556,6.17,1.0891255755654674,4.297499999999999,-0.00046055068526978563,1.2733333333333332,5.02,0.9096017155320654,3.8259999999999996,-0.00045223690167510395,train
norm_5_14.csv,norm,scenario_5,norm_scenario_5,0,14.932603351995812,37.77975307792784,6.644225992020643,32.02226894256572,-0.001436465619050217,42.45903099499374,45.38691238052123,1.5354794424762026,44.849785233223685,0.018207570788592677,24.47422223961714,32.416740307205984,3.8303584319591297,30.274691157621287,-0.007493072030420162,1.7758416985715917,8.672911735264346,2.10983372020524,7.677797412476309,-0.00036609669165030013,1.4808458336678605,6.859489415734389,1.5552802455584083,5.598645090319203,0.0006069193541139566,train
norm_5_15.csv,norm,scenario_5,norm_scenario_5,0,15.977555555555556,37.87,4.999079760509437,26.036999999999964,0.0037318187430546946,41.08144444444444,46.08,1.6435229091980066,44.1085,0.031049183026711117,24.970444444444446,36.56,3.228653286966673,30.119999999999997,-0.009335802774005024,1.3256666666666668,8.45,1.4971208698286202,1.4255,-0.0007535909783100804,1.1868888888888889,7.98,1.2870737164438368,1.3355000000000001,-0.0012803226735810995,train
norm_5_16.csv,norm,scenario_5,norm_scenario_5,0,16.045005650683255,28.660095495177583,3.389766171587214,23.799451866238385,0.010165927236957082,39.969292986505714,48.25458671627922,2.615813911194121,44.33061098440897,-0.0015036213623061847,30.626837354360124,41.62435920710935,4.131490643285224,36.4064903457812,-0.0030767762249267324,1.3231430631737373,7.668327116227056,1.365808784677214,3.9221078055476246,-0.0013811215206590772,1.0943470892987939,7.433052126211746,1.363678201150341,3.529966145458963,-0.0010293382693302496,train
norm_5_17.csv,norm,scenario_5,norm_scenario_5,0,13.321304983044074,33.41958769812268,4.090783240372307,21.227827347631532,0.0020147879840974785,39.93631376506678,41.93512921631072,1.130347199243617,41.6007514560712,-0.007148883669954936,19.777692538610957,24.894180098542044,2.8970837407578673,23.932914891148993,0.005069443809060327,1.4735068684417898,11.494090007392764,1.953241456239358,4.9525758206170805,0.0008396708242757013,1.2729459901075162,9.139567774946268,1.5281790750021738,4.171846992701914,0.0007124591302303242,train
norm_5_18.csv,norm,scenario_5,norm_scenario_5,0,16.700444444444443,47.21,6.667547080442148,30.917499999999947,0.0004357739638638505,40.13455555555556,44.18,1.5248777155695796,42.9505,-0.004284397250689379,10.432666666666668,18.34,2.786853487277464,14.312,0.015017327242046338,1.4137777777777778,9.73,1.824352480343185,4.583499999999985,-0.0019334074165534838,1.461666666666667,10.03,1.989567876971945,5.823999999999978,-0.0020441206733341575,train
norm_5_19.csv,norm,scenario_5,norm_scenario_5,0,17.88431077371417,40.47673233810377,6.803818350121587,34.07303984211018,0.003537675487011582,39.778916238634174,44.68985048023643,2.928695137849717,44.1000617895386,0.007954824535202352,30.422527058143256,39.87886781602808,5.971340178597424,39.21530325328605,0.037665022197456176,2.0418752384701753,11.337534321209096,2.472576402108595,8.393942068865094,0.0013277344043552937,1.987452490199451,10.806320470017786,2.718610892153909,9.65789448070907,0.0009976646066207065,train
norm_5_2.csv,norm,scenario_5,norm_scenario_5,0,18.14753885846381,60.83179888298052,11.367204207054845,49.035115685663705,-0.03457113351215644,39.77532235934246,44.23690274950498,1.5170305399542723,42.21736876228821,0.014040176876873119,30.530586950027097,38.92824851443111,3.366205748663341,35.674551049581694,-0.014251513176719624,1.832212557149791,11.99119756521471,2.804946046733766,10.441904587709802,-0.006430992528167125,1.408928084850833,9.563103232654948,2.009730533427428,6.688717147360342,-0.0050447708062878105,train
norm_5_20.csv,norm,scenario_5,norm_scenario_5,0,14.059111111111111,48.61,7.115390605628173,27.293999999999933,-0.003917356052187502,39.88744444444444,43.72,1.880278822923634,43.221,-0.04348709717249044,25.380555555555556,29.9,2.9514568336160916,29.476999999999997,0.007124418652508537,1.3073333333333332,7.45,1.3209400806354594,3.7639999999999865,-0.0018028563197102507,1.231111111111111,7.71,1.366701470279417,3.2944999999999887,-0.0011115775610157626,train
norm_5_21.csv,norm,scenario_5,norm_scenario_5,0,13.724777777777778,36.26,5.244196198683565,29.112499999999986,-0.009774128493229606,37.359,39.93,1.4434774257506373,39.6665,-0.0025182532822982232,25.380555555555556,29.9,2.9514568336160916,29.476999999999997,0.007124418652508537,1.8244444444444443,11.79,2.697783156140066,9.4185,-0.006533316870395521,1.6475555555555557,10.91,2.4477131317886465,8.266499999999999,-0.005489566613162115,train
norm_5_22.csv,norm,scenario_5,norm_scenario_5,0,18.00884538293635,48.208163523883655,9.236011002944599,43.89561873704638,0.004065738590122294,40.08178843975953,44.08025374988443,1.4463331193242235,42.8155011635214,0.008577562454214994,24.97019666149579,36.55819447196416,3.2287857679973575,30.116754756771517,-0.009337925683873103,2.1171250882125054,11.121188892270943,2.6171524600401295,9.407205877586058,-0.0009300416843264554,1.5217144551912984,9.90293993479762,2.0665703381783898,7.126916498341261,-0.0008187642912137687,train
norm_5_23.csv,norm,scenario_5,norm_scenario_5,0,15.829777777777778,32.47,3.675131726685371,19.695499999999996,-0.008157714944231795,39.73488888888889,43.85,1.3884574291131229,42.0065,0.005529242293287247,29.532222222222224,43.95,5.494207936448968,38.2675,0.011754043709099903,1.3485555555555555,12.74,1.8107441893737535,1.3529999999999998,-0.00026365394904720354,1.0851111111111111,7.71,1.2592063172146806,1.3669999999999995,-0.0013581923694283259,train
norm_5_24.csv,norm,scenario_5,norm_scenario_5,0,13.324444444444445,38.61,4.687202781255493,14.894,-0.0017267975470222647,42.359,44.93,1.4434774257506373,44.6665,-0.0025182532822982232,30.380555555555556,34.9,2.9514568336160916,34.477,0.007124418652508537,1.395,11.06,1.887032180286866,1.1855,-0.0023725562826686464,1.2156666666666667,9.63,1.466389780639529,1.0955000000000001,-0.0013046055068526988,train
norm_5_25.csv,norm,scenario_5,norm_scenario_5,0,16.056777777777775,41.57,6.930348472484081,31.192499999999967,-0.10967864345392435,45.90388888888889,59.38,5.375410868946443,55.433,0.0972929168210067,24.25322222222222,56.82,8.812531275300662,37.620999999999995,-0.01844137136271968,2.0056666666666665,18.47,3.343154014406896,8.267499999999966,-0.003175618389101536,1.3127777777777778,10.16,1.7742933569042518,3.9564999999999872,-0.0022923817755278434,train
norm_5_26.csv,norm,scenario_5,norm_scenario_5,0,15.300038603930945,31.68028464100248,3.3020142632204363,18.1465,0.0027597682054148662,40.135666666666665,46.8,2.4109418412308794,44.693,0.014310491007120221,24.950333333333337,44.26,5.380987848408421,33.528499999999994,-0.015584887023089274,1.2343754321905045,11.464046515517843,1.5019549470790916,1.311,-0.0020791424069724947,0.9811121867531455,8.572969640045443,1.1056404492699878,1.1965,-0.0022710205538951883,train
norm_5_27.csv,norm,scenario_5,norm_scenario_5,0,12.527582896330296,28.73681221742012,3.359025501245685,14.594098152687362,0.0014709716576403276,40.474288173967025,43.95465253683873,1.7711715386307272,42.771066439917334,0.005766451682328597,24.97019666149579,36.55819447196416,3.2287857679973575,30.116754756771517,-0.009337925683873103,1.4230656115614264,8.852531109558663,1.7160488816287378,4.998644794033396,-0.004131437499081004,1.1501529034162776,8.741817163865866,1.433808959912842,3.736846192126275,-0.0040145990932146216,train
norm_5_28.csv,norm,scenario_5,norm_scenario_5,0,16.570555555555554,37.38,6.380088823500445,32.113499999999995,-0.014159690496769146,40.24344444444444,44.88,1.4936029593736382,43.2815,0.006669876939539855,27.750333333333337,39.79,4.789279566286035,34.664,-0.0006646911141293164,1.919111111111111,14.6,3.102241902072803,10.289499999999986,-0.006723134543359258,1.5345555555555557,8.16,1.6955169978910054,6.1945,-0.002666090463843277,train
norm_5_29.csv,norm,scenario_5,norm_scenario_5,0,10.711555555555556,33.620000000000005,4.901211020061372,19.044499999999978,0.00131324854920361,39.88733333333334,43.72,1.8797835161038454,43.221,-0.043482899123348566,18.072,24.85,4.426906292868948,24.22,0.010677696835000205,1.3800000000000001,10.91,1.877775399092821,1.4665,-0.003315635675186236,1.3562222222222222,10.31,1.6488406398680255,1.49,-0.001400172860847018,train
norm_5_3.csv,norm,scenario_5,norm_scenario_5,0,17.755666666666666,39.73,7.250677775370188,37.261,-0.012580236243157595,40.07544444444444,41.99,1.1141512223738317,41.8485,-0.007173478207186069,11.71511111111111,27.63,5.528177513134784,24.508499999999998,0.018745688768160677,2.8737777777777778,32.81,7.088208372190431,24.54649999999999,-0.016816232456681908,2.3373333333333335,25.94,5.521049769907689,18.656499999999987,-0.013436885212166107,train
norm_5_30.csv,norm,scenario_5,norm_scenario_5,0,13.985211582966388,32.411686147729235,4.804298558895756,30.213349670464222,-0.021510822179513594,42.38945811931709,44.844925240118215,1.464347568924858,44.5500308947693,0.0039774122676011995,30.211263529071626,34.93943390801404,2.985670089298713,34.607651626643026,0.018832511098728088,1.5966552701976617,11.475573838337125,2.2536299790622953,8.338508589079256,-0.00974613217275975,1.3682639914721972,9.955340219680268,1.8033045592052936,6.659515934054604,-0.008539997781917353,train
norm_5_31.csv,norm,scenario_5,norm_scenario_5,0,17.144111111111112,53.54,8.313726418027464,34.705499999999915,-0.02254936823476149,40.08611111111111,42.01,0.9614545329740147,41.533,-0.0004035889204428562,29.705111111111112,41.77,4.807950168104521,38.492999999999995,-0.008354282421698148,2.0309999999999997,18.22,3.51643111020378,8.982499999999963,-0.010911223607852821,1.5257777777777777,13.5,2.4712381365604,5.366499999999979,-0.006258056550191382,train
norm_5_32.csv,norm,scenario_5,norm_scenario_5,0,13.349444444444446,32.27,4.3564791889604155,21.282499999999967,0.006109972424579178,39.88733333333334,41.94,1.1538648295809264,41.7365,-0.001999588426554727,25.380555555555556,29.9,2.9514568336160916,29.476999999999997,0.007124418652508537,1.1836666666666666,5.06,0.798402126159606,2.724499999999992,9.17808782977314e-05,1.086,4.66,0.7537439138331066,2.3044999999999938,0.0007256862987200069,train
norm_5_33.csv,norm,scenario_5,norm_scenario_5,0,16.46020087458638,31.061516857228646,4.3502229085851125,26.90537308267902,0.011070610414242983,39.82153355641132,43.55006686405284,1.666655624176401,42.70878603612509,0.008567399686536054,30.265002606607318,38.915716902789306,4.796980399591682,37.727732777828194,0.024090414867342674,1.8158624962396055,8.922330379555568,2.221778069533932,7.847564771008664,0.0005286124575758684,1.5261705323599513,7.71591328604404,1.6886574674578236,6.1909077745443835,0.00036752060023272087,train
norm_5_34.csv,norm,scenario_5,norm_scenario_5,0,15.482555555555557,33.26,3.7211106113997956,18.456999999999997,-0.0004126435362390448,40.082,44.08,1.4461667269880027,42.8165,0.008575708935259512,24.950333333333337,44.26,5.380987848408421,33.528499999999994,-0.015584887023089274,1.2632222222222222,9.0,1.3823525199413729,1.3749999999999998,-0.0035351689508992877,0.9823333333333333,6.52,0.9346321153326778,1.2209999999999999,-0.003162941926986871,train
norm_5_35.csv,norm,scenario_5,norm_scenario_5,0,15.09911086008474,24.86798959516583,2.5981720003890345,18.99294280502406,-0.004635673676193516,39.88735142612892,43.73616369221691,1.6941127288963287,42.3883661494482,0.011277273948644539,30.085842141003937,38.7906266261554,2.958483708732841,35.10966502197939,-0.01341302908049449,1.2421587771945153,8.467990442486766,1.3390141372296982,1.3828246392630972,0.0006013005949881311,1.0715187423278532,5.8580075260754505,0.7867007431862373,1.4787864858218778,0.0003924479704681766,train
norm_5_36.csv,norm,scenario_5,norm_scenario_5,0,13.503444444444444,36.26,4.852913444661184,21.414499999999965,-0.008626332469029102,40.30733333333333,43.6,1.7795699518375607,42.83,-0.0019529983125488746,28.072,34.85,4.426906292868948,34.22,0.010677696835000217,1.6301111111111113,11.23,2.073447161994493,5.654499999999979,-0.005893814051117423,1.5006666666666666,10.65,2.059946983063814,5.293999999999979,-0.004632176811952092,train
norm_5_37.csv,norm,scenario_5,norm_scenario_5,0,14.571555555555555,31.86,5.154563356459529,28.174999999999997,0.002294110383998033,39.87711111111111,41.96,1.1716925666153535,41.8555,-0.006117298431905164,10.018333333333333,14.89,2.9139838169408665,14.5145,-0.0011526525908548359,2.2857777777777777,13.09,3.358140529404772,11.7015,0.0015139317611227727,1.8091111111111111,9.78,2.332782321242624,7.96,0.0011932337325595698,train
norm_5_38.csv,norm,scenario_5,norm_scenario_5,0,12.027000000000001,36.48,7.269757959280134,34.6035,-0.011711816273614022,45.104222222222226,50.0,1.91488314999958,48.752,0.011108367288142556,19.973444444444443,35.0,5.045665212902963,28.528499999999998,-0.010639420504589051,2.316777777777778,21.11,4.288598112470687,15.090499999999997,-0.010352142239782694,1.6472222222222221,13.54,2.766254933037952,9.819,-0.007613532534880848,train
norm_5_39.csv,norm,scenario_5,norm_scenario_5,0,15.555555555555555,31.77,3.791745947230586,19.098,0.0013379429559204872,45.18611111111111,49.74,1.7203760331336786,47.5745,0.0047929373996789815,25.77611111111111,32.64,2.9106166358692365,30.1005,0.03010141169691732,1.4971111111111113,15.59,2.3505797728250966,1.47,-0.0021125241799399125,1.1941111111111111,11.52,1.9156539614124348,1.2009999999999998,-0.0019907807548257012,train
norm_5_4.csv,norm,scenario_5,norm_scenario_5,0,16.173,39.82,4.821185562153682,24.74049999999997,-0.02762176400378648,44.925222222222224,48.25,1.7511545005778,47.4745,-0.0019450137877104333,30.00188888888889,45.21,4.7278310333228335,36.534,0.0219894637198008,1.5461111111111112,8.09,1.449551417976714,4.290999999999987,-0.000820430505823764,1.2424444444444445,6.41,1.1085067505342603,3.3119999999999905,-0.002247191011235953,train
norm_5_40.csv,norm,scenario_5,norm_scenario_5,0,14.03788888888889,32.74,5.02209645432108,28.385999999999996,0.006443182285878922,42.28288888888889,44.95,1.4821509153356192,44.795,-0.0027534263489319847,25.376222222222225,29.97,2.920191842927554,29.465,0.0062886776145203065,1.9174444444444443,12.79,2.9719813544227027,10.79,-0.0009626702885129866,1.6288888888888888,10.54,2.373041685569006,8.8485,-0.0004430176565008025,train
norm_5_41.csv,norm,scenario_5,norm_scenario_5,0,16.865918650939236,50.51574173928952,7.428188006006552,30.972488206422724,0.0005919569920490472,45.25761690329846,51.02862431494552,2.8857948857873366,49.59316994226437,-0.0012446132641874426,29.704541803250613,41.76926916660925,4.80792030444442,38.49376318547267,-0.008369340736441142,1.2701637335522704,6.833818946682575,1.2191950729958407,3.57958622272826,-0.0013316397836909061,1.0769834700478202,6.545798177847253,1.0935159616236816,2.5336286447671066,0.0005385663363791993,train
norm_5_42.csv,norm,scenario_5,norm_scenario_5,0,15.851129635078042,41.5699833305216,5.399249815886135,31.189567467806537,-0.03024994032915853,40.10905125301271,45.44033833317924,1.9284441590989678,43.75400155136187,0.011436749938953297,29.950327769159653,49.26365745327361,5.38130961332893,38.52792459461919,-0.01556320947312184,1.2596561310751242,5.978182247665365,1.0104410833618322,4.454378492573661,-0.004761352782825686,1.0742921386561286,4.34297137416597,0.7808971529246399,3.3855885738430667,-0.0027245784597955337,train
norm_5_43.csv,norm,scenario_5,norm_scenario_5,0,13.368555555555556,33.37,4.198743675426624,21.028999999999968,-0.005782524591513352,39.836555555555556,44.89,2.7398028146512723,44.012,0.009689508992879767,24.62688888888889,29.77,2.908833753884935,29.361,0.0036664608799440294,1.5862222222222222,9.79,1.8445641839508071,5.052999999999981,-0.0019799975305593268,1.2756666666666667,6.9,1.0354894082542525,3.120499999999991,6.313536650615278e-05,train
norm_5_44.csv,norm,scenario_5,norm_scenario_5,0,15.905764576035686,35.40532606735507,4.047302260758284,18.960372252580054,0.0016767246544002025,40.25761690329846,46.02862431494552,2.8857948857873366,44.59316994226437,-0.0012446132641874444,24.704541803250613,36.76926916660925,4.80792030444442,33.493763185472666,-0.008369340736441133,1.3326351813609376,9.52733869143786,1.629305906454581,1.4621316789686056,-0.00047261015677925135,1.1007748213313548,8.537872695905582,1.316823721063106,1.244578977430494,0.001138614007079435,train
norm_5_45.csv,norm,scenario_5,norm_scenario_5,0,16.371333333333332,53.21,7.659349607146446,18.456999999999997,-0.0023466271556159173,40.082,44.08,1.4461667269880027,42.8165,0.008575708935259512,24.950333333333337,44.26,5.380987848408421,33.528499999999994,-0.015584887023089274,1.3405555555555557,9.06,1.5647237334582231,1.4255,-0.002220767996048897,1.0827777777777778,8.76,1.2758975935252581,1.2355,-0.0024393958101823275,train
norm_5_5.csv,norm,scenario_5,norm_scenario_5,0,15.798401140022094,35.63413039672724,4.380798667509432,24.609388324456148,0.002354605705643449,40.08178843975953,44.08025374988443,1.4463331193242235,42.8155011635214,0.008577562454214994,29.950327769159653,49.26365745327361,5.38130961332893,38.52792459461919,-0.01556320947312184,1.340068473987787,9.058052909843047,1.579658138445601,1.4229485260238808,-0.0017516098100287545,1.1811086821858974,8.865773872860027,1.2805674691381972,1.3346647438299841,-0.0020693635361533178,train
norm_5_6.csv,norm,scenario_5,norm_scenario_5,0,15.883222222222223,31.99,3.625934928727457,20.804999999999993,0.009195456229164102,40.06044444444444,44.37,1.5869098734071527,42.58,0.0049240646993456,30.30677777777778,42.36,5.322519642361208,37.884,0.0335401901469317,1.506888888888889,14.19,2.3823700051520524,1.3519999999999999,-0.00557780795983043,1.15,12.28,1.7437812459445319,1.283,-0.0022040581141704726,train
norm_5_7.csv,norm,scenario_5,norm_scenario_5,0,15.839207398491709,35.747463867086104,4.657031872367065,24.441618614153455,-0.01137411033204853,39.775555555555556,44.24,1.5170870306863258,42.221000000000004,0.014045520023048123,30.530888888888892,38.93,3.3662127034760747,35.671499999999995,-0.014237807136683552,1.2354325718347974,6.762462978283284,1.161123517727537,3.6230355771873732,-0.0007277489461195746,1.0221161992236825,5.476107187879586,0.9374113581179561,2.6468292006202008,-0.0011715234696807264,train
norm_5_8.csv,norm,scenario_5,norm_scenario_5,0,15.355,27.25,2.9525628745362713,19.953999999999994,0.0025411367658558634,40.163666666666664,48.16,2.8929505369067003,45.632999999999996,0.017168127752397403,29.95033333333333,49.26,5.380987848408421,38.528499999999994,-0.015584887023089274,1.249111111111111,6.11,1.032243813682791,3.4264999999999897,-0.0016523850681154039,1.0473333333333334,6.53,0.9967315124270769,2.7634999999999916,-0.0018787504630201264,train
norm_5_9.csv,norm,scenario_5,norm_scenario_5,0,15.838850479021943,35.17755846405638,4.384577856766054,27.40279432643393,-0.013389320442854827,39.54502355439426,47.83409608842262,3.129588422220208,44.43048761931233,-0.004021386614417095,30.500104410080155,41.75833624881893,4.87784287222729,39.23842316751694,0.005286074067272664,1.7529714495483735,10.84479246216091,2.1512995008309796,9.429529705914849,-0.0014761383957375362,1.4123430301675037,8.610408181391907,1.5739567356033348,5.940990510836543,-0.002358767555563669,train
norm_6_1.csv,norm,scenario_6,norm_scenario_6,0,61.28788888888889,76.57,6.187603317842558,70.826,-0.12748973124254023,52.90388888888889,62.54,4.605777684322513,60.736,-0.0843887722764127,27.310333333333332,39.48,5.78848575219554,35.708999999999996,-0.10234884965222044,1.5187777777777778,1.99,0.18354699840700117,1.8319999999999999,0.0018108408445487094,1.1921111111111111,1.97,0.2142638006748934,1.5714999999999997,0.0010247355640614064,test
norm_6_10.csv,norm,scenario_6,norm_scenario_6,0,37.464777777777776,105.19,36.597406282129825,93.78399999999999,1.1654689056262086,36.32377777777778,69.97,24.744345334186516,68.52799999999999,0.8051626126682304,17.230555555555554,49.31,17.650923925342468,45.62449999999998,0.5542795406840352,50.80222222222222,118.96,51.738043308027414,115.70049999999999,1.6910874593571217,25.151777777777777,59.27,25.522785263182225,56.7085,0.8375333580277399,test
norm_6_11.csv,norm,scenario_6,norm_scenario_6,0,37.87877100432269,86.48004108210787,33.49290899256053,77.69975898354859,1.1057502792159037,35.19755271867811,68.19746356841078,25.671786394476342,67.11506243660811,0.8469066578127902,20.988819410034424,51.34854391566512,19.676424025497077,47.58023384867929,0.6446287514315251,0.8049647339522855,1.886036502912481,0.7169931661374721,1.7797694993878852,0.02289149834785621,0.6452917298549768,1.5767173614086702,0.5748057992713459,1.3963583324443396,0.01862853000729448,test
norm_6_12.csv,norm,scenario_6,norm_scenario_6,0,37.68777777777778,89.23,37.50171920486911,84.34,1.240003786475697,36.48422222222222,72.87,29.36307659912007,69.64949999999999,0.9691229369881056,21.987333333333332,53.81,22.22899896657921,52.116499999999995,0.7181811746306128,7.5985555555555555,18.78,7.7363677220376985,17.8285,0.25456731283697587,6.575222222222222,17.83,6.775676130742534,16.31,0.21958389924682065,test
norm_6_13.csv,norm,scenario_6,norm_scenario_6,0,26.272772606277684,64.12527415716147,25.91017839034026,58.94980562028654,0.8195873502285188,37.77370056846075,80.72035679322597,30.72050588467669,76.28160292780528,0.9898451562750762,15.899079888939571,41.509523351558165,15.855406726818384,37.51893968592253,0.5078579048628143,0.7739680309982143,1.945257251446152,0.7611322928616104,1.7512335841513798,0.024723084460742638,0.6110013833599055,1.7461929015495783,0.6014970515958508,1.3788689070680493,0.019128354753976732,test
norm_6_14.csv,norm,scenario_6,norm_scenario_6,0,35.532555555555554,84.33,33.715258492165056,82.18399999999998,1.1065098571840144,39.41166666666667,80.0,32.46034065083943,79.2375,1.063013952339795,17.00788888888889,48.21,17.428871403922912,46.383,0.528620405811417,0.5962222222222222,1.49,0.5679721028474759,1.4255,0.01826398320780344,0.5212222222222221,1.29,0.490985772415156,1.2265,0.01569782277647446,test
norm_6_15.csv,norm,scenario_6,norm_scenario_6,0,38.18911111111111,83.17,34.925651004346406,79.67999999999999,1.1638205539778572,37.24511111111111,77.02,29.941662801785572,72.7705,0.9811319916039014,16.796666666666667,46.39,17.308675099725722,43.196,0.558191710910812,0.633,1.57,0.6252468276653772,1.49,0.020717866403259667,0.5391111111111111,1.3,0.5242836620591208,1.27,0.016947442071037575,test
norm_6_16.csv,norm,scenario_6,norm_scenario_6,0,39.003445011788635,84.42351453889528,36.240371388978,80.65653427305747,1.1871868873708418,34.648395621000624,78.41523736249306,27.584293862751707,71.7103041035897,0.8926524581910589,22.167927408122683,67.3096450774789,21.292591967154873,57.90105735851582,0.6293791548669091,0.7613282704560509,2.082356049560803,0.7369508585891866,1.838227122927881,0.02359552349345741,0.6436789474778646,1.9727489408919032,0.6293433570128703,1.6086412412792117,0.019191326899197208,test
norm_6_17.csv,norm,scenario_6,norm_scenario_6,0,55.41083277957781,69.0765211209249,5.249868331602245,64.6833645769112,0.020225938868878465,64.8687877040142,75.6417836024241,4.320442295779564,70.94435543247867,0.005836499227027815,30.269248519939595,49.96509476287648,7.701948885111574,43.96077989376032,-0.01201179960119668,1.1951180240544863,1.6196928783227638,0.1917251622626884,1.5244519065600783,-0.0012179162504576296,0.8633130717624885,1.3939056184593397,0.20380471458014002,1.222561971991885,-5.925486564802003e-07,test
norm_6_18.csv,norm,scenario_6,norm_scenario_6,0,39.131158217193075,84.35694303531325,36.49451912705398,83.0481268545783,-1.2156832493312253,40.15507799609573,74.25623486658817,25.516611088195024,72.57981831847928,-0.8282067718847339,15.014536758108187,39.58465798752162,15.207069092488885,38.18333813239887,-0.4858599893953518,1.0473326662313116,2.444038643714503,1.0146624483529916,2.359377876704826,-0.033907206964854435,0.7726357321886338,1.964893573042665,0.7543358863210632,1.8923532297823862,-0.023590796481877875,test
norm_6_19.csv,norm,scenario_6,norm_scenario_6,0,42.028,94.8,39.6301758878115,90.8275,1.2955538543853151,38.73477777777778,79.91,31.630983467458005,77.6225,1.0503832571922456,16.04211111111111,39.86,15.79321149104889,38.221,0.5064472980203317,0.6593333333333333,1.49,0.6127554271347958,1.45,0.02002946865868214,0.5438888888888889,1.29,0.5074538656053895,1.2355,0.016212618841832317,test
norm_6_2.csv,norm,scenario_6,norm_scenario_6,0,36.098222222222226,79.56,33.80289438367826,77.60099999999998,1.1229034037123924,32.71322222222222,68.6,25.593428002445364,66.38799999999999,0.8380322673581099,15.046777777777779,39.7,15.289710855341577,38.838,0.46309857184014475,0.6447777777777778,1.5,0.6045673125928,1.4565,0.019626044367617404,0.5503333333333333,1.3,0.50337612983721,1.2019999999999997,0.01638301024817878,test
norm_6_20.csv,norm,scenario_6,norm_scenario_6,0,52.76833333333333,64.36,6.2831798379804855,63.0485,-0.0988159031979257,62.75266666666666,74.79,6.495901179577118,72.814,0.09354027246162076,30.026222222222223,39.69,4.9319161391892115,38.6385,-0.06709947730172448,1.3094444444444444,1.57,0.13174167019367197,1.5319999999999998,0.000715067703831749,1.0991111111111111,1.39,0.15939946600536806,1.34,0.0018020331728196889,test
norm_6_21.csv,norm,scenario_6,norm_scenario_6,0,33.30338616688424,74.6899601799609,32.490321942298024,73.92100449773577,1.0615587766106525,38.96058504514222,79.79141447630447,31.918161287783224,77.81414106199212,1.05179526383709,15.666308915234733,39.87886781602808,15.522464207743221,37.63025197753041,0.503706961938753,1.014692330347786,2.444903404173066,1.0037883742674547,2.3658217196507323,0.032355286957757204,0.7668824083409875,1.989831408111988,0.7687615140408779,1.8848845675100665,0.02429893349774919,test
norm_6_22.csv,norm,scenario_6,norm_scenario_6,0,38.11357492279074,84.61450272615534,37.814762726989116,83.3890950060398,1.2535286999201762,34.70048587586552,74.99716330795148,32.218379122678854,74.23465934274972,1.0543902213657268,21.98741408538112,53.8076504540111,22.228776951393932,52.11569427140439,0.718180296363901,6.233361739284942,15.877156797482694,6.400815697237058,15.261490075418912,0.20716183503869806,4.982453695197903,12.862546201631476,5.129701272690211,12.277141957150869,0.16409102658614244,test
norm_6_23.csv,norm,scenario_6,norm_scenario_6,0,33.947572473159994,83.84702907779055,31.68098753168769,76.31306854611493,1.0121656239655603,41.70390017979606,88.41523736249306,30.50571925957792,81.7103041035897,0.9917076981892522,22.925397976244707,53.65482253873945,18.545202823006687,48.950528679257914,0.5849831571312799,0.7613282704560509,2.082356049560803,0.7369508585891866,1.838227122927881,0.02359552349345741,0.6436789474778646,1.9727489408919032,0.6293433570128703,1.6086412412792117,0.019191326899197208,test
norm_6_24.csv,norm,scenario_6,norm_scenario_6,0,36.72655555555556,95.0,34.50091007303525,78.3625,1.121829608593654,35.80411111111111,85.0,23.969914377577876,68.53399999999999,0.7632167757336297,16.039444444444445,50.0,14.892789701098604,39.1695,0.47835494093921055,0.6397777777777778,2.5,0.614389214884012,1.4255,0.018916080174507147,0.6653333333333333,2.0,0.6279808914290306,1.4409999999999998,0.020280199201547524,test
norm_6_3.csv,norm,scenario_6,norm_scenario_6,0,37.66466666666667,84.56,36.752169459774755,81.412,1.2163246491336375,45.291444444444444,92.29,34.10307138170136,83.658,1.126250730542865,17.441555555555556,48.34,18.131864428828553,44.205499999999994,0.5702954274190228,0.6253333333333333,1.61,0.5961961821753385,1.4774999999999998,0.018949335308885863,0.5341111111111111,1.4,0.5096680886119056,1.2855,0.015504712515948465,test
norm_6_4.csv,norm,scenario_6,norm_scenario_6,0,54.72395302974383,65.91789657192089,5.192732636883181,63.06299333477748,0.025716812437454176,65.25634582784018,76.4147966439481,4.602985821182908,72.7459705484616,-0.0012511279565142097,30.32135815214717,50.928631778898,8.047184240319826,43.124134642128084,-0.05492063307204091,1.479462839972476,2.150935926465193,0.2797316273839324,1.9244599982280803,-0.0011873159335506576,1.1324215036801422,1.9115106632200851,0.27468209739038596,1.5496804592770645,-0.0010625696348182292,test
norm_6_5.csv,norm,scenario_6,norm_scenario_6,0,85.51808445550311,99.91840099785928,5.555342491743245,93.0336994446688,-0.050343964414091384,74.81710994792671,83.38260136997785,4.322918270889984,81.52451383047527,0.022309607035431587,40.187757239612694,46.50824914852138,3.411256322104399,45.6817942748247,0.0017507881201123453,1.4742734379873743,1.8734369623012497,0.20898252270481912,1.7516767544822511,-0.0003060390606940945,1.19952587973042,1.7507369380328155,0.21070294177665275,1.528525431326185,0.0006690018509196032,test
norm_6_6.csv,norm,scenario_6,norm_scenario_6,0,42.10044444444444,95.18,39.85071902164154,91.4225,1.31304753673293,38.24044444444444,79.51,27.57128293164609,75.042,0.8946022965798245,21.910222222222224,59.88,20.236191906369413,52.297999999999995,0.645814545005556,9.376555555555555,24.92,9.734499769135848,24.229499999999998,0.3144041651232662,7.0471111111111115,19.78,7.556485902918021,19.0955,0.23474157303370777,test
norm_6_7.csv,norm,scenario_6,norm_scenario_6,0,33.83166666666666,79.39,31.421682460550798,76.323,1.0220064205457462,42.376555555555555,83.98,30.463502759237116,82.04050000000001,0.9985190764291882,16.707,39.28,14.413327123327386,38.5485,0.4690945384203809,0.9025555555555556,2.49,0.9101309463893261,2.312,0.028469605301065976,0.7211111111111111,1.99,0.7150177878583215,1.8764999999999998,0.021887969708194423,test
norm_6_8.csv,norm,scenario_6,norm_scenario_6,0,60.056,75.13,6.922822344498168,70.696,0.15409342717207886,64.89733333333334,77.01,5.5657406706999115,73.33,0.1580236243157591,44.18677777777778,70.0,10.172107691815038,59.5725,0.1783812816397086,1.6786666666666668,2.43,0.33475196251029565,2.2664999999999997,0.005466683129604477,1.348888888888889,1.83,0.23469532936972773,1.7165,0.0048661151582499885,test
norm_6_9.csv,norm,scenario_6,norm_scenario_6,0,55.41122222222222,71.4,6.257947006533309,64.6785,-0.11469308968185372,59.77788888888889,68.25,3.1744865972397682,64.507,-0.00016092521710499942,31.015333333333334,51.46,8.30209520055637,43.794,0.021507181956620162,1.530888888888889,2.31,0.29171959926315744,2.0164999999999997,-0.0011850022636539486,1.1884444444444444,1.63,0.2036625933623579,1.5294999999999999,-0.00037156850639996647,test
norm_7_1.csv,norm,scenario_7,norm_scenario_7,0,55.440444444444445,91.37,29.52610788761805,82.57549999999999,0.9080222249660449,54.602777777777774,71.86,7.975480969298065,65.82549999999999,0.20332773593447745,36.22822222222222,55.41,6.498585079842385,46.403999999999996,0.14637477877927313,3.9306666666666668,7.14,1.9165094675805392,6.603999999999999,0.056083960982837376,499.8636666666667,872.89,355.5392617471492,801.7489999999999,10.891638226941595,train
norm_7_10.csv,norm,scenario_7,norm_scenario_7,0,54.54988888888889,91.05,28.80433365079232,84.765,0.8863639955550066,55.443,70.35,8.180900674295996,65.0645,0.2485280487302958,29.95033333333333,49.26,5.380987848408421,38.528499999999994,-0.015584887023089274,1.5176666666666667,2.14,0.2438965059568864,1.9119999999999997,-0.0011623657241634766,100.61255555555555,172.73,70.43342370135524,162.083,2.1960290570852377,train
norm_7_11.csv,norm,scenario_7,norm_scenario_7,0,45.908,74.42,21.364126037549823,67.1055,0.6512797464707574,50.29211111111111,63.13,7.709378426167224,60.408,0.2281796929662097,10.857888888888889,18.38,1.9995474175813026,13.683499999999999,0.016039593365436068,2.3441111111111113,3.68,0.5806929112521755,3.412,0.006954685763674525,580.53,945.92,378.1070053287187,901.0029999999999,11.602471086965469,train
norm_7_12.csv,norm,scenario_7,norm_scenario_7,0,30.864333333333335,73.42,14.067172563546103,50.25749999999999,0.3810398814668478,44.70755555555555,54.9,3.554725391537084,50.2985,0.11249372350495945,29.501,42.74,5.192102483796635,37.707,0.004715396962587968,1.529111111111111,2.44,0.31929221037396627,2.06,0.0010192204798946376,92.47744444444444,178.62,74.00332665709767,165.582,2.362344898547146,train
norm_7_13.csv,norm,scenario_7,norm_scenario_7,0,44.75255555555555,84.76,22.255468085122143,66.5485,0.6679625468164797,49.574222222222225,59.0,7.189531556019917,58.774,0.22900374531835202,11.681,16.54,1.3005375293195278,13.0975,0.019614355681771417,13.497444444444444,25.98,8.800931329817303,22.933,0.2643268716302423,291.4161111111111,488.96,209.65835313079134,477.27000000000004,6.69747680783636,train
norm_7_14.csv,norm,scenario_7,norm_scenario_7,0,58.2423163617713,94.53958771668688,30.605589575643876,86.669564073258,0.9478243995687443,63.44662239530319,80.62104918696856,10.490571248015794,77.25045957592069,0.30784069752065385,19.502542837334747,36.28323204363048,5.350281725345694,28.70220581858719,0.0236674600763141,1.569875700716928,2.3125265909241577,0.32653283054911286,2.1154878025212147,-0.0014144920232486786,205.5817737675691,365.9201643284315,139.9304413880577,327.00545213376114,4.3476942494225845,train
norm_7_15.csv,norm,scenario_7,norm_scenario_7,0,55.38506925635898,85.62104918696856,28.498022899824424,81.39062756874142,0.891306768928633,51.30439339274427,60.79054754368722,5.307366969832004,59.26645171217213,0.1279459885050159,29.502542837334744,46.28323204363048,5.3502817253456945,38.70220581858719,0.023667460076314092,33.936898987287755,61.34854391566512,23.38404541852225,57.58023384867929,0.7246184645285397,232.23413938004836,382.78985427364313,164.37445933296112,376.2697891856606,5.114953795862452,train
norm_7_16.csv,norm,scenario_7,norm_scenario_7,0,54.76177777777778,83.69,30.735315945052477,82.64,0.9325218751286167,50.25566666666667,60.0,8.179199989724562,59.616,0.23517956949417618,28.018333333333334,34.67,3.5519190097305704,33.8465,0.06171436802897477,15.585555555555556,24.91,6.487988055917863,24.144,0.18953451043338682,381.52877777777775,661.89,259.3835697361173,652.4665,7.791481005885499,train
norm_7_17.csv,norm,scenario_7,norm_scenario_7,0,61.11211111111111,94.22,34.80603048919084,93.80199999999999,1.0732173519364527,43.34533333333333,50.57,4.6695723645121685,49.8675,0.15386360456023376,23.323222222222224,37.44,5.313475729885751,34.0425,-0.10611326501214148,5.147333333333333,9.37,2.6891441351804257,9.171,0.07170778285385028,421.0288888888889,770.03,298.2760033266996,706.7199999999999,8.671632547228052,train
norm_7_18.csv,norm,scenario_7,norm_scenario_7,0,44.63022222222222,98.81,24.606594301043167,78.30649999999993,0.6509725480511996,37.359,39.93,1.4434774257506373,39.6665,-0.0025182532822982232,7.6914444444444445,9.95,1.475074221031965,9.738499999999998,0.0035445528254516986,1.4786666666666668,1.98,0.28212755104062365,1.9009999999999998,-0.0015037247396797954,477.3886666666667,799.94,332.44593356892915,789.973,10.11147549080133,train
norm_7_19.csv,norm,scenario_7,norm_scenario_7,0,58.38908172822893,90.4325693626183,31.30246424944129,85.71696377216126,0.9780520279204155,51.75000867455925,67.48691053607868,11.946960588193598,64.23967788264441,0.36849737591740933,24.257899137295702,35.49232195806909,5.29821383718103,33.11129766400196,0.08508328805032625,3.7545351094985753,7.469528092296699,1.7778699445555133,6.207019408621835,0.05266048086781157,1000.2033981111531,1588.0681338822917,697.5676864091967,1555.3324060451546,21.772794389396633,train
norm_7_2.csv,norm,scenario_7,norm_scenario_7,0,59.24744444444445,95.5,33.65740323126786,89.161,1.0238937317364278,49.486444444444444,59.81,7.961413587868902,59.391,0.22680149812734085,32.836999999999996,44.68,5.620716186522693,42.7295,0.03213277359344777,23.42422222222222,55.0,10.947464534098447,37.9215,0.3003412767008272,429.18533333333335,850.0,295.9157738701479,689.8105,9.061845166069883,train
norm_7_20.csv,norm,scenario_7,norm_scenario_7,0,61.88477777777778,94.07,32.970774979655104,90.7295,1.0135174712927524,50.00377777777778,59.91,7.76114140478826,59.2875,0.2272300283985678,11.783111111111111,19.52,3.8557354460870665,18.4045,0.05145326583528829,5.872111111111111,9.97,3.0385461834344265,9.9065,0.08497715767378686,556.0013333333334,944.24,393.11407470737254,928.771,12.015223607852823,train
norm_7_21.csv,norm,scenario_7,norm_scenario_7,0,52.64811111111111,95.5,37.99138521197397,94.3355,1.2537800551508418,43.45377777777778,59.57,11.135449273013656,58.447500000000005,0.36182359962135235,7.566333333333334,9.97,1.3729869431525619,9.622,0.0049221714614973025,2.9283333333333337,4.97,1.207699317069211,4.841,0.00968802732847677,448.7675555555556,948.27,430.0371215967999,933.392,14.148928180433794,train
norm_7_22.csv,norm,scenario_7,norm_scenario_7,0,47.50122222222222,93.66,23.48346254486612,69.0155,0.7048438078775157,46.300111111111114,54.98,5.7994958119571836,54.3425,0.16455093221385347,30.748777777777775,39.96,5.5407069333117525,38.9905,0.03240342429106473,4.230222222222222,12.32,1.8635697155979658,7.4005,0.023822035642260354,530.952,849.27,372.26710336784754,843.9625,11.7478450837552,train
norm_7_23.csv,norm,scenario_7,norm_scenario_7,0,58.31755555555556,90.06,31.060585208719345,87.381,0.9587025558710949,52.43,66.12,6.179580546472155,60.725,0.16213754784541295,33.21711111111111,48.0,6.223640728713369,43.7945,0.039782195332757134,34.62166666666666,62.39,21.302469089892906,57.3185,0.6446447709593773,534.6593333333334,922.31,375.83495758261176,863.642,11.523094209161624,train
norm_7_24.csv,norm,scenario_7,norm_scenario_7,0,61.91496071621312,94.05243093271038,29.87161735795218,90.69010924424566,0.898048931320153,51.713223052296,64.69548410209588,12.153351674859673,63.269969248754165,0.3745685389483405,15.411084154238294,24.631916336099504,5.091976879003317,23.577483508823512,0.10820584660237334,29.949473196664268,49.55452780885419,14.917430478073957,47.44131704288906,0.4499578599496767,415.4473251700351,735.9955372658869,287.0607225631074,708.3765633950014,8.946769946630639,train
norm_7_25.csv,norm,scenario_7,norm_scenario_7,0,61.85022222222223,95.0,33.593073857359606,93.6605,1.0410355187883278,44.82311111111111,50.68,2.8379382627219405,49.905499999999996,-0.00011919166975347717,30.209444444444443,39.46,5.048408662635067,38.3065,0.01520870889410213,1.5107777777777778,2.25,0.2838072924995148,2.033,0.00033872494546651844,235.87966666666665,394.32,167.0201959022126,377.222,5.204117627690657,train
norm_7_26.csv,norm,scenario_7,norm_scenario_7,0,58.54211111111111,98.08,31.97668755794644,92.2225,1.0358030209490878,54.882555555555555,58.79,1.8918307886367527,58.2715,-9.951845906900996e-05,15.084444444444443,18.78,2.0189512858490946,18.325499999999998,0.006072683870436679,5.036444444444444,7.5,0.9462240881359917,6.789999999999999,0.0011366012264888668,369.9591111111111,737.45,298.4525941489823,686.611,9.54660855249619,train
norm_7_27.csv,norm,scenario_7,norm_scenario_7,0,57.10055555555556,92.79,31.808016845489547,88.1005,0.9176029139399927,46.028999999999996,54.94,6.7553196765648575,54.4765,0.20587488167263457,28.537444444444443,34.84,3.5175603014599464,34.391999999999996,0.07416133679055022,17.164,29.68,11.484070726420933,28.480500000000003,0.35365320821500584,571.6114444444445,997.97,404.43804085286206,938.736,12.40733201629831,train
norm_7_28.csv,norm,scenario_7,norm_scenario_7,0,63.967358858415054,94.84498008998044,34.73857451718709,94.09341260529331,1.117635382288459,43.45996248741499,49.89570723815224,3.8458252274070523,49.29045456535824,0.07918155234596522,33.36746545025618,44.87886781602808,6.665666024998669,43.50885496744681,0.09574690577161028,11.004082883591295,19.449034041730663,5.843954930801384,19.02490410320363,0.16799148972327488,662.6545975870522,1195.9325632447951,473.9922319010798,1153.9538270040266,14.693326705075638,train
norm_7_29.csv,norm,scenario_7,norm_scenario_7,0,58.79777777777778,93.88,31.45465238727007,87.9565,0.9792428694900609,63.412222222222226,78.38,13.181796929369725,76.724,0.4429891756183891,11.12188888888889,27.66,3.973366640448086,20.295499999999976,-0.005424455694118612,4.901222222222223,7.6,1.220872618278591,7.0169999999999995,-0.0016318887105403982,534.5614444444444,922.31,375.9734315875097,863.642,11.526905132320866,train
norm_7_3.csv,norm,scenario_7,norm_scenario_7,0,61.01866666666667,94.7,33.45075855104708,90.563,1.0297901798575957,52.91288888888889,70.49,10.351255500515563,65.49799999999999,0.30577108284973453,32.70411111111111,46.14,7.496033691967447,44.729,0.0009144338807260336,7.323,15.51,4.255062404644112,12.9345,0.12547828950076143,332.97844444444445,649.18,238.8639664996273,577.849,7.204985800716141,train
norm_7_30.csv,norm,scenario_7,norm_scenario_7,0,54.111,89.29,28.609964990219282,82.699,0.8691791579207309,40.19022222222222,47.92,2.9236328708552937,44.261,-0.008554471745482992,29.217444444444446,42.43,4.836517123937155,37.7395,-0.003949705724986614,4.756333333333333,9.43,2.495943878114375,8.201,0.06971519117586533,239.19644444444444,573.12,170.99069771866857,383.4585,5.106450343663825,train
norm_7_4.csv,norm,scenario_7,norm_scenario_7,0,48.45049141307694,83.18463324562543,23.793206797800508,69.04521993114032,0.7184281331141293,48.63017085796793,54.916677783946845,3.9546634634640285,54.268571659713025,0.08630506902690688,29.095866619250895,39.645557438095054,6.068321399800309,38.32850371757214,0.00890020297930642,1.5122077174160204,1.988347021752329,0.2977814764171799,1.9566636221721818,0.0017294189923144924,291.6135849061357,776.7024047567575,219.1000473682061,561.2033629788073,6.241068538319969,train
norm_7_5.csv,norm,scenario_7,norm_scenario_7,0,52.33177777777777,89.22,23.48165243968953,73.8685,0.7042380540807509,57.538333333333334,67.67,8.915015896057968,66.90350000000001,0.2718808906449356,18.602444444444444,29.06,5.282045337396973,26.5385,-0.03702481787875047,4.775555555555556,53.46,5.532180647954114,7.6375,0.026062312219615594,333.15722222222223,549.04,234.36113942369485,544.8975,7.166781660287282,train
norm_7_6.csv,norm,scenario_7,norm_scenario_7,0,47.12866666666667,87.5,28.74611724440734,74.80799999999999,0.9140944149483475,47.961555555555556,57.89,8.880843531034747,57.4965,0.2839789274396017,28.237111111111112,44.32,4.198083095045745,34.088499999999996,0.07886142322097378,1.4208888888888889,1.81,0.214746489916217,1.77,0.003137177429312259,538.7217777777778,956.02,436.5670711243147,940.114,14.132444170062147,train
norm_7_7.csv,norm,scenario_7,norm_scenario_7,0,56.5191969096211,85.45398142579133,29.814608126248867,83.51928394052658,0.926697971504908,48.771430983265155,54.58929603966335,4.628931461008105,53.7185396110436,0.13614045289317991,10.235013198836736,14.9570015898546,2.6894643392201925,14.544392859200514,-0.011639390401492889,5.536118085101059,9.995845469065657,2.8071902645494182,9.500283757083395,0.07361554622250281,108.02534791357363,179.39451281533388,70.43137791914782,174.6046907370898,2.16997344071504,train
norm_7_8.csv,norm,scenario_7,norm_scenario_7,0,61.706858916942416,93.6720187417549,33.975872888588,92.4529721371221,1.068465102203193,45.15380749670411,51.84887798636886,2.7617914927097456,49.647582329076954,-0.0007506767739085053,30.200848845091983,43.08039486181124,5.029490150199894,38.20258415133005,-0.03432539567002558,1.479462839972476,2.150935926465193,0.2797316273839324,1.9244599982280803,-0.0011873159335506576,81.45265731038236,144.93925976364716,56.19740514488048,132.18254079809714,1.7233642386270884,train
norm_7_9.csv,norm,scenario_7,norm_scenario_7,0,57.87444444444444,93.93,30.611086194424676,85.024,0.9140799275630739,60.65255555555555,74.6,12.846196968045554,74.39750000000001,0.4040940856895913,24.354222222222223,38.45,6.99029053386304,37.1135,-0.17713939992591685,2.2075555555555555,3.0,0.41349785296539476,2.8555,0.0016683541177923194,473.69811111111113,798.75,337.44811945114026,789.4225,10.375310943737906,train
norm_8_1.csv,norm,scenario_8,norm_scenario_8,0,25.13620050969157,65.23122864890931,17.537154653097943,62.44225403936429,0.010286724974981612,40.25634582784018,51.414796643948094,4.602985821182906,47.745970548461585,-0.0012511279565141768,42.49679200244483,94.32613366535494,21.3504078444132,87.6633301032031,-0.03432539567002552,3.0356324195404585,11.374669150241438,3.501637388524673,10.608810354661147,-0.0007915439557004411,1.7812285309701978,6.039712000804816,1.7770889648682417,5.597799189344907,-0.0007655822121270375,test
norm_8_10.csv,norm,scenario_8,norm_scenario_8,0,51.60677777777777,94.91,33.95480475433659,92.62799999999999,0.008093591801456801,43.00022222222222,49.83,3.9608335230420204,49.434,-0.017484298473062508,52.635222222222225,84.86,21.59725816075786,81.7465,-0.00960867596822646,6.731333333333334,14.83,5.428638830366392,14.388,-0.003041033872494541,7.037555555555556,14.97,5.624703200381734,14.284,-0.004858048318722488,test
norm_8_11.csv,norm,scenario_8,norm_scenario_8,0,37.18866666666667,94.4,31.71029649530614,90.3795,-0.0004942173930937433,41.55488888888889,49.8,3.5068726246462285,47.5325,-0.0069932913528419115,58.17622222222222,146.45,43.51648055564766,137.9415,-0.0047032967032968045,3.5964444444444443,9.75,3.009763255877356,9.1395,-0.0009138576779026236,6.281777777777778,19.8,6.303613299070599,18.325999999999997,-0.0032871547927727897,test
norm_8_12.csv,norm,scenario_8,norm_scenario_8,0,44.77966666666667,94.4,33.8263416884308,91.793,0.2238191546281436,47.11044444444444,54.8,3.5464322667607244,53.5445,0.009469646458410511,66.87677777777778,146.45,44.60040453859406,137.9415,0.2564847512038518,4.301555555555556,9.76,3.231761237951543,9.484,0.020071778408857086,16.561777777777777,49.4,18.00815948507648,46.461999999999996,0.10933530888587073,test
norm_8_13.csv,norm,scenario_8,norm_scenario_8,0,37.427,94.28,31.883810038705683,90.0085,-0.014818208009219144,41.861111111111114,53.27,4.490870250351608,49.946,0.009167551549574023,57.34155555555555,148.14,42.16969538411457,136.3055,-0.04004132197390631,23.03611111111111,79.06,30.980964097200225,72.91,0.007510309914804529,16.270555555555553,59.85,21.427281117593626,53.8225,0.0043034942585505115,test
norm_8_14.csv,norm,scenario_8,norm_scenario_8,0,37.141888888888886,92.72,27.46419699566563,84.43599999999999,0.00948207597645807,41.64133333333333,44.95,1.8884773011222376,44.589,-0.01537424373379429,53.50022222222223,118.11,29.558514732788744,104.124,0.047944026011441696,22.49866666666667,72.73,24.299906653540592,66.03299999999999,0.009460921101370664,3.2432222222222222,9.91,2.6078601274693485,7.9665,0.0003530477013623105,test
norm_8_15.csv,norm,scenario_8,norm_scenario_8,0,35.57333333333333,95.11,19.829937587372815,76.79949999999997,-0.006865209696670399,45.714777777777776,58.1,4.290337517897417,55.0115,-0.012339383462978958,39.10488888888889,88.62,18.06455497975882,76.62199999999999,0.018364901016586364,3.1365555555555558,8.85,2.098767514792566,7.1975,-0.000747335061941802,15.845555555555555,75.28,19.354942353520844,57.513499999999986,0.011254887434662656,test
norm_8_16.csv,norm,scenario_8,norm_scenario_8,0,51.89022222222222,94.44,34.07430541973971,92.1035,0.0030930567559783683,42.901444444444444,49.98,3.5970136056041477,49.3925,0.0006319298678849227,77.18811111111111,149.78,45.643899253773654,143.09099999999998,0.021550561797752922,9.137444444444444,19.56,6.943123922288128,19.044,0.0005178417088529439,13.560666666666666,29.3,10.570009811524788,28.144,-0.0038692842737786657,test
norm_8_17.csv,norm,scenario_8,norm_scenario_8,0,33.830666666666666,80.0,21.60686614757219,73.93849999999999,0.034547310367535077,40.269,48.36,3.049640999317642,45.901,-0.00862089969955139,64.78777777777778,150.0,40.17262620404394,138.8875,0.06975297361814217,14.873222222222221,50.0,16.13883680893911,45.263,0.012711281228135083,9.103555555555555,30.0,9.62468762792233,27.173999999999996,0.007383627608346644,test
norm_8_18.csv,norm,scenario_8,norm_scenario_8,0,37.211666666666666,89.78,30.67126969708722,86.2195,-0.0017927316129564188,44.778666666666666,49.69,2.9285116056999163,49.0965,0.007948635634028901,47.23255555555556,89.92,23.729885891149824,85.857,0.0348476766679014,22.07,79.61,29.723168015101155,72.4975,0.0068991233485615,19.73466666666667,68.52,26.328967650253393,65.00750000000001,-0.004074577108284869,test
norm_8_19.csv,norm,scenario_8,norm_scenario_8,0,39.64777777777778,89.38,30.096602472696162,81.866,-0.055420998477178504,43.019666666666666,53.62,4.475515524884606,50.404999999999994,-0.0013925175947647852,43.78377777777778,79.59,20.599376044754568,74.79650000000001,-0.05922344322344318,2.2141111111111114,5.31,1.3791219274909643,4.837,-0.003884018603119726,9.281777777777778,25.79,10.216814580620591,25.1875,-0.032900358068897344,test
norm_8_2.csv,norm,scenario_8,norm_scenario_8,0,36.81399222887562,89.75596577969985,31.878939938809992,88.29145491819887,0.01114628747405283,46.85884865160603,58.73686104777269,4.384359811753723,56.18930890577645,-0.025333581239279146,45.89476067201414,94.48336134233608,24.083703272584337,89.6071876495858,-0.04640889087134334,4.659997494834054,14.638420911389112,4.629133650957491,12.497060027680162,0.00021406501394054484,3.8516920494189195,11.773295626039973,3.490025507955904,10.704644084274577,-0.001199541975308783,test
norm_8_20.csv,norm,scenario_8,norm_scenario_8,0,48.46953825576534,99.29427512698152,35.87435132272946,93.7648954105156,0.033314561718015945,44.94451380336867,59.0418830927041,6.40567564615048,55.50793714737589,0.027426114628717968,71.20201163749542,173.9243004588541,45.80087067253021,146.82715242367374,0.05743723598077825,4.557476790996317,14.393064048861165,4.034317012978355,12.321020003675855,0.02095750261612244,30.373981307508167,79.04050224877263,31.68962339848668,76.30150604093029,0.01252566522746009,test
norm_8_21.csv,norm,scenario_8,norm_scenario_8,0,48.14711111111111,95.98,33.234416648822275,89.568,0.1467926081409229,40.18011111111111,45.57,2.0334862378807577,43.937,-0.0057337942955920235,58.993,103.05,29.400911796989945,98.666,0.15225920895583794,4.109444444444445,9.91,2.8146065089546153,9.213999999999999,0.013541836440712843,6.642333333333332,17.41,5.204389256011687,14.292999999999997,0.025594188582952652,test
norm_8_22.csv,norm,scenario_8,norm_scenario_8,0,39.56977777777778,94.37,32.279604475869924,92.986,0.034978145450055724,39.99466666666667,44.89,2.910419175184374,44.2285,-0.020780837140387694,59.67055555555556,149.68,44.854522334377755,141.74749999999997,0.007145655842284865,3.2876666666666665,9.63,2.9486058598690215,8.92,-0.00178993291352841,6.3565555555555555,19.77,6.836856850775983,18.9525,-0.0005479688850475196,test
norm_8_23.csv,norm,scenario_8,norm_scenario_8,0,35.861444444444444,92.93,28.37831057997081,89.109,0.15926171955385443,44.40466666666667,58.5,6.038303244075746,55.143499999999996,0.02202082561633125,47.26144444444444,100.0,23.354610523868693,89.866,0.14758307609993004,3.187888888888889,9.14,3.0093164308151503,8.7955,0.015959254228917138,3.1823333333333337,9.03,3.0233666962138876,8.776499999999999,0.016094250318969397,test
norm_8_24.csv,norm,scenario_8,norm_scenario_8,0,38.221555555555554,84.2,28.8811254764944,82.5615,-0.5260073260073259,44.076,54.63,5.347428616539803,53.681,-0.08813466683129603,27.54733333333333,69.38,21.944013583089838,64.4115,-0.37749779808206774,27.231333333333335,77.5,31.416484372651855,75.3415,-0.5701136765855865,4.189555555555556,9.82,2.9024220459529926,9.391499999999999,-0.04835609334485738,test
norm_8_25.csv,norm,scenario_8,norm_scenario_8,0,35.61455037949585,89.11976914244985,30.180787823389473,85.4840816896804,0.010428705875786516,46.48518841759249,54.884007675305945,3.956093851433426,54.2820847327632,-0.0012524699109510598,43.047006926367594,89.21703110519047,25.424058760488773,84.52401617196733,-0.005204529850778207,7.338858898864867,24.472151509658914,8.511257122495708,22.21766714705933,0.0031069446666939335,7.813205466949072,24.367269576862878,9.225766195936744,23.54113323788357,-0.0028023923101900237,test
norm_8_26.csv,norm,scenario_8,norm_scenario_8,0,44.998000000000005,94.55,34.16338700546819,91.3055,0.20791060624768476,44.40488888888889,54.59,5.600485381140597,54.147,0.038863398773511165,58.278333333333336,109.25,33.56515556313613,106.573,0.19959986829649745,9.093222222222222,24.35,9.02170240141656,22.824,0.057690332139770345,7.186888888888889,19.63,7.007016971682613,18.510499999999997,0.04790385644318227,test
norm_8_27.csv,norm,scenario_8,norm_scenario_8,0,41.361511765053784,99.0,37.537586572646426,99.0,0.013584448224986364,39.94751508160568,44.25671344096964,1.7281769183118263,42.37774217299148,0.002334599690811135,58.950456103798984,131.43009166244357,41.22660055449352,127.40880243492145,-0.009217280354020274,8.202630038596416,26.62495769296142,9.692853298465627,23.968118385533092,-0.002050419996058759,5.874015409180377,23.15012927759716,7.015182517709811,18.73482603433285,0.0016890677175649851,test
norm_8_28.csv,norm,scenario_8,norm_scenario_8,0,42.409,94.32,34.529469844653114,92.9215,-0.11722130304152775,40.504666666666665,48.96,4.583800052505376,47.586,0.012687656912376012,96.06866666666667,247.07,84.75348645110697,235.403,-0.2608346709470306,61.83,199.72,76.57524049051216,191.3075,-0.2692129892579329,12.570555555555554,39.74,14.043163586176545,37.2905,-0.04884759435321226,test
norm_8_29.csv,norm,scenario_8,norm_scenario_8,0,37.663000000000004,92.53,31.755260502010717,88.743,-0.011086060007408421,46.62811111111111,54.47,3.7684687959657146,53.268499999999996,-0.001542988846359636,52.370000000000005,109.67,30.638212646257674,101.1155,0.00341046219697892,5.020333333333333,14.53,5.144727518144674,13.660999999999998,4.9800386879037694e-05,4.309555555555556,11.97,4.008221021264404,10.979999999999999,0.00033255134378731084,test
norm_8_3.csv,norm,scenario_8,norm_scenario_8,0,36.81366666666667,89.76,31.879231922640926,88.2885,0.011153064164300036,42.88077777777778,54.16,5.110268408654225,52.457,-0.025638473885664904,58.547888888888885,148.97,42.8108199201406,139.21349999999998,-0.040172613902951,3.0424444444444445,9.74,3.0168170260705254,8.2125,-4.066345639379544e-05,12.706333333333333,49.03,16.54743087089251,44.4455,-0.002436432481376315,test
norm_8_30.csv,norm,scenario_8,norm_scenario_8,0,39.105444444444444,94.1,31.89352335228458,92.544,0.029460838786681355,43.589,54.67,5.8076265337103266,53.324,0.012929909042268584,57.47933333333334,147.67,42.055682719327756,135.65849999999998,-0.022458081244598166,7.560444444444445,24.87,7.159906770956519,22.169499999999996,0.005287566366218022,4.779111111111111,14.86,4.511257739479091,13.382,0.003691319916039002,test
norm_8_4.csv,norm,scenario_8,norm_scenario_8,0,58.16844444444444,100.0,40.80155634041733,100.0,0.1977295962464502,39.903333333333336,44.9,2.923235470840064,44.416,0.003024406305305177,65.06444444444445,100.0,34.15848005693828,100.0,0.12816989751821192,15.691333333333334,36.08,14.007336456540964,33.882,0.06584796476931316,67.4,150.42,63.362269459128726,142.461,0.30564942173930904,test
norm_8_5.csv,norm,scenario_8,norm_scenario_8,0,46.35924239529612,94.70064220019344,34.156237614125956,90.4514924004186,-0.0031527994369972504,39.90322098973976,44.90364388019034,2.923267131329451,44.41795762454369,0.0030275540363002436,69.1210982300477,149.07809839422413,45.333188696895746,139.64989106463204,-0.05393757655949381,2.201564218025064,4.982799040779254,1.277808677711499,4.516833258366204,0.0022889620962388236,14.408091498452157,39.96197681250602,14.568620212325007,36.75907169154879,-0.0019163118092942763,test
norm_8_6.csv,norm,scenario_8,norm_scenario_8,0,29.40822222222222,78.52,21.25829173735537,69.82499999999999,-0.03387282380540811,42.56433333333333,63.75,6.931337573787451,52.455999999999996,-0.010368440548215837,50.379555555555555,170.97,33.35806298471757,120.36349999999997,0.058413631312507736,10.676555555555556,46.62,14.053912739283524,39.037499999999994,0.005760958142980592,5.778444444444444,30.21,7.824862121212107,21.903499999999994,-0.0006389266164547083,test
norm_8_7.csv,norm,scenario_8,norm_scenario_8,0,39.26144444444445,79.96,27.742949081394254,77.642,0.18368629872000647,40.467666666666666,45.0,2.907639704586073,44.744,0.011971436802897485,52.62877777777778,89.37,24.744992993829467,88.1285,0.14384565995801932,3.9846666666666666,9.97,2.975318017182498,8.908999999999999,0.01939465777668024,4.049333333333333,9.99,3.080043338378883,9.541,0.02053916121331851,test
norm_8_8.csv,norm,scenario_8,norm_scenario_8,0,33.102777777777774,79.52,25.857753929231155,76.30649999999999,0.0008768983825163096,41.55488888888889,49.8,3.5068726246462285,47.5325,-0.0069932913528419115,43.11933333333334,88.98,26.90116675135615,86.5565,-0.00052022883483569,23.07633333333333,78.52,30.92669111759526,74.84049999999999,-0.002315594517841754,22.427333333333333,79.4,30.218209288180354,74.98249999999999,-0.010730707494752393,test
norm_8_9.csv,norm,scenario_8,norm_scenario_8,0,33.172111111111114,71.98,22.840928152417977,67.5155,-0.010235090751944714,43.251333333333335,51.37,4.466033405833689,50.5235,0.0009260402518829617,45.90866666666666,75.57,19.62650467716288,74.2815,-0.013268963246491263,77.35933333333334,236.5,95.22481232691736,222.891,-0.014077458122401685,20.661555555555555,59.16,24.54680637417088,57.503499999999995,-0.009498621228958335,test
norm_9_1.csv,norm,scenario_9,norm_scenario_9,0,14.753222222222222,19.63,2.337273850276432,18.756,0.00578367699716015,40.10911111111111,45.44,1.9280394912061427,43.752,0.011430711610486876,29.916444444444444,45.0,5.1851989681762,38.528499999999994,-0.013750833436226696,1.0124444444444445,1.43,0.16300762449329273,1.2765,-0.0007553195867802611,0.9133333333333333,1.34,0.21196247282866,1.261,-0.0012822982261184506,train
norm_9_10.csv,norm,scenario_9,norm_scenario_9,0,15.083444444444444,19.81,2.231631217324522,18.865,-0.02934461044573403,44.85066666666667,51.51,3.503086215568761,49.959,-0.0038956249742766484,20.00188888888889,35.21,4.727831033322833,26.534,0.021989463719800793,1.0015555555555555,1.55,0.1924759498247089,1.321,0.0003936288430670454,0.9888888888888889,1.53,0.20027197487441892,1.31,-0.0012855908136807012,train
norm_9_11.csv,norm,scenario_9,norm_scenario_9,0,14.753222222222222,19.63,2.337273850276432,18.756,0.00578367699716015,45.163666666666664,53.16,2.8929505369067003,50.632999999999996,0.0171681277523974,29.916444444444444,45.0,5.1851989681762,38.528499999999994,-0.013750833436226696,1.2176666666666667,1.84,0.2438965059568864,1.6119999999999999,-0.0011623657241634766,1.0167777777777778,1.55,0.26547742779596833,1.4509999999999998,-0.001591389883524715,train
norm_9_12.csv,norm,scenario_9,norm_scenario_9,0,50.346222222222224,70.7,11.309025090138775,67.917,0.41880182738609695,62.082,82.72,10.353057432577451,77.16199999999999,0.3833292999135696,39.391555555555556,65.0,12.765276982089466,56.724,0.4615429065316705,1.5696666666666668,2.31,0.32617101049892155,2.1155,-0.0014078281269292506,1.8732222222222223,2.68,0.40637567104525113,2.5364999999999998,0.0004877145326583526,train
norm_9_13.csv,norm,scenario_9,norm_scenario_9,0,38.197,62.86,12.862868819577658,58.47149999999999,0.45727349055438943,48.63177777777777,62.99,5.953645201556566,57.183,0.193341564802239,32.95222222222222,54.23,9.35452312367716,47.559,0.31894999382639827,1.7146666666666666,2.53,0.39423428840894026,2.351,0.00859217187307075,1.4773333333333334,2.24,0.34185482167306586,2.0465,0.010172449273572873,train
norm_9_14.csv,norm,scenario_9,norm_scenario_9,0,15.011222222222223,22.14,2.8178559176321163,19.055999999999997,-0.048069720541630646,38.83422222222222,44.45,2.2002149934672635,42.2375,0.0002609375643083424,26.787888888888887,37.68,5.153336978113067,34.628,-0.017181956620158857,0.9996666666666667,1.49,0.2035938344798345,1.3475,0.0016391324031773463,0.9034444444444445,1.45,0.20177950537409328,1.1755,0.0004384903486027081,train
norm_9_15.csv,norm,scenario_9,norm_scenario_9,0,25.41111111111111,39.08,5.2494255318541185,34.682,0.020217475408486646,49.79022222222222,67.03,6.912608245738449,59.508,0.009324607976293375,40.336777777777776,64.96,9.627773358243477,57.449999999999996,-0.014999629583899242,1.4878888888888888,2.55,0.4793804392057875,2.312,-0.0030481952504424403,1.1285555555555555,2.19,0.4025887050306146,1.8465,-0.00010906696299954725,train
norm_9_16.csv,norm,scenario_9,norm_scenario_9,0,20.273666666666664,28.33,2.94276849318705,24.874,0.009095690826027906,45.44866666666667,58.93,5.084023267479178,54.838,-0.01433164588220767,31.12822222222222,50.0,7.364446717553221,41.495,0.03954051940568795,1.1745555555555556,1.98,0.356188187576159,1.8019999999999998,-0.0005780960612421287,0.973,1.73,0.29955191255374547,1.4164999999999999,-0.00011433510309914796,train
norm_9_17.csv,norm,scenario_9,norm_scenario_9,0,22.060444444444446,32.04,5.125079974407218,29.8555,0.009180557270444907,45.43288888888889,52.38,3.0021495087534973,49.948,-0.005282133596740338,32.766222222222225,52.58,9.72363442684454,47.205,0.02641099724245791,1.1332222222222221,1.76,0.2607975140235215,1.5884999999999998,0.0011575914721982138,0.9618888888888888,1.48,0.21281893155442033,1.2965,0.0009903280240358887,train
norm_9_18.csv,norm,scenario_9,norm_scenario_9,0,17.085804313446058,25.950326432732385,4.638034714791471,23.965573541704728,-0.03391870724110663,39.68509900656525,47.63318174081967,3.7156290121450275,45.91360401137387,-0.005000801149414116,30.762354913477562,39.80107700208527,5.902260874143783,38.957341606204686,0.014264227145989884,0.9780728734944356,1.4758520794625345,0.2822728618789284,1.402784707723964,-0.001501948823414253,1.0171819910267985,1.4905051420006732,0.3141525221409845,1.450361815988518,4.211839309798886e-05,train
norm_9_19.csv,norm,scenario_9,norm_scenario_9,0,14.753222222222222,19.63,2.337273850276432,18.756,0.00578367699716015,40.163666666666664,48.16,2.8929505369067003,45.632999999999996,0.017168127752397403,29.916444444444444,45.0,5.1851989681762,38.528499999999994,-0.013750833436226696,1.0124444444444445,1.43,0.16300762449329273,1.2765,-0.0007553195867802611,0.9137777777777777,1.34,0.21106779238853637,1.261,-0.0012791702679343128,train
norm_9_2.csv,norm,scenario_9,norm_scenario_9,0,62.63411111111111,84.88,12.442953052297247,80.0945,0.45866691361073375,69.75122222222222,94.88,12.960102720824867,90.137,0.44294546651850014,50.00233333333333,86.46,13.647119056391563,70.987,0.47583413590155155,1.5063333333333333,2.88,0.4766183548498475,2.2975,0.0009508169732888839,1.1773333333333333,2.25,0.3982173761297784,1.81,-0.002573815697411203,train
norm_9_20.csv,norm,scenario_9,norm_scenario_9,0,16.52466666666667,24.76,4.359504713647481,24.1125,-0.021351277935547596,41.818,49.87,4.324112482815978,48.615,0.03302086677367575,29.872222222222224,39.71,5.805731143220963,39.1045,-0.00587990286866691,1.049111111111111,1.49,0.28246365757860625,1.45,-0.00036416018438490327,0.9717777777777777,1.5,0.2994811159763949,1.4665,0.0002286702061982961,train
norm_9_21.csv,norm,scenario_9,norm_scenario_9,0,19.72388888888889,24.87,3.009530813574216,24.501,0.0050527225583405335,39.718888888888884,44.86,2.8864637376665447,44.338499999999996,-0.004988434786187603,30.761777777777777,39.8,5.90242391225419,38.9585,0.01427978762810222,1.1348888888888888,1.48,0.19763912434197245,1.4309999999999998,-0.0010779931678808084,1.0097777777777777,1.29,0.18864971271477146,1.27,1.5145902786352385e-05,train
norm_9_22.csv,norm,scenario_9,norm_scenario_9,0,14.753222222222222,19.63,2.337273850276432,18.756,0.00578367699716015,40.163666666666664,48.16,2.8929505369067003,45.632999999999996,0.017168127752397403,29.916444444444444,45.0,5.1851989681762,38.528499999999994,-0.013750833436226696,1.0186666666666668,1.64,0.2415502367085005,1.4119999999999997,-0.001206074824052352,0.9133333333333333,1.34,0.21196247282866,1.261,-0.0012822982261184506,train
norm_9_23.csv,norm,scenario_9,norm_scenario_9,0,15.24688888888889,23.45,3.1496130115217427,20.8085,0.012120014816644025,39.89522222222222,48.51,3.4570882168128816,44.759,0.004693336625920885,30.168333333333333,42.48,4.813988103503597,38.724999999999994,-0.0075101452854261916,0.9932222222222222,1.63,0.2873584762672691,1.4865,-0.001795530312384245,0.7632222222222222,1.29,0.20325346868954558,1.1255,5.0211960324320185e-06,train
norm_9_24.csv,norm,scenario_9,norm_scenario_9,0,14.703333333333333,20.56,2.804865756165944,19.506999999999998,0.006932543112318396,40.273,53.6,4.82090402497058,49.385,0.028583528830719834,29.92066666666667,60.82,8.609853487641452,43.642999999999994,-0.024901016586409846,1.2176666666666667,1.84,0.2438965059568864,1.6119999999999999,-0.0011623657241634766,1.0205555555555554,1.66,0.3184172977879606,1.541,-0.0019175206815656256,train
norm_9_25.csv,norm,scenario_9,norm_scenario_9,0,20.273666666666664,28.33,2.94276849318705,24.874,0.009095690826027906,40.224111111111114,46.96,2.54159902531716,44.919,-0.0071530641643001245,30.720444444444446,43.9,4.644962938401779,37.183,0.025038317487755687,0.9824444444444445,1.52,0.23960787775269116,1.4064999999999999,-0.0003702514713750667,0.8768888888888889,1.39,0.20920203902826331,1.1809999999999998,-0.0002474379553031238,train
norm_9_26.csv,norm,scenario_9,norm_scenario_9,0,19.75322222222222,24.63,2.337273850276432,23.756,0.005783676997160143,45.163666666666664,53.16,2.8929505369067003,50.632999999999996,0.0171681277523974,29.916444444444444,45.0,5.1851989681762,38.528499999999994,-0.013750833436226696,1.1573333333333333,1.49,0.21352998894716238,1.46,-0.00010355187883277761,1.03,1.3,0.18971889317346938,1.2855,0.0007135037247396796,train
norm_9_27.csv,norm,scenario_9,norm_scenario_9,0,14.479,22.97,3.3084970789390624,20.7255,-0.05795604395604392,39.88922222222222,43.79,1.8732596284166492,43.2715,0.00013260896406964756,29.57611111111111,39.28,5.143654254383666,38.3915,0.005454418240935079,0.9918888888888888,1.7,0.18504718162057443,1.3239999999999998,4.2885952998312474e-05,0.8971111111111111,1.37,0.2143149234001449,1.2519999999999998,-0.0006333292175988807,train
norm_9_28.csv,norm,scenario_9,norm_scenario_9,0,55.24688888888889,63.45,3.1496130115217444,60.808499999999995,0.012120014816644018,64.93444444444445,70.32,2.159826829882697,67.9705,0.0028892455858748035,40.16833333333334,52.48,4.813988103503597,48.724999999999994,-0.00751014528542618,2.487888888888889,3.55,0.4793804392057875,3.312,-0.003048195250442441,2.909111111111111,4.23,0.5066227558342484,3.8064999999999998,-5.169362472733306e-05,train
norm_9_29.csv,norm,scenario_9,norm_scenario_9,0,55.41111111111111,69.08,5.249425531854119,64.682,0.020217475408486646,64.89522222222222,73.51,3.45708821681288,69.759,0.004693336625920898,40.26888888888889,59.97,7.701890537568303,53.95949999999999,-0.012028974770547804,2.487888888888889,3.55,0.4793804392057875,3.312,-0.003048195250442441,2.89,4.48,0.6109138485392834,3.9665,-1.037165082108996e-05,train
norm_9_3.csv,norm,scenario_9,norm_scenario_9,0,15.233333333333333,19.67,2.3624487391145275,18.770500000000002,-0.0010483598798205597,40.13044444444444,49.62,2.9740423484102116,45.0275,0.004779026217228472,29.632444444444445,40.3,5.090812237595483,36.98,-0.00672181750833437,0.9745555555555555,1.52,0.23280005941884596,1.3909999999999998,0.0003393834629789689,0.8076666666666666,1.22,0.19104708520164593,1.1255,0.0007384450755237278,train
norm_9_30.csv,norm,scenario_9,norm_scenario_9,0,20.182,33.21,7.305032773384712,30.5525,-0.09753352265711818,45.190777777777775,53.41,3.790448441578473,50.9105,-0.0043123842449685,30.432444444444446,48.73,10.836436073107329,46.62,0.1704184055644729,1.4797777777777779,2.27,0.430176284162296,2.1265,-0.005485286249331196,1.1807777777777777,1.93,0.35071749179529965,1.76,-0.00023286825534016474,train
norm_9_4.csv,norm,scenario_9,norm_scenario_9,0,15.212444444444444,18.74,1.8003659497609574,18.019499999999997,-0.0017855702350084398,45.16544444444445,54.62,2.901034360714717,50.0275,0.0034945054945055036,29.733333333333334,40.0,4.818490369213395,36.98,-0.004791373420586908,1.003,1.25,0.13457757463821973,1.2155,0.0006493805819648516,0.8864444444444445,1.14,0.14260270189153684,1.11,0.0010681154051940575,train
norm_9_5.csv,norm,scenario_9,norm_scenario_9,0,20.10088888888889,25.78,2.6774239860355986,24.6415,-0.03521702267769684,44.779111111111106,55.85,5.760864410100322,53.260999999999996,-0.007327488990410347,30.126222222222225,50.0,6.97217931815042,40.455999999999996,0.0305041774704696,1.5024444444444445,2.33,0.28895126571370655,1.9765,0.0005862452154586981,1.1888888888888889,1.73,0.2002719748744189,1.51,-0.001285590813680701,train
norm_9_6.csv,norm,scenario_9,norm_scenario_9,0,55.322620527625574,90.1645335447566,18.16897394295611,83.04073441369636,-0.08540566680764664,67.59555820453711,87.56426802962936,10.800752387882183,85.05964279113539,0.0871273063089649,45.44092165842982,90.0,14.929017204608488,80.28128582860978,-0.07885603458020388,3.245099159086339,5.979932214242463,1.1892906217883705,4.9638022048161785,0.0010003713501945566,2.4925549701757364,4.93962300869018,1.0546851055727817,4.178953677019379,0.0001039154797530552,train
norm_9_7.csv,norm,scenario_9,norm_scenario_9,0,17.08577777777778,24.8,4.514004917974795,24.2465,0.007549244762727906,39.718888888888884,44.86,2.8864637376665447,44.338499999999996,-0.004988434786187603,28.453333333333337,39.75,7.377618598150442,38.696999999999996,0.017821459439436978,0.9786666666666667,1.48,0.28212755104062376,1.4009999999999998,-0.0015037247396797954,1.017,1.49,0.31469782188811474,1.45,2.8398567724410487e-05,train
norm_9_8.csv,norm,scenario_9,norm_scenario_9,0,45.271812192503155,63.70633410655629,9.343332114636835,60.37346590923732,0.3405708421900359,62.40322098973976,78.14827317117556,7.972354645138258,73.83141133700197,0.2839264304407946,54.22529688014037,73.72723197447175,9.495597114628971,68.62311862255281,0.31465937333587385,2.2507650400379093,2.977294230575021,0.4179816638863766,2.879633673450938,0.0014069962908746737,1.646453339132846,2.4867298346780125,0.43660858659978946,2.423290389838671,-0.0006466783150750463,train
norm_9_9.csv,norm,scenario_9,norm_scenario_9,0,14.86211111111111,20.46,2.596536800875759,19.0305,0.012833930114828996,35.12844444444444,40.71,2.301454796921321,38.874500000000005,-0.0006259208955838189,20.249333333333333,33.08,4.91637616611479,28.203,-0.03352134008313784,0.9862222222222223,1.43,0.18634013709245645,1.281,-0.0008047084002140186,0.9560000000000001,1.47,0.18019215710775557,1.23,-0.0006950652343910772,train
